fo_mean,fo_median,fo_std,fo_variance,fo_skewness,fo_kurtosis,fo_energy,fo_entropy,fo_min,fo_max,fo_range,fo_p10,fo_p25,fo_p75,fo_p90,fo_iqr,fo_mad,shape_area,shape_perimeter,shape_eccentricity,shape_major_axis,shape_minor_axis,shape_solidity,shape_extent,shape_aspect_ratio,shape_equiv_diameter,shape_convex_area,glcm_contrast_d1_mean,glcm_contrast_d2_mean,glcm_contrast_d3_mean,glcm_dissimilarity_d1_mean,glcm_dissimilarity_d2_mean,glcm_dissimilarity_d3_mean,glcm_homogeneity_d1_mean,glcm_homogeneity_d2_mean,glcm_homogeneity_d3_mean,glcm_energy_d1_mean,glcm_energy_d2_mean,glcm_energy_d3_mean,glcm_correlation_d1_mean,glcm_correlation_d2_mean,glcm_correlation_d3_mean,glcm_asm_d1_mean,glcm_asm_d2_mean,glcm_asm_d3_mean,label,label_name
73.6951219512195,61.0,37.52132911833303,1407.850138806266,1.8462572338955214,3.365365235719427,6729400.0,6.507961087235518,25.0,241.0,216.0,43.0,50.0,82.0,126.0,32.0,27.190164584572667,984.0,130.66904755831212,0.8505568399048828,49.52364393725227,26.0436486789587,0.9461538461538461,0.7420814479638009,1.9015632005996006,35.39587139793849,1040.0,3.046268174962294,4.099262936969662,6.068324016479502,0.7547906485671196,0.9849253434707221,1.4213045063343066,0.7565405476362667,0.6977569730907781,0.5927978232596243,0.3188570985941635,0.29504566845390945,0.2544966041709369,0.7466548629013141,0.6503587164589248,0.44925920358489,0.10222767123177473,0.08742530272015939,0.06506479541675705,0,benign
9.81502521416854,1.0,19.644557575558206,385.9086423394213,3.6754260292201044,18.071538223511205,15874487.0,3.7606729409502773,0.0,217.0,217.0,1.0,1.0,8.0,31.0,7.0,12.041168315987482,32918.0,698.9787514439402,0.43111384360486077,217.01106962702514,195.80855465750201,0.9891225961538461,0.7995045296675005,1.1082818623865,204.72542424816731,33280.0,0.33240102726507104,0.45654874355402353,0.7131191591826584,0.10939766879574755,0.14622905712897136,0.2181650553465047,0.9598747834157431,0.947779485628649,0.9255667369399285,0.8521362534155373,0.8468516842375369,0.8360915965816275,0.817091753743217,0.7483965537135049,0.6047469077911881,0.7261470369038823,0.7171708528770928,0.6990547656210117,0,benign
68.89082009789232,56.0,36.08693493601688,1302.2668730763155,1.4566336751366082,1.7933239516680333,60548650.0,6.733640092732894,19.0,220.0,201.0,36.0,43.0,84.0,122.0,41.0,27.892278377911758,7090.0,330.8355697996826,0.7562439041081156,118.60592627581622,77.60264915182401,0.985406532314107,0.7312293729372937,1.5283747084944515,95.0119380508171,7195.0,0.6840076529928788,0.9566572731413981,1.569263499889459,0.17898668367563417,0.2393169368741787,0.3634366062615589,0.938604261732042,0.9214373744834139,0.8908053206262677,0.6822357850453491,0.678739829384069,0.6714818246129791,0.919188459845358,0.8865826441549006,0.8122094194351561,0.46545324728076515,0.46069692732041995,0.4509010575465796,0,benign
70.04007679385649,61.0,30.82469498269918,950.1618207764401,1.7599597429725533,3.2598609285789486,24401011.0,6.482777643914322,19.0,226.0,207.0,43.0,49.0,78.0,113.0,29.0,22.141035110279724,4167.0,259.095454429505,0.8520924037181137,100.86023856648816,52.78937934133212,0.9830148619957537,0.8253119429590018,1.9106161092429883,72.8394754436866,4239.0,1.7605006244922234,2.3660439333496623,3.578137832504656,0.437661246316709,0.5753519220871732,0.8481420489157862,0.854082885998689,0.8146610103344157,0.7431971599158942,0.3522366786471525,0.334726374698048,0.3062846854891026,0.8043982460335706,0.7338922949190689,0.5809764329009053,0.12434772706876461,0.11226208348968482,0.09396246322922244,0,benign
14.296282547595057,8.0,16.367718040361876,267.9021938487876,1.2443221328048761,1.1237869288873252,8905895.0,4.999106949864466,0.0,107.0,107.0,0.0,1.0,25.0,38.0,24.0,13.41838921988841,18857.0,530.7178207935912,0.7317204519769477,187.8975188743179,128.0718613551648,0.9881052190316495,0.8110537634408602,1.4671256971369107,154.94992124899892,19084.0,0.1539790631943077,0.20560260374115433,0.3098000971654349,0.09315988366097627,0.12399509303885352,0.1858801283600632,0.9590343956647345,0.9455962926017839,0.9186956621293153,0.7174187047695364,0.7090904430205673,0.6920973658217984,0.8801437349993453,0.8397304212943341,0.7568527460290129,0.5147276400539829,0.5028558374179531,0.4790427999139488,0,benign
13.46621090205094,7.0,17.477096170799694,305.44889056338127,2.7207207275317744,11.523542432279786,24138343.0,4.974802069223364,0.0,184.0,184.0,1.0,1.0,19.0,35.0,18.0,12.144168607518115,49587.0,904.2813126546316,0.8391773896718122,341.44127179081147,185.69549954659004,0.9891287002313891,0.7712299365434864,1.8387159227041237,251.2690376962162,50132.0,0.20213261742404895,0.2662998373733466,0.40890606164909576,0.101076950393342,0.1324493810724519,0.19808191988449408,0.9566874957559696,0.9436542883193507,0.9172631623170344,0.7668900556939826,0.7581834918857447,0.7406903699744213,0.8627999780472264,0.818030571023495,0.7166691230300738,0.5881747919172383,0.57490863990254,0.548690594241622,0,benign
76.16412213740458,66.0,42.03282717242822,1766.7585601072199,1.2350981080267773,1.0076450448890846,29741187.0,7.022036435028477,5.0,228.0,223.0,37.0,46.0,90.0,145.0,44.0,31.822166540411395,3930.0,248.61017305526642,0.8090826025691816,92.58002125678448,54.40881001551459,0.978585657370518,0.8177278401997503,1.7015630599232996,70.7377650962284,4016.0,2.8628770457561283,3.9136752670920187,6.101276293153486,0.563994243812587,0.7561179422816775,1.151633492070203,0.8272040646969689,0.7779231783979641,0.6879441941522673,0.31151381610977463,0.2943230482698943,0.26322195115274805,0.8032907101031561,0.7290418024402511,0.5665122208956341,0.0973028016756255,0.08685807371260496,0.06950427858378629,0,benign
34.21706569840009,24.0,33.823877127582314,1144.0546639417862,2.4997906845681928,8.62891017187011,20400881.0,6.462229452773368,0.0,240.0,240.0,6.0,13.0,44.0,72.0,31.0,23.296265977214144,8813.0,367.22034611053283,0.7034721944812853,125.94608178645807,89.51274951744054,0.9833742468199063,0.7590869939707149,1.4070183573337662,105.92950536914155,8962.0,0.7086934561721543,0.975949813797509,1.5424801574633866,0.2746935664086318,0.3660342411234256,0.5566536139678607,0.8907420309980831,0.8578375931540136,0.7922731753267271,0.5035647702538386,0.4852067587450335,0.4493803310326429,0.8940285737359781,0.8520723208310015,0.7572111886155022,0.2538434085577802,0.2357027656946085,0.20220068698883342,0,benign
36.85535561268209,29.0,21.73518631001243,472.4183239309518,1.7683086442881324,3.867976221897658,21364684.0,5.939116754078317,11.0,186.0,175.0,17.0,22.0,46.0,66.0,24.0,16.3675051050416,11670.0,412.87720036002514,0.5423306128721684,133.16847379286574,111.88351290456477,0.9826540922869653,0.795392584514722,1.190242157541628,121.89628988225749,11876.0,0.5330982269913566,0.720126327694453,1.0989061972948087,0.21250728094716625,0.28261594305332083,0.4239473577245876,0.9155612201232206,0.8892364633178548,0.8377626202118741,0.4667559993688493,0.4520919840347518,0.42494612539458587,0.8539621540461616,0.8018931148496763,0.6939401138580849,0.2180014891243992,0.20450596752638234,0.1806618257886995,0,benign
51.66204032012967,47.0,26.13010426600475,682.7823489522797,0.9392201146967141,0.6318219211116802,33085112.0,6.542942438748786,5.0,153.0,148.0,24.0,32.0,65.0,88.0,33.0,20.802343648114885,9871.0,391.4213562373095,0.6845254114076225,131.78031742436409,96.0664017299506,0.9845401954917216,0.7909455128205128,1.3717628125055399,112.1077497146419,10026.0,0.575459431132243,0.7828006484539953,1.2180472331625414,0.2433271708826329,0.32593096120385495,0.4925994444617948,0.9008582434159971,0.8683989524578164,0.8049540806224116,0.36215110940970124,0.34376265347850654,0.3108016255386419,0.9030999930292747,0.8677097869448733,0.7912993173858014,0.13132916425160335,0.11833659949566054,0.09668006765234526,0,benign
134.70051237641624,137.0,16.139673974916818,260.48907601660727,-0.3051840088161335,0.6754643182940478,255034165.0,5.984405300020386,79.0,207.0,128.0,114.0,125.0,145.0,153.0,20.0,12.539944210717072,13857.0,515.4041122946064,0.9127761384704449,210.81897945251842,86.11115891223328,0.9620244376562066,0.6647956246401843,2.448219047514975,132.82801049249798,14404.0,0.7796049374822893,1.0853583521133299,1.8231790544226243,0.23862267157066044,0.32115763607050385,0.5062022779057802,0.9144076574779112,0.887201399487105,0.8297521170566976,0.4453745542855365,0.43069698624218367,0.4026724526754841,0.9700617629851368,0.9582269296612722,0.9293351088398482,0.19857456545879248,0.18573229538801,0.16238583162286663,0,benign
33.36300334095305,19.0,38.52703798913755,1484.3326562164475,2.148139767675933,4.832474544367287,73857713.0,6.416096261752076,0.0,234.0,234.0,3.0,10.0,40.0,86.0,30.0,27.118137300793283,28435.0,659.8721497261419,0.7261063933751903,229.82405144194988,158.02296429633702,0.9846596024655447,0.779788838612368,1.4543712204446806,190.274975902099,28878.0,0.7853817757391515,1.106231213797202,1.873338572340566,0.25700565238422307,0.33918923265550893,0.5093719154594026,0.9014698905175698,0.8750425208292796,0.8276281486763054,0.5574322049276688,0.5442850521381611,0.5206967506438309,0.9101742117854285,0.8729387411968055,0.7827066876389817,0.31087410952103794,0.29635808790734836,0.2712094089482866,0,benign
36.61301896463352,19.0,49.71665914432235,2471.746196472731,2.441264088704965,6.157165360325047,7437718.0,6.3486640612960175,0.0,244.0,244.0,1.0,5.0,45.0,92.0,40.0,33.336311649771,1951.0,187.29646455628165,0.8449413659368463,68.91131754819664,36.85783441442761,0.9540342298288509,0.7130847953216374,1.8696518296045639,49.84064959225855,2045.0,3.5721021939285444,4.784044386372496,7.186703397987729,0.6063499795199199,0.791420808759269,1.1487475482183722,0.8426606934300054,0.8030837551461398,0.7300048076834389,0.5866524408459953,0.5693289672726519,0.5326594234445196,0.7241342207937014,0.6301505778306287,0.43353247131744765,0.34431656349017276,0.3242900466936347,0.2839362659236848,0,benign
36.29214823454565,27.0,34.669969221699766,1202.006765833609,3.0238988185360167,9.347522271546708,95031539.0,5.995761640122369,0.0,231.0,231.0,14.0,20.0,36.0,59.0,16.0,19.83327052023357,37724.0,804.6589462905455,0.8855834204397511,323.6480046968592,150.32814194966664,0.9908073751116248,0.8455262686031917,2.1529435573362177,219.16133004156842,38074.0,0.7784341958179195,1.1087058995363173,1.9384305805458526,0.2672951642654102,0.3495950611594591,0.5205036610814957,0.8943425487631066,0.8677620963508904,0.8210170262547001,0.4829723655685034,0.4650209076085763,0.4366926035416234,0.9007613101037091,0.8576618286479644,0.7461633334611637,0.23363313890462434,0.21654070291515576,0.1908904601096197,0,benign
82.29362061681454,70.0,39.54161163863581,1563.5390509806984,1.0299364082308684,0.5377163729265519,19730789.0,7.007449765644324,15.0,226.0,211.0,40.0,54.0,104.5,141.0,50.5,31.724650788219726,2367.0,188.2253967444162,0.7135307004863016,65.88522800888613,46.16076964166509,0.9772914946325351,0.821875,1.427299165944096,54.89770489180882,2422.0,2.175353453934184,2.9067159621683025,4.370317236788092,0.5279630694344237,0.6883788376409578,0.9981275470330058,0.8217770976266082,0.7744929927348357,0.6917754813865401,0.28882632106453465,0.2719983696551892,0.24507518422949376,0.8422630791766557,0.7873126357702052,0.6676891582081755,0.08362278770548008,0.07405854135845917,0.06008205500599318,0,benign
72.65162454873646,58.0,46.32515548223774,2146.020030453501,2.472203940159185,5.22560274482116,37017453.0,6.254712517677996,24.0,240.0,216.0,43.0,50.0,69.0,124.0,19.0,29.052379152602008,4986.0,280.3086578651014,0.7454424014692215,97.78846914207335,65.18286436457186,0.9721193215051667,0.7670769230769231,1.5002174282359901,79.67667393942547,5129.0,4.442451194638691,5.975028845162771,8.479516802686526,0.6786057085275832,0.8830939447457306,1.2538068477341298,0.8393678172967944,0.8012380272547914,0.7257056762911139,0.386230926866744,0.3701832974959267,0.33795886384257995,0.7321750047422713,0.6372592453895598,0.47107386241073573,0.14934968564927917,0.1371899752368857,0.1143465281011257,0,benign
36.46027397260274,29.0,24.56212468601632,603.2979690914123,2.447998018575154,7.882126035387719,41619608.0,6.01084393783237,8.0,210.0,202.0,16.0,21.0,43.0,63.0,22.0,16.775502129378424,21535.0,623.2447327281723,0.8747762086083004,239.7518705368313,116.16629691303825,0.9713138784899192,0.7324082576607829,2.063867721601807,165.58748019059814,22171.0,0.5572100637160669,0.7618771778474274,1.1985942548665585,0.19475174252753746,0.2580784999759802,0.3883504994531143,0.9250392499012028,0.9030112905518028,0.860117927504803,0.4790611718722767,0.46501750151502064,0.43843593989491136,0.8685397691672543,0.8193151861047001,0.7116963246735831,0.22968295336705755,0.21642752148653574,0.19240267226801147,0,benign
124.29451961186278,124.0,16.718722764889122,279.5156908892218,0.4000020277533182,1.2484314347773342,345259449.0,6.05427121311623,72.0,208.0,136.0,103.0,114.0,135.0,144.0,21.0,12.697347983304745,21951.0,619.2924599429249,0.8483717487767322,230.8676671393579,122.2215644919423,0.9563455757417331,0.6803136428438604,1.8889274417247237,167.17918903524313,22953.0,0.7628932310707994,1.0615755318844942,1.7530006089865728,0.22266222468520389,0.3003337011326179,0.46885569450757575,0.9206296867171367,0.8950652984339473,0.842776536239888,0.43240529614464523,0.4178273327184997,0.39050995942387007,0.9648826261531223,0.9510242810641469,0.9185054599181746,0.1871559059880622,0.17476347055734426,0.15265958935800805,0,benign
75.02933643771827,58.0,49.89995183288319,2490.005192924062,1.9319946107757284,2.9184548175502467,34872851.0,6.730137588983988,10.0,239.0,229.0,38.0,47.0,78.0,160.5999999999999,31.0,34.40765619388492,4295.0,261.58073580374355,0.8377975078013019,100.26441097611888,54.742471041751394,0.9785828206880839,0.8116024187452758,1.831565310591268,73.94973863806095,4389.0,5.737140601772273,7.575464305003248,10.265422705716341,0.8062618291173043,1.0463418704048202,1.4441418293025712,0.8148294403858369,0.7691010164452251,0.6872909514749275,0.323208842797867,0.30476938808158294,0.27342450905027077,0.695047231808709,0.5930959108511945,0.4314377575978666,0.10476289780775452,0.09316069332956944,0.07500907239843245,0,benign
113.6353390292674,112.0,13.252573399436619,175.63070170745507,0.4722898454846982,-0.06077706082402212,72000504.0,5.709209028034426,82.0,161.0,79.0,98.0,104.0,122.0,133.0,18.0,10.597569459120008,5501.0,294.8944443027283,0.786058319683107,106.80285577612406,66.02043544212468,0.9755275758113141,0.7863064608347627,1.6177241949540058,83.69044590386724,5639.0,1.3203968463402427,1.8312706677167179,2.9738065996142895,0.332404880235069,0.4506147797760416,0.7026013163389158,0.8922382799142508,0.8565656542323559,0.7841423875800532,0.4222931142192087,0.4000591682355715,0.36167406085114395,0.9031121231211903,0.8643055017059127,0.7721077703746272,0.17884455226701695,0.16062678889681523,0.1312476892967951,0,benign
56.196429888618425,38.0,44.63959410539832,1992.6933618947119,1.8243798048618567,2.540082094491659,69828475.0,6.606051111267398,8.0,240.0,232.0,24.0,29.0,64.0,128.0,35.0,32.67972979643988,13557.0,456.13203435596427,0.7447134014065243,161.03864615775578,107.47468173911611,0.9838885260178533,0.7254387842465754,1.4983868158703717,131.3822990664062,13779.0,0.98356403530754,1.4030797096338676,2.3395342557725534,0.26530286902242434,0.36352757973892386,0.5710494191986765,0.9053773204923246,0.8749503081671842,0.8166368111308979,0.4191682066437009,0.40766280314751224,0.3853734527315873,0.9260364177151783,0.8942575094213108,0.8224478910940393,0.17576696430934097,0.1662729825157867,0.1485810414275965,0,benign
40.8801580333626,37.0,20.824253272401748,433.64952435313495,1.3314170405950807,2.1221696528244287,14384455.0,6.099838408966803,10.0,134.0,124.0,20.0,25.0,51.0,67.0,26.0,16.052449368095225,6834.0,316.75230867899734,0.5664596247431206,103.22878583099377,85.06975784503993,0.9835924006908463,0.8609221466364324,1.2134604405367144,93.28086110623177,6948.0,0.4709554824698112,0.6259796084735653,0.95428669222747,0.21996324040307233,0.28972909386751855,0.4296376536553721,0.9086438113496877,0.8801066834231026,0.8246488641625037,0.4229659045465587,0.4059097105066939,0.37633164604535413,0.8667551565343229,0.8220858188845254,0.7235986141933316,0.17910840902360528,0.16496525176761118,0.1417354404146614,0,benign
84.21756021756022,82.0,18.673566472453846,348.7020848011524,1.1474019846329873,1.6361440435601553,38307810.0,6.030864331115152,44.0,159.0,115.0,64.0,71.0,92.0,106.0,21.0,13.810891172196534,5148.0,291.0304832720494,0.8402404339470351,110.2175148003037,59.761478692249305,0.9818806027083731,0.8068965517241379,1.8442902888645931,80.96071378327032,5243.0,0.852296037684156,1.144331254906741,1.771892309668893,0.28491232358887486,0.3786656048690568,0.576122825193098,0.8964144082854558,0.8638011216893781,0.797469038400076,0.391351653388056,0.37121419004419187,0.3349525908368576,0.8945767162612731,0.8568012518978171,0.7699889120076726,0.15360043527736017,0.13828697873203347,0.11257717382929353,0,benign
56.68512110726643,43.0,44.44513534049773,1975.3700554351599,1.5195937917766684,1.6321492808637723,14994976.0,6.806348584369287,8.0,208.0,200.0,18.0,24.0,69.0,132.0,45.0,33.38697333604722,2890.0,212.46803743153544,0.824952311399953,80.93863477565637,45.74670568385156,0.9796610169491525,0.8420745920745921,1.769277887133793,60.66021994919422,2950.0,1.6536701934429212,2.227751101068115,3.6213484760853194,0.5103923120572171,0.6655927329504442,1.0092310866283911,0.8171166522980056,0.7715475186307021,0.6820804121495183,0.3366244075612273,0.3184090215894061,0.2869734211066096,0.8713976742159939,0.8207424121820102,0.6865037692529423,0.11377171278273247,0.10177427273469879,0.082661980156051,0,benign
48.27979274611399,39.0,29.376569845977507,862.982855915595,1.733543299762928,2.599725573828086,6164268.0,6.219975238014297,11.0,185.0,174.0,23.0,31.0,52.0,97.0,21.0,21.015581626352386,1930.0,166.8111831820431,0.6395604426570677,56.76122692332072,43.63467182850393,0.9767206477732794,0.8205782312925171,1.3008285508919994,49.57168870775802,1976.0,0.909391167775314,1.2990970792418963,2.2296494037060084,0.3532355347904128,0.47877172934337553,0.7379851368058916,0.8653992952841998,0.8226357043028709,0.7424624838180806,0.4000994596618073,0.379120855983989,0.34274157014883705,0.8629775096384136,0.8041892066746155,0.6631071748668569,0.16028630982066772,0.14398935953983377,0.11760270996076413,0,benign
20.08654442877292,15.0,19.69899762020834,388.05050724097384,1.4978465879637293,2.5991550103197554,14029688.0,5.722399429839224,0.0,124.0,124.0,1.0,4.0,30.0,46.0,26.0,15.190977135797857,17725.0,517.8832970144351,0.7503678278077157,185.6954750209846,122.74851877598059,0.9896705750977107,0.820829860146337,1.5128123489610814,150.22706457370043,17910.0,0.21245225596499206,0.28312699686196163,0.4278960044413852,0.1280540174474892,0.16782041312492546,0.24727148293470555,0.9430776839592153,0.9259196069561371,0.8922847088389934,0.6243193713579307,0.6134442133926233,0.5930620066893265,0.9017763862747497,0.8680682826936936,0.7956757125026734,0.3898427555975639,0.37637715220677115,0.3517615314659255,0,benign
82.51040270823049,82.0,15.863368626475843,251.64646417945806,0.4616955022870676,0.7257365312795714,100098253.0,5.985636417429536,41.0,147.0,106.0,64.0,72.0,91.0,102.0,19.0,12.231204694099837,14179.0,466.71782079359116,0.6308381629809552,153.44777289941297,119.06234217791628,0.9778620689655172,0.7320082601961797,1.288801900689255,134.36243338373964,14500.0,0.5882573509504991,0.8114647837695594,1.3000956744859062,0.2186372569157024,0.29254032764377896,0.44980123222959034,0.9167647739869356,0.8904560888232573,0.8360161223243454,0.4203662814131857,0.4039113772130371,0.3728100808610294,0.9333022204187906,0.9076631398292947,0.8501044554357307,0.17692109546781076,0.16331601791660955,0.13911170021231528,0,benign
37.79039634146341,28.0,37.268411566202786,1388.9345006678775,2.2788977903182146,8.059344059167936,62831451.0,6.559729946782647,0.0,238.0,238.0,2.0,12.0,54.0,80.0,42.0,26.673874531966266,22304.0,593.4284989122459,0.7834997354042302,214.27248101546988,133.14723086058902,0.9830314249195645,0.7420814479638009,1.6092898037047616,168.51805483618978,22689.0,1.9141013262336792,2.573170659302827,3.3003944820981865,0.29104419001477816,0.37881452305365687,0.5090111434035736,0.9234408189501655,0.9032399069991188,0.8655507037512321,0.5090652360757411,0.4990394800641776,0.47865204493763513,0.7686560291436343,0.6885130504905181,0.5988413287693166,0.259215102314636,0.24911048478996328,0.22917188146183687,0,benign
54.46378535553793,50.0,27.249727660505002,742.5476575716914,0.6313859353778594,-0.07603318275760662,28061171.0,6.682259198511281,0.0,157.0,157.0,23.0,35.0,69.0,96.0,34.0,21.79951137890345,7566.0,378.65180361560897,0.9254930774417832,159.97321261546617,60.592177510772686,0.9841311134235172,0.8416017797552836,2.6401627930771183,98.14953079595561,7688.0,0.5685797882815037,0.7701154253687255,1.2300161222900154,0.2846567640154081,0.37310085720230124,0.567800852957434,0.8785885585905686,0.8431152721665826,0.767352775640556,0.3354041530536373,0.31692956926379423,0.28153642988141103,0.9087068395871112,0.8750958450822922,0.7951629333295531,0.1130723433181629,0.10110204385941447,0.08002021061326545,0,benign
40.01651376146789,30.0,31.639282099000393,1001.0441717401267,1.033478967601547,0.4259247666796373,12764603.0,6.637355955829374,0.0,176.0,176.0,8.0,16.0,61.0,87.0,45.0,25.84053493439572,4905.0,287.96551211459376,0.8535736034700975,109.97894161914998,57.29597858782687,0.9726353361094586,0.6835284280936454,1.9194879698331244,79.0268306774729,5043.0,0.8842171524923554,1.2324108781641885,1.9905302813043273,0.30380399581307366,0.407897805122184,0.6226790305244653,0.8878288452864405,0.8539238322888125,0.7893797264901408,0.5003521277268912,0.4852842203311609,0.45518032741257564,0.8589169350214614,0.8029597967687542,0.6800567914722747,0.2505114482335183,0.2356404833421981,0.20742140009576157,0,benign
50.02472624514306,32.0,52.62521281069405,2769.4130233708374,1.2239560092988806,0.7142744862318842,29849420.0,6.678095975111848,0.0,216.0,216.0,1.0,7.0,77.0,129.0,70.0,42.401765860912406,5662.0,306.1076477383247,0.8541508871821125,118.03535392907008,61.38136458202908,0.979076603838838,0.6958338453975667,1.922983542852481,84.90631485520079,5783.0,1.1357833853677097,1.6248090839613267,2.83137740015869,0.3306027102609887,0.44981205625361365,0.7142860179957404,0.8821866593681735,0.8466595138135664,0.7774812281570674,0.5236202107220312,0.5112890703609484,0.48492580412539665,0.926319715197988,0.8941915293243886,0.813831586365263,0.27425288718388585,0.2614948610460642,0.23525433183081051,0,benign
11.771593533487298,1.0,16.678546923630538,278.1739274837457,1.4343796724074938,1.056071152325715,1804503.0,3.847337047655617,0.0,81.0,81.0,1.0,1.0,21.0,39.0,20.0,13.729329080639397,4330.0,252.06601717798213,0.29756438130288404,76.62589159565503,73.15487310373743,0.9736901281762986,0.7699146514935988,1.0474475362290017,74.25043588224418,4447.0,0.2240141565502055,0.30207669558064265,0.46917986230592224,0.14036446865033742,0.1834373241582255,0.26875575430472765,0.9380096211929305,0.9199196116851904,0.8853748006646616,0.7535036511193471,0.7426598947916927,0.7211894335878113,0.8114356548057187,0.7447573632614101,0.6000289942974276,0.5678245648970821,0.5515710264020701,0.5201447747918773,0,benign
24.291441788743253,10.0,30.779329598947886,947.3671305606694,1.4700672085964035,1.5354515255987877,5982184.0,5.267980927529026,0.0,146.0,146.0,1.0,1.0,37.0,71.0,36.0,24.261067441679362,3891.0,235.58073580374355,0.4742438449884876,75.32481973922295,66.3154842815604,0.9769018327893547,0.7955428337763238,1.1358556837104734,70.3859010638105,3983.0,0.6137578246170559,0.8595892330185125,1.4269571020489746,0.26039517543044427,0.34555235749593166,0.5186328619363744,0.8965153846796748,0.8667815372347649,0.8117228645039688,0.6218969948535865,0.6081870775837891,0.5829432206165728,0.8743500602021667,0.8227768906291528,0.6999793770285727,0.38682381036982866,0.36992920439751115,0.339827797252546,0,benign
51.30446841294299,39.0,41.83085827740508,1749.8207042243491,1.7039011234390362,2.821475053473991,28438980.0,6.860867853813481,0.0,215.0,215.0,14.0,23.0,63.0,110.0,40.0,30.659220182288266,6490.0,347.4507934888324,0.8765071722857992,131.96731872446594,63.527589222757115,0.9721390053924506,0.740191605839416,2.0773229448661663,90.90283078832697,6676.0,1.5887910569299186,2.204199408879528,3.6396439496540998,0.4155625986898712,0.5577695877359392,0.86993503616086,0.8545713408269523,0.8124820868448747,0.7296499146276973,0.3998377958789085,0.38124270358469775,0.3435978344070801,0.8610750751650662,0.8053200310880735,0.6712240579567539,0.16017238223626226,0.1456182375243426,0.11836999672101499,0,benign
20.14562440419447,6.0,30.354808653724188,921.4144084042089,2.558949003125938,9.169544328196011,69614818.0,4.945038348890515,0.0,243.0,243.0,0.0,0.0,32.0,56.0,32.0,21.730458482680408,52450.0,939.1513703397205,0.8423492622917297,354.48420184640605,191.0428863459147,0.9897720410628019,0.7461943377436335,1.8555215984569762,258.42100170334317,52992.0,0.4620909083136565,0.6272835724108516,1.0160218823377987,0.13277714448046027,0.1732555217385764,0.25934457541413236,0.9524277858480912,0.939841728285771,0.9155226124813782,0.7125061735809883,0.707035205368886,0.6957471811561688,0.8957988977443379,0.8573952857324139,0.7647122411870368,0.5076930758454361,0.4999340490947895,0.4841090280464598,0,benign
13.879420792739891,1.0,23.694434058441345,561.4262053498252,3.0096843854976854,12.370355369487779,11300411.0,4.171191424165133,0.0,208.0,208.0,1.0,1.0,20.0,42.0,19.0,16.1940237954018,14986.0,496.85385976291224,0.8182375404451013,182.93757728375294,105.16720423111218,0.9807591623036649,0.760093325218097,1.7394926357625236,138.13315249208333,15280.0,0.5584860031755952,0.7762543949354266,1.238929014339992,0.17558757914509593,0.23194108250549933,0.3431546870362181,0.9384734376836612,0.92146155591982,0.8900281907159048,0.7669320852715955,0.757660827682161,0.738743085573354,0.7848507847581987,0.7002594355006632,0.518752365533376,0.5882393912704791,0.5741332195208142,0.5458476728649853,0,benign
77.75055946646906,77.0,32.525149653854534,1057.8853600056339,0.3700717906527157,-0.15371871991301012,479277277.0,7.0203547748995385,0.0,207.0,207.0,37.0,53.0,99.0,120.0,46.0,26.431456297469143,67475.0,1007.1097397793778,0.6572796181571647,339.41584068564777,255.7996631939609,0.9878196963707966,0.8053735333786897,1.3268814995596168,293.10721294605685,68307.0,0.46664609169063004,0.6657317442283524,1.172756287601587,0.2795332217873659,0.37235569523300394,0.5734128779069154,0.8725701994208328,0.8343290941617922,0.7585718331030138,0.29896733052384916,0.28345735263061944,0.2572411581560212,0.9585813965286839,0.9408436495543383,0.8953801743755512,0.08966206992341799,0.08054082555318158,0.06632908363360812,0,benign
18.47077066211816,1.0,32.77563611713109,1074.242322882588,2.3982084208680976,5.759183105067326,9127990.0,4.347763810155124,0.0,187.0,187.0,1.0,1.0,19.0,66.0,18.0,22.773049830413136,6449.0,313.2792206135785,0.6705624681793058,105.40510317420797,78.19509929826337,0.9738749622470553,0.7751201923076924,1.3479758209930286,90.6152405724173,6622.0,0.8466100363014152,1.1531641084379585,1.8567581279378749,0.25319191300895244,0.33477542206604793,0.5054775360777837,0.9133451651426552,0.8893869896980415,0.8454008331903513,0.7571880777707416,0.7465321344489853,0.7258188878801319,0.8406050579175322,0.7803009226347692,0.6349461120220166,0.5733835204399853,0.5573610809741225,0.5268471865450841,0,benign
72.62645590682196,52.0,43.56223462025281,1897.6682851099526,1.0869149778790563,0.0001870835432975504,8621069.0,6.7163428633306035,24.0,198.0,174.0,34.0,40.0,99.75,144.9000000000001,59.75,36.11546479660909,1202.0,137.01219330881975,0.8101389194539064,51.29196781255364,30.069297937912875,0.970137207425343,0.8289655172413793,1.7057919981524463,39.1207608920336,1239.0,4.004890796219968,5.449408806489204,8.352384067218075,0.893156353674475,1.1553666515867427,1.6768744447788844,0.7350403914310586,0.6796597963200489,0.5791044053016953,0.3117405041092537,0.29559101466307086,0.2674359444248172,0.7133834218371519,0.6048524375935121,0.3635480967889624,0.09746939432594334,0.08754547637697085,0.07164984442435705,0,benign
44.90533015115354,35.0,34.44190494816196,1186.2448164582236,1.322882987634609,1.5475619606194675,4025836.0,6.674071766062193,0.0,189.0,189.0,12.0,20.0,61.0,95.0,41.0,26.711034910942637,1257.0,149.42640687119285,0.8965946554543486,60.81577258429035,26.932395440379835,0.9835680751173709,0.833554376657825,2.2580899912493133,40.005775929634204,1278.0,1.7817969658895254,2.5239038785624546,4.080180831240844,0.6514977430313187,0.850047503540017,1.2053414496079868,0.7597671057729306,0.7014584357184204,0.6122477937272848,0.33710782165242886,0.31361782072038186,0.2786076856526469,0.7842506322827358,0.6943407496696385,0.5053674090766331,0.11423199687290274,0.09872113312064004,0.0779941051738115,0,benign
69.19962284482759,53.0,58.20997314272954,3388.4009732772943,0.7328112457637228,-0.4278173922577997,91058947.0,7.329012149187181,0.0,244.0,244.0,2.0,21.0,115.0,152.0,94.0,48.921674162161246,11136.0,401.11984104714446,0.6492055737487944,136.67270654021004,103.95503619366622,0.9878470682160916,0.797422126745435,1.3147290554119133,119.07474782744985,11273.0,1.3380799390667812,1.991847125389275,3.702646521707706,0.43863497613497615,0.6027286809047671,0.9750895950390525,0.8306646172561761,0.7804995088454716,0.6847430302469693,0.37397889151469005,0.3598728648549894,0.3318925607149447,0.9407222500786838,0.9118237783130727,0.8365080035348664,0.13997227119787248,0.12961392438324354,0.11024503997007934,0,benign
23.810009837678308,12.0,28.93897497582037,837.4642726511576,1.6574508864707032,2.854677146800382,22840850.0,5.593535573941651,0.0,173.0,173.0,1.0,1.0,39.0,62.0,38.0,22.621005741710377,16264.0,510.22644276494265,0.8245828862165197,191.974133827628,108.60766977933876,0.9865340288729831,0.8229103420360251,1.7675927880385172,143.90263359498564,16486.0,0.36752624496323777,0.5076722988392326,0.8358693239002934,0.17540368499365747,0.23299311270119807,0.35476311269028726,0.9269058912978065,0.9050265186962604,0.8619364695969771,0.6317769143250721,0.6222179936529717,0.6031530251648205,0.9185517620241834,0.8865892443703791,0.8094850995264249,0.3992038684381306,0.3872308402573367,0.363866191961851,0,benign
64.85858403891191,59.0,24.728167206092397,611.4822533724636,1.0198540184249962,0.9416759079500521,26745374.0,6.3860158294385245,26.0,183.0,157.0,39.0,45.0,79.0,99.0,34.0,20.107791750792128,5551.0,304.4507934888324,0.8172951009996618,111.06475707433627,63.99766006375594,0.973859649122807,0.7212837837837838,1.735450279958533,84.06992751766168,5700.0,1.055559094369109,1.3924084245152,2.1179317103095068,0.29831747791250385,0.3936092056326556,0.5996408387395984,0.899078534915804,0.8687449360170564,0.8053793064858291,0.38773638659209686,0.37274540123855016,0.3427725590637349,0.8590514746119391,0.8125189016507539,0.7083337121244299,0.15055435765355565,0.13916152577114696,0.11775565653511123,0,benign
68.40155945419103,64.0,38.36213712529015,1471.6535648195645,0.9779970392862756,0.8807877374453659,12620676.0,6.975920847086867,2.0,204.0,202.0,24.0,42.0,84.0,125.0,42.0,28.677936991058978,2052.0,183.98275605729688,0.8574763775973373,71.66321187099818,36.872394741032174,0.9702127659574468,0.8142857142857143,1.9435464491610643,51.114455350678966,2115.0,2.909808570771302,3.9230928784557313,5.992901580378339,0.6742940944493739,0.8962495686680471,1.3452851000990491,0.7845111192990352,0.724967276614506,0.6172084514131528,0.28746926742545853,0.2661474988914644,0.22898006568002122,0.7535051184563824,0.6631741985414443,0.46284539641341516,0.08312989722388026,0.07125781629981878,0.052847868429208855,0,benign
13.751108540582225,2.0,23.24990461504754,540.5580646088089,2.772713767870569,9.260163391617734,7569400.0,4.426333606169855,0.0,160.0,160.0,1.0,1.0,17.0,42.0,16.0,15.930492653606104,10374.0,408.22034611053283,0.8066694362327432,149.7798040018805,88.52029761919331,0.9814569536423841,0.7692992213570634,1.6920390919404757,114.92861713725863,10570.0,0.28294348009686915,0.368857359639388,0.5487676056789506,0.12008885230323907,0.15443022449116173,0.2242675651621851,0.9510747721399024,0.9380034525010816,0.9126140563556981,0.7872344217724121,0.7812855711479858,0.7695494415444092,0.8869521149084181,0.8496871021473689,0.7672972658018027,0.6197592739496307,0.6104210989357086,0.5922166915242049,0,benign
33.42146118721461,10.0,58.99218658627792,3480.0780782302286,2.4131200718903245,4.785691624913392,20135176.0,5.744747818907135,0.0,246.0,246.0,1.0,2.0,28.0,107.0,26.0,38.865546381434925,4380.0,283.2375900532359,0.9033123513454824,114.53274488047519,49.132651440454374,0.9761533318475596,0.7307307307307307,2.3310922883793794,74.67790306335611,4487.0,5.993722603392413,8.10752359664858,11.115390692553477,0.7047853814363244,0.9193733062826022,1.257618379274827,0.8619451713270532,0.8323469768334758,0.7807147332484667,0.671616688446151,0.6579810740949826,0.6330185510038311,0.6657931972377551,0.5470411613491911,0.37416445533158776,0.45118549956192633,0.4330926815607937,0.40094003369902037,0,benign
29.821378340365683,25.0,20.60685814286013,424.64260251996086,1.3640064643236431,2.3088089874788356,68198321.0,6.144318870452559,0.0,143.0,143.0,8.0,15.0,39.0,57.0,24.0,15.550594499915496,51903.0,893.1269837220808,0.761942318905058,320.56724137333606,207.61373555867073,0.9922573984858912,0.8111618166473916,1.5440560351689505,257.0699361854458,52308.0,0.2317744487701306,0.3083053222079222,0.4613113893533645,0.16282108512880383,0.21147297963077233,0.29847008021205995,0.9240849096224946,0.9020472982640184,0.8640906751521362,0.4856709460735631,0.4688858507497361,0.44200269886300353,0.9218187547879004,0.8956708538687314,0.8426183181008642,0.23604032957103033,0.21997163795909075,0.19540483826718574,0,benign
76.222427423299,74.0,38.064187202346794,1448.8823473753014,0.6328457388191214,1.1076648645727856,994396677.0,7.201840109933445,0.0,243.0,243.0,28.0,52.0,98.0,123.0,46.0,29.25034009585152,136993.0,1477.0823945689083,0.7914577743172275,535.9224685611955,327.5685930729708,0.9912949723581,0.7584933448497331,1.6360618200103534,417.64207756391613,138196.0,0.807386485376069,1.0803181283698793,1.5559423114224535,0.27623222638684025,0.359539792531949,0.513888005644867,0.8894849273719543,0.8585755374617768,0.8020214221226398,0.3413813560571238,0.3301244976589728,0.31132402199615017,0.9406317439295723,0.9205232420773685,0.8853269074581787,0.1166471128453076,0.10905338813402135,0.09696616833107091,0,benign
72.34511295012301,64.0,42.93443605962453,1843.3657997579871,1.0955249928328228,1.1834291808812782,31642077.0,7.1984773092249705,6.0,248.0,242.0,26.0,40.0,97.0,130.0,57.0,33.65375312389928,4471.0,253.68124086713192,0.5617550528633329,83.61754288073627,69.17709495637696,0.9856701940035273,0.8363262252151141,1.2087460876098577,75.44967862430504,4536.0,1.7535062429854096,2.4566224969455472,3.95589547886782,0.48346410148493485,0.6518810843204306,1.006611141632239,0.8249625203675723,0.7715763290850112,0.6686724101971551,0.27520699865251447,0.25522259722205165,0.22101315093193985,0.8762785130346814,0.8255033774749041,0.7120531095546581,0.07590249584486504,0.06521736280595511,0.04885071244904498,0,benign
95.6271551724138,91.0,30.93074268517297,956.7108430563811,0.9096689211640059,1.1037494003399502,14060959.0,6.716945733548279,38.0,226.0,188.0,63.0,74.0,112.0,136.0,38.0,24.051739620491478,1392.0,153.25483399593904,0.848753044435956,58.41650205093139,30.890029279514156,0.9686847599164927,0.7877758913412564,1.8911119028842234,42.099280828433955,1437.0,2.9418056229282907,3.8655150871414565,5.483331389591272,0.63742353194815,0.8312725593055343,1.19620854771168,0.8018153508759934,0.7491001404199049,0.6543845525864881,0.3104003237985995,0.2901022641189246,0.2553946057650953,0.7789995611067264,0.7054574653947369,0.5605137435829012,0.09670389207119226,0.0844462283723086,0.06551681739886653,0,benign
41.74601910828026,26.0,37.25770962938625,1388.1369268276605,1.3843912213594234,1.0449162745712064,3932369.0,6.515547301243732,0.0,179.0,179.0,10.0,16.0,58.0,102.0,42.0,29.56949064870786,1256.0,136.18376618407356,0.7667061179155303,50.0997393884942,32.16394406658391,0.977431906614786,0.8620452985586822,1.55763669047492,39.989859566987285,1285.0,2.04380601394567,2.883855029703175,4.633770191066121,0.6440442441785288,0.8554356944154325,1.2752577521327668,0.7683746595440102,0.7096687643981998,0.6045002255879132,0.3892096823197672,0.36241922384043734,0.31647352168403986,0.7680983330791942,0.6704929114343525,0.4484091607333412,0.15203407275571718,0.13196554961893286,0.10056203721975462,0,benign
48.95917420552076,40.0,34.60742426967577,1197.6738145813435,1.0128950521593267,0.36843628430427255,30993284.0,6.833048713202437,0.0,178.0,178.0,13.0,22.0,69.0,102.0,47.0,27.728992057507885,8622.0,356.45079348883235,0.7194168417488531,126.14520556625054,87.61775812044918,0.9862731640356898,0.8383082158483228,1.439721904238148,104.77533753086445,8742.0,0.7693475144878885,1.0450142249520558,1.6669515612863544,0.2822417162457267,0.37767507832019553,0.5842231826845588,0.8891062204953143,0.853679661262439,0.7807547080471642,0.36914590098201683,0.3511823295451184,0.31702001851002587,0.9094021321486332,0.8761491676741383,0.7987016202555626,0.13648605812427206,0.12353155096085745,0.10066175617505267,0,benign
91.00998003992017,84.0,33.53738790402066,1124.7563874247512,1.0465150403911805,1.357655931476632,14139582.0,6.769286727201878,36.0,226.0,190.0,55.0,64.0,113.0,137.0,49.0,26.916556773346187,1503.0,145.39696961967,0.5927523077429295,48.7821010123847,39.28836344256449,0.9766081871345029,0.7969247083775186,1.2416424798070063,43.74561733176193,1539.0,2.5742094526923527,3.4843367396124543,5.241762730263487,0.5728208583716272,0.7693117404570211,1.1671073461199706,0.8271847105395,0.7734766499214072,0.6687730180638983,0.30037694312668906,0.2801466129202894,0.24539306467116823,0.8030288306372928,0.7283248694075622,0.5666315700399212,0.09036542456484929,0.07860901563134166,0.06025689584816087,0,benign
86.28352593388874,79.0,33.885209736669445,1148.2074388980777,0.7502726045805784,-0.1993143969859874,31974755.0,6.832881488433253,33.0,193.0,160.0,49.0,57.0,108.0,135.0,51.0,28.213985990450134,3720.0,237.92388155425118,0.7084598755173964,83.19639116603985,58.71594397027629,0.9833465503568596,0.7598039215686274,1.416930147766274,68.82187956177022,3783.0,1.5268261731881134,2.1217907860731726,3.5777765618748703,0.44852341037262006,0.6048754198581315,0.9415737873685093,0.8401372442815376,0.7907449575376433,0.698021341827703,0.3206032808642881,0.303120451645409,0.27111979893461713,0.8919854675817404,0.8496233746788435,0.7445725631129805,0.10296066493015886,0.0919384751533419,0.07353224294650773,0,benign
12.855447298494243,1.0,25.47695964953742,649.075472984158,3.680534451797511,17.625523222448845,9193876.0,3.8429363396087264,0.0,231.0,231.0,1.0,1.0,15.0,40.0,14.0,16.227993011365555,11290.0,403.56349186104046,0.604938380920569,134.89945128509945,107.41669461058358,0.9853377552801537,0.8207924391130498,1.2558518186967935,119.89526454393429,11458.0,0.5996649954078019,0.8167774995643851,1.3234709017978115,0.18508060006151594,0.237689629923846,0.34491762631021333,0.9353715258201342,0.9192552084280071,0.8893692762457956,0.7807827035613986,0.7721863229122863,0.7553472187621265,0.8069967421755619,0.7329946903257334,0.5577030393185349,0.6096640585448831,0.5963180475368658,0.5705885458521074,0,benign
29.24977895667551,24.0,16.470472667450917,271.2764698892477,1.5721893297326646,3.245777246772093,10195522.0,5.754361745259726,0.0,125.0,125.0,14.0,18.0,36.0,53.0,18.0,12.41583682585695,9048.0,405.634559672906,0.8744508196550336,155.13729916376988,75.25930309042926,0.9683219178082192,0.7203821656050955,2.0613703926724076,107.33252722620368,9344.0,0.4139745175769095,0.537766711992756,0.7773093717630906,0.2290282382958423,0.29534215741615644,0.41723014717287366,0.9005881815177386,0.8725128387178391,0.8225865819990195,0.49220112748682054,0.4710396863020744,0.4359643381075953,0.8046251034654675,0.7453108853291323,0.6278241463578758,0.24271252240822871,0.22223789102884933,0.19030830339699825,0,benign
16.467231822627976,7.0,24.530567935145605,601.7487632207936,3.066192156874397,12.205983245385015,2677241.0,5.207688314774616,0.0,190.0,190.0,1.0,2.0,22.0,43.0,20.0,16.141226976398954,3067.0,215.37362902255703,0.5438187646444129,69.13248009581422,58.01616311109426,0.9761298535964353,0.7383245064997592,1.1916072416480472,62.49020470203906,3142.0,0.5973717777154322,0.8181711492700501,1.245956692929296,0.2104834763254061,0.28166639929418424,0.41098476840259324,0.9198346581979929,0.895446925859842,0.8541592234783096,0.7327781228597731,0.7198944593074537,0.6953564100460976,0.7918168478358898,0.7105166710085802,0.5426090424806655,0.5370260528249448,0.5183265238820043,0.4835598696296674,0,benign
29.069041095890412,26.0,15.96028119404015,254.73057579283164,0.9657948368013206,0.8629954347300388,2007025.0,5.835026325437609,1.0,89.0,88.0,11.0,18.0,38.0,51.0,20.0,12.44105415650216,1825.0,166.39696961967,0.7595781011440229,60.06460511970857,39.06698644656085,0.9775040171397965,0.8209626630679262,1.537477307134249,48.20437914901168,1867.0,0.4717036772092174,0.608948045790151,0.8863966499931413,0.25821797662171625,0.33419207925786876,0.48877970413058136,0.8903578844132516,0.8583224164070795,0.7931336575821374,0.470177137027997,0.44785870477517714,0.40725206739078,0.761952046063993,0.6898505476717502,0.5368739712505095,0.22149327492434015,0.20086037042441557,0.16599218775536856,0,benign
73.0802415875755,61.0,34.08767229556858,1161.969402530074,1.3019592471261296,1.1643540921919122,15073238.0,6.602079146737541,31.0,200.0,169.0,41.0,47.0,91.0,126.0,44.0,26.919069799989725,2318.0,186.61017305526642,0.718736394598986,65.57851312333867,45.59560388184019,0.9739495798319328,0.7545572916666666,1.438263945210237,54.32650609689627,2380.0,2.146306498367669,2.956237552579868,4.454048250820054,0.5135669959473151,0.6900783703811068,1.0286188594045784,0.8337220036870091,0.7856045505262761,0.7004167634469478,0.3501278507222071,0.33239963574807263,0.30082871426835,0.8071498753518732,0.7313251725270128,0.5794795306658118,0.12277253546255196,0.11061569944426788,0.09055537375497062,0,benign
54.72566889224621,29.0,62.65249341705327,3925.3349313739036,1.4472653890405789,1.2107866671690068,425988830.0,6.928827389435849,0.0,255.0,255.0,1.0,10.0,76.0,161.0,66.0,48.865737359664415,61557.0,970.2295808265222,0.6540486777745739,323.82718339313453,244.95987010504564,0.9901717925620899,0.6977827654220227,1.321960136794114,279.95858024940475,62168.0,0.8530380969506817,1.221054829403995,2.0817193790053423,0.22841662861454598,0.3067381560379096,0.47155033709797733,0.9137130456187231,0.8888472766440476,0.8430193279761411,0.5436359446118024,0.535312650281966,0.5200341396976622,0.9611052401316069,0.9443495117203808,0.9052908889152373,0.29558198924835316,0.28659464324781375,0.2704539020392643,0,benign
78.93112062812277,67.0,42.73945310406984,1826.660851634985,0.8911427860826611,-0.07266649469062747,22575105.0,7.067964912510574,12.0,210.0,198.0,35.0,44.0,106.0,143.0,62.0,35.09547987799069,2802.0,203.43250352560273,0.46081137826550433,63.666505138073155,56.50390220585305,0.9735927727588604,0.8351713859910581,1.1267629783536994,59.72953376971836,2878.0,2.7501963625324293,3.661365212216602,5.496505723764006,0.607512511269342,0.804222297306548,1.203080661826644,0.8052995684178028,0.7493206093675964,0.6449787732024721,0.2714361235403431,0.25255674499929337,0.22100896607913623,0.8173598435628826,0.7550242892158248,0.6198272415890785,0.07390501927355284,0.06389669932755163,0.04891158467339181,0,benign
54.49271844660194,41.0,36.37157811467349,1322.8916945517956,1.7363156199364804,2.767923309157532,8842237.0,6.574805033530211,9.0,211.0,202.0,23.0,31.0,64.0,112.0,33.0,26.8818008294844,2060.0,177.78174593052023,0.7756396743926582,64.69401772875119,40.83330890128705,0.9712399811409712,0.7431457431457431,1.584344239286277,51.21399674068052,2121.0,1.991429201997468,2.6720259740813237,4.066440047357683,0.515923082502227,0.680401819884546,1.0176541612792127,0.8282105457784177,0.7813088096047569,0.6912443843261254,0.3637376398414508,0.3441369111561058,0.3074898336428731,0.7913604968759693,0.7150691984511189,0.5478771697087527,0.13263683068794413,0.11869811040037927,0.09485440182943648,0,benign
36.6996100113541,28.0,32.37018670310455,1047.8289871938466,1.848576016064314,4.84031778902694,145527728.0,6.581962864797949,0.0,244.0,244.0,6.0,15.0,48.0,80.0,33.0,23.64704662722365,60771.0,969.8031739553295,0.7365072004016251,339.6293228895016,229.73536217689548,0.9914997063238269,0.7104395604395605,1.4783502185788366,278.1654909817186,61292.0,0.4231308610990668,0.5927013089280401,0.9783377274738208,0.17014629854490124,0.22793291944233943,0.3502887989277398,0.9295409356086137,0.9076938544939808,0.8639207232301627,0.5196792562221969,0.5079452367134902,0.48522708842260553,0.9333485351792183,0.9065421927825642,0.8453680623063481,0.2701672653235091,0.25811567324233475,0.235531988574859,0,benign
37.50099237438629,26.0,33.17431500537239,1100.5351760756757,1.4378739476947566,1.688344262998509,23998167.0,6.603615736126805,0.0,172.0,172.0,6.0,14.0,51.0,85.0,37.0,25.493264559000895,9572.0,380.2914139223983,0.7540095812256866,136.2937928512221,89.5264067814283,0.9859909353110836,0.7793518970851653,1.5223864974718877,110.39677949199867,9708.0,0.7955663980606607,1.0758842555544936,1.6837962193406864,0.2930689378416883,0.38875852628649543,0.5904537189049692,0.8863294240744082,0.8519410980439788,0.7828827153224692,0.475608609200946,0.4580509402071125,0.42328785011557196,0.8844630940955995,0.8431466180531407,0.7513758945187028,0.2264505182224303,0.2100495722744154,0.17938013308428657,0,benign
17.530688214999092,3.0,27.930822491474157,780.1308450502387,2.2981575347684955,5.641936092320627,11977239.0,4.752167599226419,0.0,164.0,164.0,1.0,1.0,24.0,56.70000000000073,23.0,20.12736984399636,11014.0,418.048773235279,0.7967929221542894,152.48573521307142,92.13988109546419,0.9813775282901185,0.7697791445345261,1.6549373995293544,118.42069221936292,11223.0,0.5252132805067253,0.7140924697528932,1.139253289758519,0.17576965039408776,0.23255612865419467,0.35097185524243774,0.9350930061374831,0.9164586303364877,0.8805643683643274,0.7470616343306624,0.7386171746729264,0.7215844609139493,0.863486430848387,0.8135322038850431,0.698744756635719,0.558141456562895,0.5456128599318526,0.5207593110149857,0,benign
32.200487791510234,26.0,27.261807338438224,743.2061393581242,3.6816422368492283,16.091050797190235,64956810.0,5.810836830081978,0.0,231.0,231.0,14.0,19.0,35.0,44.0,16.0,14.779364034559743,36491.0,804.9015869776647,0.8883796246806601,320.3919350298266,147.09501928988198,0.9833463580263548,0.8118131256952169,2.178129052748049,215.54995761291818,37109.0,0.6112127050252409,0.8143528130823209,1.2803521457723592,0.24231713570434044,0.31057020651101697,0.44279211072294306,0.9022475468144693,0.8776918044984694,0.8351307534247732,0.4993560009168682,0.4808716779079112,0.4517438687928606,0.8751106764683495,0.8319897871862434,0.7300795602478349,0.2497460026210852,0.2315548415039061,0.20428443836647342,0,benign
68.51543026706231,64.0,26.319920007601876,692.7381892065615,1.038362350047261,1.4265038006322603,18154535.0,6.51482838242525,24.0,201.0,177.0,40.0,48.0,85.0,105.09999999999991,37.0,20.83670702392378,3370.0,222.26702730475878,0.5853507931465421,72.94171559327071,59.13969498980744,0.9773781902552204,0.8044879446168537,1.233379976103056,65.50433012982805,3448.0,1.6070625094812006,2.1584482481134724,3.292742720882117,0.4506045918997328,0.5975172091017766,0.8937179100046696,0.8444197535984705,0.7985566169326537,0.7127917382421158,0.326998862187445,0.3072637745873332,0.2741089154371263,0.7915465598363184,0.7174430131338455,0.5556908300839887,0.10726449287776643,0.09459448126243108,0.07522583846384645,0,benign
71.98397574707666,61.0,32.24360775835146,1039.6502412744226,1.2888781960747167,1.3450801550458538,14365081.0,6.552457409400414,31.0,215.0,184.0,41.0,47.0,90.0,120.0,43.0,25.592638143135087,2309.0,181.7401153701776,0.6619358185557657,63.10748270632206,47.30287750989258,0.9880188275566966,0.8696798493408663,1.3341150904218082,54.220937918791954,2337.0,1.8445662055977665,2.492499315537418,3.6958270540857483,0.4908592795281867,0.6499140986451657,0.9570152984780964,0.8281900022995774,0.7799518508508776,0.6929472005381169,0.3385420903077704,0.3204014641700266,0.2918071425116059,0.7975554357204493,0.722919010486437,0.5702178294784859,0.11488198402195238,0.10287434533612803,0.08525811091383495,0,benign
73.99338660788096,63.0,34.73361938512431,1206.4243155906831,1.4309722683821435,1.53204874173068,24246966.0,6.678661311855022,23.0,205.0,182.0,42.0,50.0,87.0,127.0,37.0,26.448915805677615,3629.0,226.02438661763952,0.5417708370141759,74.28530313451948,62.43874653235057,0.9829360780065005,0.8400462962962963,1.1897308523967727,67.97489468799422,3692.0,2.148083107875122,2.8218872251954474,4.248199633996703,0.5008031948754672,0.6605070382683134,0.9866539866031896,0.8335988256313125,0.7834993022013594,0.6910431798335024,0.32426210462479044,0.3034915870584419,0.27130751192803176,0.8033899980631911,0.7393406207975489,0.5939855648116575,0.10538310501440279,0.09226332144225188,0.07367385122109078,0,benign
33.08523641042136,19.0,37.768157389005715,1426.433712560707,1.6960139723767036,2.3038613399344303,7837996.0,6.39108856085554,0.0,182.0,182.0,2.0,7.0,44.0,89.0,37.0,28.227917558678826,3109.0,213.4386001800126,0.6603539050575883,72.80045052179781,54.66982878145573,0.9782882315921964,0.7882860040567952,1.3316385316079877,62.91662534323993,3178.0,1.1563156115440736,1.6187121290196063,2.6654010458777204,0.38288314486072905,0.5082903007904729,0.7548319454379294,0.8590544973181735,0.82050493469117,0.7561134187589086,0.5541683146726356,0.5375884003446527,0.5073978579432162,0.8568024352040643,0.7979911476717018,0.6599887088099882,0.3072083634332679,0.2890591663275977,0.2574578205780994,0,benign
80.50721153846153,70.0,30.71289630229888,943.2819992757642,1.1493355421633498,0.7122124309049078,9266017.0,6.5384840462838465,38.0,188.0,150.0,50.0,58.0,95.0,128.0,37.0,24.59065273668639,1248.0,134.08326112068522,0.6792778409889163,46.93919176072164,34.44779034530374,0.9757623143080532,0.8221343873517787,1.362618365073766,39.86229988133503,1279.0,2.5501990008783477,3.332858137990899,4.837365369010237,0.6547597807788023,0.8489155428117717,1.2187439646472884,0.7870951243563895,0.7314032521411942,0.6335518243864933,0.3079173321918508,0.2870584601985328,0.25631951921585383,0.7466745741676051,0.662535125397459,0.47765158184792694,0.09522917588311292,0.0825810543814222,0.0657677567773378,0,benign
47.22195442594216,40.0,34.065990504661016,1160.4917090636548,1.3561889216040794,2.16448103360458,15473807.0,6.805722630569523,0.0,196.0,196.0,13.0,23.0,63.0,91.0,40.0,25.74478696593621,2374.0,213.9177848998413,0.9087506328117316,85.43296633600589,35.654554433107094,0.9522663457681508,0.7526949904882688,2.3961305279046474,54.97882027836971,2493.0,0.41446342865209307,0.5713729840791819,0.9442887855656403,0.12456274176337201,0.16606571982945542,0.257413636238518,0.9569483141498475,0.9441199156712429,0.9178023600911722,0.8102956960164456,0.805168218671302,0.7936636154309078,0.8821651899766161,0.8380011308584209,0.7336725278388128,0.6566031430961445,0.6483325068194445,0.6299593182200545,0,benign
74.57893594966613,74.0,37.239674969753366,1386.7933918528752,0.412383577942852,0.24337801810320903,288257530.0,7.181780589968886,0.0,242.0,242.0,25.0,47.0,100.0,120.0,53.0,30.14815823861632,41483.0,921.8549057834388,0.9231712590525721,377.7497737587837,145.20282001828824,0.976760065928891,0.7307333227641847,2.601531937955518,229.8212262482488,42470.0,0.5370557256922048,0.7638153815015059,1.3377914991737034,0.2849516695421118,0.37773344412203974,0.5726525382905999,0.8751366990784792,0.8393050250829576,0.7723879744322055,0.34807158476893296,0.3359514710967246,0.3151989890669131,0.9589386787391533,0.94142561022034,0.8966301697800606,0.12130338953554097,0.1129767918084328,0.09945210283077215,0,benign
79.89470443349754,68.0,34.233559162643274,1171.9365729421972,1.4425565535546245,1.689633793849758,12269483.0,6.601070661646774,38.0,210.0,172.0,48.0,56.0,93.25,133.0,37.25,26.347896545657502,1624.0,160.22539674441617,0.8579530271454182,63.51257180074307,32.628195463374134,0.9794933655006032,0.8055555555555556,1.9465548400320614,45.472420439755616,1658.0,2.5690666783319296,3.6169972759448203,5.796092533754832,0.6494018843012406,0.8734530519912731,1.3256178420291707,0.7854840928260525,0.7257113980006933,0.6185312389232368,0.3192921042749451,0.2973032521485842,0.2610923361894764,0.7812980781301349,0.6891546240337159,0.485613158129129,0.10235031447860807,0.08874820450253115,0.06838069671965608,0,benign
39.58480138169257,32.0,24.487146755417324,599.6203562213452,1.8536209256791247,3.6937814794863124,6272240.0,6.130256913263289,1.0,169.0,168.0,19.0,25.0,45.0,73.0,20.0,17.27011505155992,2895.0,206.40306627407986,0.5742353316952814,67.26646848976172,55.07040430317138,0.9770502868714142,0.8001658374792703,1.221463131438968,60.712671511046985,2963.0,0.9187334324502261,1.2377939226256598,1.8984880334923542,0.35770388891575416,0.4718424223387613,0.6919141526091311,0.859465310600944,0.8179903244375839,0.7442455826077012,0.41452959002005185,0.3921869518672696,0.35696742402399895,0.7947894546662992,0.7218176265455608,0.5638857866901523,0.17212172655466346,0.15394282401092002,0.1274357850840354,0,benign
85.45709828393136,77.0,32.221313723042115,1038.2130580387022,1.3273589696443906,1.7694778678767245,21386654.0,6.6674537691853875,41.0,236.0,195.0,54.0,61.0,100.0,131.0,39.0,24.802732421309333,2564.0,195.39696961967,0.7084653670243416,68.32011806852476,48.21662135375598,0.9778794813119756,0.8445322793148881,1.4169412155047807,57.136557410303936,2622.0,1.7483890746934225,2.3788575751625416,3.6845742664712278,0.5179501255588213,0.6793534117397755,0.9993801313000001,0.8158268560083936,0.7656416961038016,0.6736797345446798,0.3016020103201358,0.28161229114521347,0.25236224342580044,0.8397741925948623,0.778340849612913,0.63603981394096,0.09143857242985973,0.07950344839621967,0.0638016333710436,0,benign
35.89769243182185,30.0,19.823646143582575,392.97694642597634,1.743465309959803,3.959231633106059,20842014.0,5.995361225838004,2.0,161.0,159.0,17.0,23.0,43.0,61.0,20.0,14.511376003770977,12394.0,443.84776310850236,0.8052723021772911,163.50730450586389,96.94432324190673,0.984510286758281,0.7777359437751004,1.6866104072732704,125.6205831758777,12589.0,0.5388629798300056,0.7278486199841663,1.1035921532061503,0.22805356593839476,0.29894851172448644,0.43501475001273215,0.9085644598839894,0.8824554742448836,0.8345272374461289,0.4644911349707124,0.4486699783268586,0.42163344800010316,0.8252953422190191,0.7629675381012456,0.6351696141765085,0.2159602682584633,0.20147512930684902,0.177869595857606,0,benign
36.35171919770774,30.0,21.01875792532571,441.78818472344227,2.231872777524341,6.65489186784594,2461477.0,5.8509116390320255,6.0,155.0,149.0,18.5,23.0,43.0,59.0,20.0,14.659147913399726,1396.0,149.7401153701776,0.8490734571688008,58.13819486869202,30.712943267520675,0.9707927677329624,0.7900396151669496,1.8929541972675048,42.15972490956609,1438.0,1.0489501643894683,1.371807189819528,1.9992775210714742,0.3817613590427682,0.49426563583850913,0.720819809506801,0.8578901560836794,0.8188022844218519,0.7393537606034878,0.44786612991107244,0.4259198248266768,0.38776821249383336,0.681588210477297,0.5802246458772322,0.36693694346459366,0.20105900961121015,0.18195240858902523,0.150882279818097,0,benign
89.45501082890333,72.0,47.048703720200535,2213.580521751212,1.4403027601188014,1.4319986828205806,51885944.0,7.051305496261311,25.0,255.0,230.0,48.0,57.0,107.0,166.0,50.0,36.15690937295863,5079.0,286.5096679918781,0.8212597188785156,106.90644337714909,60.99595578399625,0.9806912531376714,0.8277379400260756,1.7526808458536942,80.41631456184679,5179.0,2.965024190549313,4.135908800354328,6.763431568548718,0.6407939811106713,0.8477912782192041,1.2835771706480759,0.789889224857222,0.7390682441534671,0.6480890960664352,0.2835376375952214,0.26594989472070896,0.23741272685035592,0.8431101281138346,0.7798835397439593,0.6329831533186674,0.08076089617830745,0.07093359468315974,0.05650338499129383,0,benign
16.07772474144789,11.0,23.6775089111183,560.6244282360864,4.544553112907062,25.44488836116376,10296309.0,5.314968457709428,0.0,203.0,203.0,1.0,5.0,18.0,30.0,13.0,12.41529655092975,12570.0,463.46298679765215,0.8808000444790093,184.7624108248047,87.48286154206518,0.9829527682202065,0.7890276818780994,2.1119840797155875,126.50937149998413,12788.0,0.453265832337861,0.6184593084602057,0.989673647461726,0.17444716101722896,0.22665796077442885,0.3273516837063565,0.9292089959262136,0.9103336525779775,0.8776819173272763,0.7374681524675167,0.7242217468609924,0.7027545574639703,0.8530618236436325,0.7989354337650216,0.6688072710167035,0.5439875476796658,0.5246042867373626,0.49391849679254196,0,benign
70.50693937180424,62.0,29.45968489965771,867.8730343871205,1.1303185659579058,1.085856025529167,7993730.0,6.491200946506152,33.0,194.0,161.0,41.0,47.0,89.0,111.0,42.0,23.881071049925804,1369.0,147.1543289325507,0.847702800637305,57.57215108889623,30.540382604850222,0.9750712250712251,0.8005847953216374,1.8851155806984878,41.750029182533964,1404.0,2.124901693889898,2.923914940171747,4.574503915512689,0.5460963831993779,0.7318074182321009,1.1099258035661554,0.8232074405034265,0.771316055540124,0.6730702971718359,0.3358152908358428,0.3173139808957698,0.2868503679731794,0.7595534688863758,0.6656642145081165,0.4580240201999011,0.11301804384272003,0.10086573146484767,0.08237273210393156,0,benign
31.46299464020983,13.0,40.51629711673601,1641.5703320516307,1.4826793896576504,1.3525123504089525,23075539.0,5.794197515908616,0.0,182.0,182.0,1.0,1.0,50.0,95.0,49.0,32.06574534450784,8769.0,360.208152801713,0.7044247523840491,125.8329759747721,89.31356302462304,0.9872776401711326,0.8349838126071224,1.4088898898824689,105.66474136523802,8882.0,0.603570751203345,0.8562996515775624,1.48894390846004,0.26990180820998766,0.3614670519274896,0.5577938546198427,0.8875037938957807,0.8549394851992906,0.793807934472839,0.603752344496407,0.592188455730132,0.569198137643732,0.935693650998595,0.9083819965379627,0.8390340434232896,0.36457848134628157,0.35075455600607564,0.3240276275724094,0,benign
9.272375103342387,0.0,23.122036321726558,534.6285636632422,3.4949964482619404,13.358949492309247,26273334.0,3.042714446097085,0.0,187.0,187.0,0.0,0.0,5.0,29.0,5.0,13.637101989927785,33631.0,786.1147904132612,0.8933767470156857,311.92747982622444,140.15161937536905,0.97849869071865,0.7550571383668979,2.225643065819931,206.930710937232,34370.0,0.29010720942350066,0.3945046767443466,0.6404272633620773,0.08662678169739896,0.11384195225210228,0.17196609886477343,0.971025719868678,0.9634035842605694,0.9488561422026649,0.9133206391480925,0.9097968315284357,0.901979814533989,0.821078486748127,0.7546286214930158,0.5947709932867378,0.8341617863018365,0.8277418409511055,0.8135836853060164,0,benign
32.23973189930637,23.0,33.31956958221758,1110.1937171442391,1.3214360867388553,1.8421486176557096,55162882.0,6.1908362684427205,0.0,213.0,213.0,1.0,3.0,50.0,78.0,47.0,26.547844878087297,25662.0,632.5645378815669,0.788075200130994,231.0835900800972,142.25020036103746,0.9875317478642346,0.7642048838594402,1.6244869215902442,180.7591579892807,25986.0,0.6396103222540787,0.8491054442585348,1.2995187233136145,0.2134542667650441,0.2804491986328184,0.4139072057981652,0.9181726589998435,0.8946771400282398,0.8514947891087536,0.5627539345572625,0.5524191983486522,0.5332626757624167,0.8972822241246512,0.8628040267121957,0.7873820712562765,0.31676032244402313,0.30523195713709494,0.28442537095013853,0,benign
53.77531434664771,40.0,42.39015938496534,1796.925612682765,1.0904530879502674,0.32170869506255695,105528797.0,7.029575083989548,0.0,192.0,192.0,12.0,21.0,76.0,123.0,55.0,34.125696915185316,22507.0,579.5290039756342,0.7230585797450025,204.18346376429983,141.0472248763149,0.9904506248899841,0.7590637752520994,1.4476248217102423,169.28320186407836,22724.0,0.786713465322534,1.1051920577143761,1.8170556224232306,0.2517977779457155,0.34093699040239833,0.5303454081862539,0.9035546116834479,0.8722712284821297,0.809797629997733,0.40801973451645435,0.3942360738557733,0.3675772264647299,0.9357560123371578,0.9097235935638629,0.851391894787817,0.16661411571607412,0.15553784923554287,0.1352007655306585,0,benign
114.46475459503131,93.0,59.72605542442654,3567.201696561671,0.6741929427611029,-0.8211825076935533,82530109.0,7.453703105371525,31.0,255.0,224.0,53.0,63.0,161.0,206.0,98.0,51.946017120069136,4951.0,291.58073580374355,0.8908086243692603,118.31521378800274,53.759911955242615,0.9817568907396391,0.7825193614667298,2.2008074322462643,79.3965300626154,5043.0,2.9442497136576087,4.180652898292324,7.269791546334684,0.6218875274796327,0.8384868039714732,1.3343260100523104,0.7942154067756007,0.7400303919403699,0.6360071139577781,0.27398282138624613,0.2589631354557138,0.23156478825310214,0.9086507232919472,0.8695504144833339,0.770377189606368,0.07533323688345596,0.06725877651441128,0.05384722433924487,0,benign
32.60565371024735,26.0,22.747235373824402,517.4367171521682,2.3653961846372327,7.489074819248371,4473000.0,5.959769626357442,0.0,192.0,192.0,14.0,20.0,38.0,58.0,18.0,15.382935484273744,2830.0,208.02438661763952,0.7904829569581792,76.97530666334775,47.14614652287942,0.9812760055478502,0.7989836250705816,1.632695614391149,60.027226419354996,2884.0,0.8026515564273005,1.014608875914784,1.3934100491506975,0.3290572032848923,0.41508998646454454,0.5790710631383033,0.8697118304389532,0.8371011795141816,0.7743561983699059,0.4635216460085454,0.44331505837331187,0.40789919496983335,0.7684102944700621,0.6994919595281398,0.5603922027093886,0.2152443264797906,0.19673048757231812,0.1665267410688987,0,benign
37.0891356263375,32.0,30.90811037448746,955.3112869214993,1.1251830930330122,1.9028532820467436,75155701.0,6.547829191112093,0.0,221.0,221.0,2.0,12.0,55.0,78.0,43.0,24.683945122249273,32243.0,717.9137802864846,0.7566572870946305,252.23908731673671,164.91686857404179,0.9877764842840512,0.7722874251497006,1.529492340581827,202.61555379806322,32642.0,0.3693251921183036,0.4916525791842592,0.7679406986465611,0.17424547870437077,0.2309123740907171,0.3520478555745318,0.9255448919157905,0.9020499694853417,0.8535728410723933,0.49659146157825373,0.48441788128066243,0.46029804050801304,0.9376770018714561,0.9167303648361348,0.8687741704035767,0.24670449538074687,0.23476289524027086,0.2119615932800204,0,benign
114.6783867631851,101.0,41.48904962970548,1721.341239176164,0.6853482663235668,-0.7637096794792839,14381682.0,6.8743666949204325,57.0,234.0,177.0,71.0,80.0,149.5,178.0,69.5,35.71399299959683,967.0,118.18376618407356,0.5619209343743186,38.71537327525989,32.025006299709325,0.9650698602794411,0.8430688753269399,1.2089107153621792,35.088782249586586,1002.0,4.685879831444347,6.140327877535886,8.860080354632306,0.7972302948109399,1.0408099800897355,1.5150482739167874,0.7809343415178356,0.7221505632307688,0.6145127489719326,0.2763269105402875,0.25881981066183346,0.23266426095799403,0.7579211134694184,0.6786863972064241,0.5134875021360178,0.07658477962884203,0.06706256405213903,0.05416818875847256,0,benign
42.29015909307421,22.0,53.823617208471326,2896.9817694040503,2.0875407740604963,4.2349833966156964,245915283.0,6.554792306074772,0.0,255.0,255.0,1.0,7.0,54.0,113.0,47.0,38.11401286988377,52484.0,925.5655839020935,0.6366604562665868,298.47416541509716,230.16663819804788,0.9469202179482553,0.7088122087919508,1.29677423171239,258.50474708577457,55426.0,0.6720361402768952,0.9421997817555613,1.58905812287386,0.2024433302418137,0.26878067185554283,0.40905785148431756,0.9215329062708703,0.8993077576567876,0.8578923991442851,0.5783229585533163,0.5696414231487826,0.5534713708352215,0.9572539835095806,0.9401162837600543,0.899306109458427,0.3345055790081169,0.324528953779298,0.3063511057212165,0,benign
47.57231995840194,41.0,33.68655238125464,1134.7838113350128,1.201415728840921,1.8389012607839348,39208477.0,6.81120603520492,0.0,217.0,217.0,12.0,21.0,68.0,92.0,47.0,26.563028289289072,11539.0,406.24978336205567,0.2158107068384271,122.94929330367424,120.05202025313882,0.9874208454561013,0.8357960307112849,1.0241334801732307,121.2101939058718,11686.0,0.8627729707339027,1.189528407786546,1.9196520542480426,0.30540258693591593,0.409686473039013,0.6287174899649609,0.8821847299318963,0.8455323844227738,0.7739901952249038,0.3725093568697608,0.35371130151529134,0.31928678904301966,0.8912036313114085,0.848828775091358,0.7503422212533029,0.13893359998269533,0.12521639861670272,0.10196979405699792,0,benign
14.814082307892487,9.0,17.68827778595728,312.87517103318976,3.7399338138172245,20.763674478556158,14319204.0,5.27196317688763,0.0,202.0,202.0,2.0,5.0,18.0,32.0,13.0,10.989753728888298,26899.0,814.9087296526012,0.7386355272036349,235.98817802618385,159.0808119609364,0.9013806045171235,0.7131230116648992,1.4834484128993048,185.06450365705234,29842.0,0.22839203742931574,0.30729078205319454,0.4814969168487264,0.11317423276519137,0.14594326519050926,0.20735421565870665,0.9519408740334484,0.9391972156622401,0.917182076791679,0.7814669152538427,0.7730460977390193,0.7580776199029374,0.8532225178371386,0.8017913105705579,0.6865007886627187,0.6107460569949068,0.5976376988460151,0.5747072308369192,0,benign
63.968669250645995,48.0,43.87288559846008,1924.830090735566,0.7595499747427373,-0.4792873153478219,18628077.0,7.130896643163712,1.0,193.0,192.0,18.0,30.0,95.0,133.0,65.0,37.01320763141904,3096.0,213.53910524340094,0.6864789097690946,73.97821913512729,53.79324087982358,0.9788175782484982,0.8056206088992974,1.3752326114799036,62.7849474834539,3163.0,1.8538096776991544,2.5609306158804337,4.1553164189316725,0.5121982364248362,0.6799048391776551,1.0306024825511797,0.8207247231403255,0.7716566353876205,0.6804521435876699,0.3141808410747764,0.29551321173734096,0.26236890765281784,0.8675909660309463,0.8159305776504936,0.696170434476248,0.09892236301029725,0.08742684765934008,0.06893142855702367,0,benign
14.463694267515924,10.0,14.841149626410063,220.25972223349157,1.5332971426895146,2.2024876632854493,2022748.0,5.220564081399615,0.0,87.0,87.0,1.0,3.0,20.0,35.0,17.0,11.316337917697808,4709.0,260.89444430272835,0.5720903633483034,85.86439528464719,70.42516966917229,0.9845285385741167,0.789570757880617,1.219228802543208,77.43180881367735,4783.0,0.20534570166094607,0.27019978957135216,0.40015763325823134,0.13045416758252598,0.17052914781034262,0.2500785563398375,0.9418620558605192,0.924209809052005,0.8893503017195865,0.7165764822972501,0.7038511371772435,0.6799160577750574,0.8185180672514804,0.7616708184396696,0.6485896889757602,0.5135579518199326,0.49544840961037184,0.46229413576522504,0,benign
57.757033143044886,44.0,43.928620621687955,1929.7237097241884,1.6275502120655565,2.6651551458544818,128212060.0,7.073450540584506,0.0,255.0,255.0,17.0,29.0,73.0,115.0,44.0,32.34755558712908,24349.0,675.2619766708755,0.9217416231210168,283.7443886678355,110.03736906172219,0.9860289948975459,0.8397075559540642,2.578618437420814,176.07415958838615,24694.0,1.2788127411045465,1.7164468993150375,2.7801575819490694,0.3369994232035426,0.4373846690421749,0.6418311157550891,0.8784719550419469,0.8467324036564556,0.7922179407558751,0.3377599146375656,0.32235876611883174,0.2989148394380593,0.9052011779686941,0.8718416542245063,0.7891218430635254,0.1142325860525824,0.10405035541350899,0.08946896447937332,0,benign
103.6383808095952,99.0,31.095306834365694,966.9181071233498,0.6857890984043051,-0.1548298550548477,39045620.0,6.808576781761111,53.0,201.0,148.0,66.0,79.0,122.0,149.0,43.0,25.02449410976671,3335.0,222.36753236814712,0.7668025809901428,81.67302008298104,52.42452417406751,0.9791544333529066,0.8329170829170829,1.5579162876480945,65.16328630211775,3406.0,2.371423790347939,3.2642842889824317,5.248106835855817,0.4994997584974365,0.676432367941656,1.0693484365606818,0.8437865524559004,0.7942289133064847,0.6905436559742706,0.28916720686601355,0.26842552036714473,0.23199280196323857,0.8298416833146474,0.762589824562703,0.6010264411598,0.08399764575940671,0.07235277366770408,0.05407841286627693,0,benign
42.442878138028256,36.0,28.831903852261902,831.2786797460747,1.3952998365687754,2.2016312899396153,87776070.0,6.6072137202588825,0.0,172.0,172.0,13.0,22.0,54.0,79.0,32.0,21.51475316101549,33341.0,694.6000717874997,0.5220173743128259,223.66860599247119,190.77474923900215,0.987822943825551,0.810427807486631,1.1724224871723443,206.03659786798815,33752.0,0.61064950799881,0.8529194110848167,1.4335693818741682,0.2611232742805875,0.3489278474985104,0.5376639174473046,0.8918274797399657,0.8591090721401656,0.7944555187945379,0.3984838082417025,0.3799879359222015,0.34592065974807235,0.8980289030789711,0.8568737274310532,0.7559153444936355,0.15907119125455793,0.14466348278653954,0.1198787515335504,0,benign
105.64030418250951,99.0,61.352438595221926,3764.121721580477,0.16176566925852026,-1.0691355462085683,98125271.0,7.771642692395522,0.0,247.0,247.0,24.0,55.0,158.0,190.0,103.0,52.88587985947463,6575.0,347.2792206135785,0.9092320972565794,142.01537086669484,59.11951549286555,0.9790053603335319,0.7717136150234741,2.402174132902578,91.49617481968137,6716.0,2.6001713933881754,3.675197945849153,6.359733631915924,0.5809502626207217,0.7888165520171695,1.26895774977151,0.8095550242626327,0.7543085318521804,0.6446126375332211,0.2850284765655998,0.2689820040028248,0.2362525544440085,0.9172808864507809,0.8825302019349942,0.7943941074933184,0.08147423819102094,0.07256957756042594,0.0561013724385274,0,benign
4.994599225056873,1.0,8.29308746659605,68.7752997286125,2.232475231076703,4.323544455979513,16520351.0,2.377657765536586,0.0,67.0,67.0,1.0,1.0,4.0,18.0,3.0,5.924660271771055,176271.0,1646.1006845321376,0.7604015904475752,588.6795922550474,382.3198278580591,0.9934734457163147,0.7908607577898916,1.5397568981789818,473.7459316870297,177429.0,0.019921687013417597,0.025435199959214935,0.03577109216918336,0.01785706340756682,0.022703577534072556,0.031485316036777594,0.9912779306568017,0.9889213734754778,0.984685919594852,0.9081054314431551,0.9062914786854326,0.903033232406967,0.90771091203903,0.8821349224185381,0.8339646928514618,0.8246590671094948,0.821368401796749,0.8154728066805563,0,benign
44.00894378194208,37.0,29.871892945574526,892.3299881518651,1.4431908331987755,1.957214684611511,6642767.0,6.553852851285763,0.0,178.0,178.0,15.0,24.0,53.0,86.0,29.0,21.98505995896323,2348.0,205.63961030678928,0.8934852013087641,82.02758314372673,36.837983477793564,0.9702479338842975,0.7932432432432432,2.2267120889821252,54.67692795904102,2420.0,1.6656987089938036,2.2255698411236393,3.3300288683560724,0.49133500589196777,0.6385358318744393,0.9171351973741676,0.8308288760915801,0.786978748791666,0.7090332297295192,0.37794922243920065,0.35460423159805654,0.31477157292980895,0.7364978007828601,0.6456657568906594,0.45681348004270445,0.1432686081372618,0.1261503702693574,0.09939918344690879,0,benign
30.99100529100529,27.0,18.34520318616752,336.5464799417709,1.3011128367253066,2.407047210443589,2451309.0,5.979943065414829,0.0,132.0,132.0,11.0,18.0,41.0,55.0,23.0,13.99036925058089,1890.0,169.74011537017762,0.7216340099108869,59.399741995416385,41.1209426662168,0.9712230215827338,0.8035714285714286,1.444513139632294,49.055302868797554,1946.0,0.4661737144968852,0.628517624585968,0.927363722057118,0.2502329479463625,0.3297459111292952,0.48357398192303847,0.8930419398918323,0.8605958932144295,0.7974289169514026,0.46449507499677356,0.44294977611414765,0.40530330389051133,0.8114255140238152,0.7428745384709068,0.6061974310811946,0.2161670064834968,0.19653065367279246,0.16448098521517585,0,benign
6.434801002310521,1.0,11.58393274873884,134.18749792730418,4.08066023329855,22.40149332368804,5395833.0,3.34649160493927,0.0,132.0,132.0,1.0,1.0,8.0,17.0,7.0,7.01795754299425,30729.0,676.6833329081849,0.5940466654394456,221.25015091497443,177.9803873963015,0.9886747530645732,0.7385536087677554,1.2431153463124336,197.801359879468,31081.0,0.09876745703731238,0.13174257585671725,0.19973828743639643,0.05525488412027383,0.07171813361284127,0.10294794769865721,0.9759457650054567,0.9691459998669371,0.9568849810217349,0.9092629786055106,0.9048358391685907,0.8966520548229892,0.813289357803848,0.7494984059493275,0.6138456576517639,0.826768768653632,0.8187328630967614,0.8039873780214584,0,benign
47.77913510872221,37.0,31.609378075897805,999.1527823450489,1.3919032988186542,1.7267896406420764,13433220.0,6.57297496473819,3.0,196.0,193.0,18.0,25.0,60.0,98.80000000000018,35.0,24.40912753559153,4093.0,275.29646455628165,0.9229914162710152,117.12836928839367,45.07340193600021,0.9865027717522294,0.8701105442176871,2.5986139110312645,72.18981546313178,4149.0,1.0284335402475646,1.3993834976685584,2.1480810149330782,0.4005691776271044,0.5171751868969855,0.7384525127013659,0.8437056702061099,0.8031834091854047,0.7318321981215676,0.358386597012359,0.3391210262244397,0.31172536641732257,0.8503080929677463,0.794251822741646,0.6739639797282521,0.12881652585167513,0.11522904544801732,0.09726945165994402,0,benign
47.650042677722226,39.0,30.691298653018695,941.9558130087871,1.8038399355927235,3.4294984507491106,26345568.0,6.454281661025647,7.0,185.0,178.0,21.0,27.0,57.0,89.0,30.0,22.256000287615752,8201.0,348.0071426749364,0.7344373954093674,124.42910194357094,84.44710012401352,0.984159366374655,0.7968324912553439,1.4734561845325944,102.18530964073588,8333.0,0.9645441185016015,1.3460934142708116,2.212193856597926,0.32624226878152207,0.4349312161440444,0.6564212735022694,0.8783849489394511,0.8430986576357402,0.7790583214129605,0.39046312688632856,0.37383201135797184,0.3464962917379778,0.8596329488655402,0.8026839242650133,0.6690005623087345,0.15267616457911348,0.139900661918209,0.12011963477919532,0,benign
12.99755664149267,1.0,22.139038918388266,490.1370442299103,1.9298822673226323,2.9530799034720756,2967149.0,3.6227343224246704,0.0,121.0,121.0,1.0,1.0,15.0,50.0,14.0,16.771623589574975,4502.0,254.40916292848974,0.6288486270793713,86.07855211387084,66.92846307015267,0.9821116928446771,0.812049062049062,1.286127727505793,75.7107946755131,4584.0,0.4513813997247732,0.6301661948400007,1.0306163220485833,0.19072558967137282,0.2585535844685057,0.39778456596806117,0.926574923609474,0.9025980756570173,0.857339350812923,0.775711002172881,0.7656219112385426,0.7447439766415147,0.8023327479384768,0.7231730316124545,0.5409164875747471,0.6017601443935354,0.5862425730767613,0.554697090153099,0,benign
95.68288102169218,98.0,38.227671618594826,1461.3548773791206,-0.045355260795476485,-0.7648986060215872,113055839.0,7.183363699608311,16.0,208.0,192.0,40.0,65.0,124.0,144.0,59.0,31.53751570937948,10649.0,402.2325394193526,0.7216626344250631,140.1522605418775,97.01969168327645,0.9848330713030611,0.7367510723675107,1.444575406396967,116.44195082479831,10813.0,1.356800522845803,1.9235839372589332,3.193879102336112,0.39854859021806865,0.5393149824677529,0.8362883062126235,0.8539622372230401,0.8094789572011853,0.7249709204289506,0.30767722137289333,0.2933423972752784,0.2678424577622567,0.9236147035269993,0.8914527719399044,0.818275895485941,0.09479792815373625,0.08612457298066115,0.07178231810295807,0,benign
12.173859369703017,1.0,21.665024363742248,469.37328068154517,2.7282626800023846,8.12421311233471,96551235.0,3.7277183163856664,0.0,165.0,165.0,1.0,1.0,15.0,37.0,14.0,14.62748643717718,88742.0,1762.57272657703,0.8168272191628149,462.80512289188607,266.98412625758,0.9157156124238984,0.6826202673805019,1.7334555779746343,336.13958957386706,96910.0,0.13539761516721938,0.1860786207317859,0.3184479988736453,0.06397422244001436,0.08419440188001043,0.13085451898642964,0.9734970725832182,0.9658524669658612,0.9494687550834913,0.8363884702188275,0.832829404562849,0.8251534521741938,0.9300978574675656,0.9037038325447802,0.8345655970584446,0.6995598983483151,0.6936259000503486,0.6809105273387749,0,benign
97.05194890271864,92.0,30.25933092550078,915.6271080589679,0.7980908134714874,0.7255509555702755,157759316.0,6.828831435472311,29.0,219.0,190.0,63.0,77.0,112.0,139.0,35.0,23.04337922598779,15265.0,719.0609665440987,0.9764646963184271,312.14163820720336,67.32186510096892,0.8863662756938799,0.5962890625,4.636556603698594,139.41306126178515,17222.0,1.4851979770148003,2.0469657604138716,3.4530480153772203,0.3402890448295704,0.459059143381744,0.7367405599035695,0.8884459564557774,0.8540640669724087,0.7823327222177051,0.43239885595336436,0.4214887012244729,0.39909156890218267,0.9128067390569636,0.8795499869128363,0.7956365252143147,0.18713176516239946,0.17785668262600296,0.1595878311008283,0,benign
62.95004186435948,49.0,42.379069162362455,1795.9855030683004,1.071022037221976,0.5539919685812444,20633398.0,7.060452082224138,6.0,228.0,222.0,20.0,30.0,88.0,126.0,58.0,34.51969977307017,3583.0,237.33809511662426,0.8123400682338088,88.69940820271492,51.72807838711598,0.9792292976223012,0.789380920907689,1.7147245938447129,67.54270714730117,3659.0,1.431675779607041,1.923987249467548,3.043447538082387,0.4143848264535639,0.5517154009115177,0.8459373818389256,0.8458696458348285,0.8001736529686413,0.7115703968472713,0.32342909220215255,0.30453819074369126,0.26997468531384994,0.8918374148127517,0.8535336294755922,0.7632478699434778,0.10482982353401502,0.0929238687256603,0.07301206748983873,0,benign
41.613598874442076,34.0,31.43723012004373,988.2994376205847,1.7423527841481745,3.6820025631351347,112128911.0,6.609285070226367,0.0,192.0,192.0,11.0,21.0,53.0,79.0,32.0,22.775558707452593,41224.0,920.541197284454,0.9314158735567795,382.8640039928778,139.34591471434882,0.9801935468530804,0.7410922949699781,2.7475796816700884,229.10265601289382,42057.0,0.6205456805996854,0.8563152987063473,1.435816996660885,0.20994694049179755,0.27924161980871043,0.4311025448808824,0.9197277906352144,0.8958583622072004,0.8480929636572594,0.45630270101730663,0.443511361756049,0.4183793542926833,0.9071758711923545,0.8718483055715172,0.7849058676101162,0.20837996078311521,0.19690776816098482,0.1752676020023111,0,benign
77.05240729358738,71.0,34.508283552294046,1190.8216337255276,1.0544151761880112,1.26094446946058,347912560.0,6.987706158427507,10.0,232.0,222.0,39.0,52.0,95.0,124.0,43.0,26.596612180382767,48810.0,1051.269119345812,0.9496970959016453,448.84169142206366,140.5637361180555,0.9771771771771772,0.7513854679802956,3.193154250290376,249.29264365103776,49950.0,0.6987948239950185,1.0026206604364827,1.8140304501741984,0.33637503837042604,0.4448258547962578,0.684091717973046,0.8567391257461514,0.8177807082971884,0.742386333699317,0.3261806534423158,0.3126506830443858,0.289370696606108,0.9438058950082968,0.9192059260229991,0.85313657319424,0.10667335939365906,0.09796999998442404,0.08396029210342829,0,benign
67.94106990622336,62.0,24.38443439222103,594.6006406285318,2.0103519906197844,8.894201033148159,48896173.0,6.319844285151973,24.0,238.0,214.0,43.0,51.0,80.0,100.0,29.0,18.294733185723974,9384.0,408.04877323527904,0.8756469955199221,158.28847120733198,76.44568539210141,0.9820008371703641,0.7476695084057047,2.07060045829201,109.30727280375615,9556.0,1.05180361525884,1.4098912260375838,2.2057992571955465,0.3335526949979106,0.4385280007195106,0.653660689562847,0.8792958329418837,0.8443080820223037,0.7776466435194331,0.3692964069506059,0.35190872399650514,0.3221198350748799,0.8648789418518585,0.8178397677916631,0.7099073727023856,0.13668461414547634,0.12409656484117158,0.1039681620958167,0,benign
65.43572749691738,60.0,32.079219524050586,1029.0763252722281,1.019265512042881,1.3684090190419331,34457189.0,6.810516942627827,14.0,225.0,211.0,30.0,40.0,84.0,110.0,44.0,25.644770065878998,6488.0,320.59292911256324,0.7672168774227638,114.50827289361929,73.44420503832269,0.9725678309099085,0.7488457987072945,1.559119236621455,90.88882310956467,6671.0,1.2042779330331737,1.636284632649401,2.5106026387006035,0.31308790042954,0.41687298166113107,0.6214078269999326,0.8901735914356907,0.8577511670575473,0.7983581549810623,0.33906840422096646,0.32451889043921384,0.2982957955345987,0.8749215165671518,0.8294542866006421,0.7354923084215793,0.11507453225495715,0.10541157823581593,0.08906782289189363,0,benign
60.15901823780199,56.0,35.19868527825331,1238.9474453175262,1.7591448681901356,5.627952552610038,164085663.0,6.8937650146727645,0.0,240.0,240.0,22.0,37.0,75.0,99.0,38.0,25.106602864995025,33776.0,790.1980515339462,0.9071446133763754,320.6202977974801,134.92312058874214,0.9850389337688471,0.712123128821421,2.376318427845734,207.37632184744442,34289.0,1.6751023535683736,2.23759037336162,2.9867728343409046,0.3848852751536274,0.5029203346575858,0.7018049174542169,0.8682803313903207,0.8321299753023148,0.7676412605652287,0.37389122386697626,0.36053769547912584,0.3376501677309116,0.83366982149654,0.7772043922720169,0.6998826354616353,0.13995268406369663,0.13010748210324236,0.11410235329067883,0,benign
124.42798165137614,119.0,21.306655287370457,453.9735595348315,1.6691041084410265,2.9848819391064847,104223377.0,6.0105139391584235,74.0,215.0,141.0,106.0,112.0,128.0,154.0,16.0,14.872942653536457,6540.0,449.17871555019025,0.9668699635027339,195.30377860718488,49.85508109880157,0.8649649517259622,0.5526449214128781,3.917429764483517,91.25232392968391,7561.0,1.9388295645899545,2.61459789358744,4.300435786567667,0.3902888635333396,0.5128275174893453,0.7914189463539407,0.8847562829684308,0.8544140858367029,0.7952622493460508,0.48858585804895693,0.4760173201097453,0.4508343369572179,0.9224139481555161,0.8952375104006223,0.8271039592092749,0.238953905195225,0.2268297306830904,0.20361438939533572,0,benign
70.2876275510204,54.0,39.48308601941322,1558.9140816163838,1.0402240373213198,-0.015269269597193436,10190847.0,6.775358258093181,21.0,197.0,176.0,33.0,40.0,91.0,139.29999999999995,51.0,32.43024634917743,1568.0,150.3259018078045,0.7262009862243686,53.990249725563885,37.117349493123236,0.9806128830519074,0.8452830188679246,1.4545825729169242,44.68153540496046,1599.0,2.0610821614567456,2.8169356217219708,4.374557995024768,0.5825377175543656,0.7685666627120566,1.1451304315751456,0.8019398319887382,0.7470498720836126,0.6424219669018031,0.30737847821565856,0.28798204274017014,0.25687215628044113,0.8292277833151689,0.7631802374205073,0.6139657775567434,0.09476420437381335,0.08313702461678042,0.0660719851894892,0,benign
153.09930319944547,152.0,22.583730193597173,510.02486945719266,0.9099586496793413,1.730628239517742,656477593.0,6.419551993249806,91.0,255.0,164.0,127.0,138.0,166.0,179.0,28.0,17.167064157002766,27411.0,726.9432175380074,0.9213391987447976,300.08651715256656,116.6615353170738,0.9850504905307794,0.7563741721854305,2.5722832837486918,186.81747552286308,27827.0,1.5128798365950418,2.0659045159609457,3.2570164884369683,0.4424062806240623,0.5727059438319152,0.8207098053842978,0.8391193744101799,0.7995217252197875,0.7322321476318698,0.34437091217628024,0.32783357971096455,0.3026844221231644,0.9482901971325693,0.9290504770033332,0.886473533055307,0.118974451395652,0.1077021676152814,0.09180863957912645,0,benign
111.73897032788047,106.0,33.964028931895506,1153.5552612866347,1.2631807522260134,2.136631917947075,192598476.0,6.883878142142034,36.0,237.0,201.0,77.0,90.0,124.0,154.0,34.0,24.60416662184529,14121.0,468.8599564173221,0.7385787056785449,163.87669469012988,110.48030236621318,0.9860344947978493,0.737312030075188,1.4833114245734202,134.08734321778934,14321.0,2.240710279653615,3.0460396092627557,4.50722785820083,0.5199072420399737,0.6819236230800523,0.9883728897164219,0.8317938954544986,0.7873752752809273,0.704871833206322,0.32770144525687606,0.31271055957637633,0.28738304729730285,0.8893557805916976,0.8490444057992057,0.7736443164491693,0.1075916902598178,0.09790645605240428,0.0826760693029917,0,benign
82.48967384039567,76.0,31.69715694446016,1004.7097583617391,1.0334900122989128,1.4285258614313037,467368356.0,6.8903151721807125,16.0,237.0,221.0,48.0,60.0,100.0,125.0,40.0,24.69867056919368,59848.0,1089.216341497176,0.9206885082392886,448.5874636739096,175.08287149601776,0.9837434456005392,0.76414708886619,2.562143628562276,276.0449968271659,60837.0,0.6709145597196859,0.9965594346376652,1.8790061556349207,0.36736683369583645,0.48623147027161473,0.74508141141353,0.8393689784979884,0.7965952886477196,0.716497451540672,0.3182189229483403,0.30345443876364825,0.27997752708501833,0.9455201050466921,0.9189710134479729,0.8466450981639815,0.10159954966037986,0.09229867301107328,0.07857900402834658,0,benign
87.42073006465517,82.0,32.716498209167405,1070.3692550704538,2.1149413129691212,6.7352362028522315,129366961.0,6.643302110733611,24.0,238.0,214.0,56.0,68.0,99.0,118.0,31.0,22.192152578963963,14848.0,498.75945135393374,0.8446625658392606,189.81315745045762,101.60681650172329,0.9801954053340375,0.6744186046511628,1.8681144039901922,137.49567542372995,15148.0,2.147865538655414,2.8938837650645803,4.192069744328458,0.4697161331419976,0.6131570179792326,0.8768369467876251,0.8518793151652981,0.8126577107747746,0.7411495272674649,0.3770294899117539,0.3644973373294836,0.3434719745078637,0.8539589496399533,0.8030273748288037,0.7135356863048171,0.1422681093338181,0.13292373391609863,0.1180185061188421,0,benign
70.47446155697268,66.0,28.969841112370286,839.2516940759797,0.6499225397313736,0.25394607656658774,193011387.0,6.8192802250732445,0.0,197.0,197.0,37.0,49.0,88.0,113.0,39.0,22.98744050310397,33244.0,860.1564209736038,0.9368526955786252,352.07967348239697,123.13078754170995,0.9776209380973386,0.7326501377410468,2.8593959359118997,205.73666524267315,34005.0,0.5132280352004351,0.7388315425632183,1.3203214094920572,0.29841599342692154,0.3943384237248629,0.5985630932560164,0.8668160576806341,0.8295523559752502,0.758905627327144,0.34632476113306265,0.3324138377277215,0.30918524963821226,0.9466050218943307,0.9229678225685427,0.8616207013599112,0.12022099526771193,0.11070374562444046,0.09579304031547257,0,benign
49.659027562712915,31.0,53.7359071799684,2887.54772045418,1.4951217626882538,1.7386126126107078,17286667.0,6.943753683054549,0.0,255.0,255.0,2.0,9.0,69.0,131.0,60.0,41.31976117258037,3229.0,221.50966799187808,0.7182050265209121,76.98432739046505,53.568123516633236,0.9802671523983,0.7912276402842441,1.4371294407309403,64.11934567624533,3294.0,2.506656172774594,3.5566859284911603,6.020562343337038,0.611594525137226,0.8194654395393336,1.256746412872939,0.8035222465396561,0.7527470028013824,0.6638039335123137,0.4632406912585417,0.44383504261419454,0.4036827105192848,0.8572625310080582,0.7960881370174433,0.6486518443918461,0.21478219454945055,0.19717669764412585,0.16314717719535918,0,benign
87.38705073309978,83.0,40.12314058933667,1609.8664107516756,1.6304260855929928,3.59514135030906,71261720.0,6.931729477507402,19.0,242.0,223.0,44.0,61.0,102.0,124.40000000000055,41.0,28.08863142502012,7707.0,352.83556979968256,0.8147651862128353,131.13173557909545,76.02901001558565,0.9836630504148054,0.7726315789473684,1.724759214307985,99.05986660234254,7835.0,3.7481575765786275,4.929253848233603,6.659973693710903,0.6681042286305443,0.862759781907511,1.1885900102370912,0.816318956867472,0.7703053140504096,0.6891665498025448,0.29734774895768423,0.2813269618819125,0.25457902887068184,0.7672116774820414,0.6919287915098336,0.5739190579062585,0.08862407674561024,0.0792433937122052,0.06487817413619906,0,benign
45.52427184466019,39.0,23.283145375104436,542.1048585582471,1.5499393673027053,2.6166848079328,4847402.0,6.180275437482961,9.0,163.0,154.0,23.0,30.0,53.0,78.70000000000005,23.0,17.16661953687121,1854.0,176.60407640085654,0.8541563729120427,67.67107123333898,35.190056068333206,0.9732283464566929,0.7506072874493928,1.923016863114201,48.58586333429706,1905.0,1.0204078588330239,1.3847062758246973,2.1051350022883697,0.3846758654530036,0.5088046421928002,0.7544358172796204,0.8554721500203601,0.8127898812353613,0.7304576653543686,0.3909041014335478,0.3695354902000838,0.3317375671132716,0.7762317875717623,0.6917366101901392,0.5086731416656195,0.15316905905719794,0.1368867173900406,0.11036360762814398,0,benign
116.72131761182857,117.0,37.355943383463135,1395.4665060685033,0.15573487606412323,-0.8300831917341789,320993174.0,7.177129552899113,34.0,221.0,187.0,68.0,85.0,144.0,169.0,59.0,31.25450792813097,21372.0,590.6944801964783,0.7111145864130881,200.33526741205168,140.85094457367234,0.9858843066703571,0.710127591706539,1.422321078629799,164.9596179374816,21678.0,0.6714365188260311,0.9509533394960691,1.6368747772432084,0.2928224563748946,0.38694153482015947,0.5836962393452416,0.8768745625686326,0.8421165803667884,0.7770055425063825,0.33447549523436965,0.32373659093026524,0.3049063084341218,0.9716734270042087,0.9598250483763107,0.9304792686884118,0.11196802582782298,0.1048340020491121,0.09298012455891055,0,benign
133.28224548897305,142.0,52.746639033925604,2782.2079293752445,-0.11181546180621445,-1.3501674622647866,92232632.0,7.393387059365437,35.0,244.0,209.0,66.0,81.0,179.0,199.0,98.0,47.558133862627294,4489.0,284.06601717798213,0.8928090428484583,114.25437380384503,51.46420992865212,0.9794894174121754,0.7166347381864623,2.2200743771689613,75.60140419539934,4583.0,2.5431838322426668,3.533009417980306,5.861620779549377,0.5498727677024291,0.7404365957559886,1.159038437555842,0.8198830646450523,0.7678703996492389,0.6688625086409081,0.3066042827548457,0.29290278101945366,0.26717793053108785,0.928619382925657,0.9004829257868333,0.8331709294014855,0.09416685998955866,0.0858996195981923,0.07151507450169493,0,benign
179.89954563858024,179.0,33.486870454600194,1121.3704928431755,0.012758354878697066,-0.46893818079662175,744342889.0,7.043690451473588,88.0,255.0,167.0,135.0,157.0,203.0,225.0,46.0,27.164954647894877,22229.0,820.3919189857867,0.9786882653041944,380.74471245668866,78.18653564728162,0.9637546065467159,0.7786534958666106,4.8696966722546735,168.2344846929961,23065.0,1.7585010786055024,2.4722025245052635,4.4125882627517115,0.4950566407168696,0.6547462664324016,1.016496176636482,0.8164845914144094,0.7677446987229124,0.6764187008569931,0.2822755304282663,0.26637670613878417,0.23981718263962282,0.9566502667069718,0.9385876492522679,0.8883276897336968,0.08009639561433471,0.07126655399684949,0.05789234769752021,0,benign
64.49199431549029,55.0,45.10268307129015,2034.2520202292433,2.2055945069519733,5.638878527222303,65372069.0,6.846697559795441,0.0,240.0,240.0,24.0,40.0,75.0,105.0,35.0,29.4267357131589,10555.0,403.11984104714446,0.7860422311336805,147.81449956320498,91.37490310123573,0.986172101280015,0.7804643596569062,1.6176706573296051,115.92688814369012,10703.0,4.174291682177586,5.487826001430633,7.553794003767477,0.7069522172501198,0.9138820693420467,1.2803328939713523,0.8059217550224299,0.7569428906610288,0.6668070738410492,0.317145834401544,0.29906516829487995,0.2678557025812006,0.7198951715170744,0.6310875208864011,0.4885328658845105,0.10089910636056117,0.08964265706905566,0.07192084242968672,0,benign
71.60379196642685,58.0,50.63860783756309,2564.2686037265066,1.789079382823018,2.899766602907679,102633663.0,7.038999027187415,0.0,240.0,240.0,27.0,40.0,82.0,139.0,42.0,35.49662202567083,13344.0,487.84776310850236,0.8962373456981774,196.2381616565841,87.04630706536278,0.9874935247539407,0.7836504580690627,2.2544111091264276,130.3461103560287,13513.0,4.231847820528927,5.736911569552884,7.731492296859931,0.7027507641498628,0.9178079332961496,1.262479340926221,0.812617209659177,0.7673250532024346,0.6857217914932858,0.3064139726662931,0.2905113150117681,0.2623878559410014,0.7749305910688095,0.6935281778272956,0.5817785331571236,0.09416140294256883,0.0845925832266975,0.06903196558632796,0,benign
73.07499109369434,58.0,50.848030089763945,2585.522164009539,1.9453148353029495,3.1707585191730763,44493625.0,6.833354567308421,9.0,237.0,228.0,32.0,43.0,78.0,140.0,35.0,34.91674009794588,5614.0,280.3086578651014,0.4274546076001475,89.07738411351944,80.5292344040732,0.9856039325842697,0.8272914824638963,1.1061496458112843,84.54564923248981,5696.0,5.040314353516037,6.710235097023078,9.546889068578238,0.8050543248518388,1.038254162374156,1.4621539614496264,0.7944849641602656,0.7474017989441848,0.6592968724330849,0.2913950158342848,0.27430273629686625,0.24473039838994945,0.7367091228758154,0.6480528558707763,0.49130170020276714,0.08521504818482109,0.07541916192332085,0.06002180494874916,0,benign
52.67192254495159,45.0,39.31889483502738,1545.9754910479426,2.571519780891218,8.544678669919092,62471638.0,6.715711394764381,0.0,239.0,239.0,16.0,31.0,62.0,84.10000000000036,31.0,24.877915822539023,14460.0,517.9898987322333,0.9094860317607172,210.9791328988583,87.7113001500171,0.9872328804533351,0.773055332798717,2.40538143361243,135.68730160508923,14647.0,2.898142897877749,3.878675639265003,5.071428870846509,0.5002309505720341,0.6446460262973133,0.8691082057941847,0.855211756794139,0.8204287012760914,0.7584363898775696,0.3699684675329912,0.35450291489162533,0.3271820207857621,0.7312825194160355,0.6395724453565086,0.5248582750751695,0.1372139679360107,0.12592899024212845,0.10727870104128512,0,benign
51.99321397632111,45.0,44.02205454233308,1937.9412861281485,1.9925501428154415,5.171396973736215,96435593.0,6.911654692424608,0.0,240.0,240.0,6.0,24.0,65.0,95.0,41.0,29.848350744266348,20778.0,700.747258045114,0.9601240157076891,308.2059105412918,86.16649868067681,0.9824577994231406,0.7869858344064844,3.576864735835068,162.65107211607062,21149.0,3.091720486948882,4.193841324223197,5.773116841363075,0.56528397684679,0.7382428686388902,1.036681671178215,0.8308713469637499,0.7884292802026069,0.711048534823808,0.3734433765417686,0.3563171202658263,0.3246875237695366,0.7586236604407006,0.6715276698352115,0.5442248275092055,0.13983915411730366,0.12728842889945885,0.1058078926770763,0,benign
70.77808100642326,63.0,41.82934799457164,1749.6943536509746,1.273318083042292,2.3697129770003444,203094617.0,7.194055634280177,0.0,237.0,237.0,25.0,42.0,93.0,122.0,51.0,31.708581380279266,30047.0,813.0853531617383,0.9427162862915062,340.613282613279,113.6270817734868,0.9827952768782913,0.6972755963984034,2.997641735552836,195.5940402994361,30573.0,1.9193149026035266,2.6136322435595636,3.792497973086215,0.4623448773448771,0.6059546238879356,0.8747172043536376,0.8431336919234105,0.8018986115908644,0.7252695667622495,0.3602726570536635,0.34766567526589176,0.3245818491068472,0.866118597660467,0.8175457223853152,0.7345541402823412,0.1299819281421109,0.12103876145088137,0.10554492566348304,0,benign
93.63915672495506,87.0,31.02717010715648,962.6852848584246,0.715802231388755,-0.04656560858640679,59543848.0,6.835922361175953,38.0,201.0,163.0,58.0,71.0,114.0,139.0,43.0,25.20950871398689,6119.0,356.3086578651014,0.9315767258845123,149.24258174533725,54.256360875022324,0.9694233206590621,0.7275862068965517,2.7506928098092027,88.26637397239371,6312.0,1.2698935437252126,1.7276800076142176,2.857619106245866,0.4231191604490152,0.556085398939301,0.8506114635728526,0.8420572623721705,0.7993517045047616,0.7154054841064683,0.33008757638958386,0.3142859675162972,0.2861804518600242,0.914053844203079,0.8821043048780137,0.8010395833103978,0.10927586539948622,0.09901103694364032,0.08216428909759714,0,benign
18.780148082985118,8.0,36.23552259290442,1313.0130975808866,4.69724241365884,23.74914390811029,22721910.0,5.314993016250811,0.0,236.0,236.0,1.0,2.0,22.0,37.0,20.0,18.231109108068075,13641.0,448.61731573020285,0.6756152330926484,153.74667912404183,113.35041634669562,0.9884782608695653,0.752191894127378,1.356383894116361,131.78869689670793,13800.0,3.006093793426942,3.835629983765338,4.701689092965842,0.3211730350356602,0.40707326198907257,0.5180510619082594,0.9391996809699421,0.9240146520992853,0.898328490496483,0.7372722994824483,0.7279831816073066,0.7115467809518994,0.5525949634064055,0.42541485695604697,0.2781036108048779,0.5436175886781084,0.530006006882638,0.5063400566888353,0,benign
71.33733368118966,66.0,37.57668158712235,1412.00699909998,3.0161718077643536,10.044400200427244,49836836.0,6.281517904280631,22.0,238.0,216.0,41.0,51.0,79.0,92.0,28.0,21.68347412643806,7666.0,382.50461735799473,0.9041207094993494,153.66219376830873,65.65634057341482,0.970871327254306,0.5890126776796004,2.3404014361185506,98.79602395815206,7896.0,2.5737412353224864,3.392308857134987,4.769741445343651,0.46683063298966193,0.595810696013217,0.8298244843943681,0.8706115064668846,0.8407914331249605,0.7837684989317477,0.4455447686020577,0.43510039341294404,0.4150253738403516,0.7974629520016643,0.7331822885938817,0.6254160365393823,0.19862601059874582,0.1894018810240227,0.17235876083249077,0,benign
75.0222748815166,56.0,54.24306343091196,2942.3099303699382,2.2534762939756847,3.55452272524082,18084075.0,5.948244192033634,28.0,235.0,207.0,42.0,48.0,69.0,221.0,21.0,35.156438983850315,2110.0,184.12489168102783,0.8340956286021944,69.94013774972939,38.580369780005725,0.9759481961147086,0.7568149210903874,1.8128425971172486,51.831799499835945,2162.0,8.087912214394311,10.361194296274544,13.700564641295598,1.0226793534122782,1.2868722805742332,1.70885066620644,0.8028975818047657,0.7608309085945821,0.6830233596074331,0.36522663115892423,0.34789997180918947,0.3173669120886111,0.6264605693214815,0.520282332608261,0.3582693310342918,0.13372953647700295,0.12130642636867733,0.10102899532666099,0,benign
80.9201058837685,78.0,35.56210189402509,1264.663091121023,2.3497937273814586,7.718840943340766,64931571.0,6.581363546936152,16.0,237.0,221.0,45.0,61.0,91.0,108.0,30.0,22.341333766191138,8311.0,386.4335495461292,0.8986752051627674,156.12366418314494,68.47813778943055,0.9785705875426822,0.6513322884012539,2.2799052255659076,102.86833262133658,8493.0,2.584334463841746,3.44146581661071,4.8110082328973505,0.4907256804319452,0.634343813983586,0.8838702777890048,0.8602747157742537,0.8255717891536803,0.7621971865167064,0.39486806144500186,0.382547323142039,0.3598518680042638,0.8179673218377649,0.7574781995296227,0.6601423042748211,0.15607523858102967,0.14646819927205473,0.1296349323329284,0,benign
75.84408230907333,73.0,41.295558544391845,1705.3231554932943,0.8712042971311418,0.8337196546311962,54000829.0,7.217832463403315,2.0,231.0,229.0,28.0,43.0,97.0,129.0,54.0,32.13981970313175,7241.0,366.82947314527274,0.905327005450186,147.83656126018582,62.78843678737107,0.9801028695181375,0.7765980265980266,2.3545189022753448,96.01837086426386,7388.0,1.4230098738821584,2.0667541687731696,3.715867217140088,0.47847536005863867,0.6409518890441632,1.0020005092912152,0.8204401345845971,0.7715150996531613,0.6785072523030902,0.293361104862239,0.27580345269055656,0.24407089455341385,0.903358529186099,0.8591634369955683,0.7441078226305888,0.08639656186787864,0.076315054082716,0.0598366534758254,0,benign
146.7497531344445,141.0,27.650070753676285,764.5264126833047,1.0254110826502807,0.7629518449175814,745244250.0,6.638014610667711,81.0,255.0,174.0,118.0,127.0,159.0,189.0,32.0,21.40239001249001,33419.0,789.416305603426,0.9003337431188166,315.5767974987229,137.33906251678363,0.9812666999442112,0.8045016851227732,2.297793444309827,206.2774644635337,34057.0,1.2288733376883791,1.7123281830564463,2.901706442930017,0.3966223462841164,0.5203329246938474,0.7819972560358991,0.8439664022340896,0.802567835135687,0.7267820593160312,0.32394937393498724,0.3060372533944291,0.2786759714096311,0.9506869591911384,0.9309410747802973,0.8810737961695798,0.10540796579453177,0.09391656044311514,0.07784631088131096,0,benign
108.24878089793172,99.0,34.16446397056573,1167.2105983960837,1.6409007192626932,3.1676822688421087,153254299.0,6.771628702935552,53.0,255.0,202.0,76.0,86.0,121.0,153.70000000000073,35.0,25.120769759013317,11894.0,478.69953083036154,0.9228916463136692,199.0478834829462,76.64532775943968,0.9805441055234955,0.8067010309278351,2.596999573250978,123.06059948285652,12130.0,1.6954978788245105,2.350984496250241,3.9820603758288877,0.4711260457109335,0.6202526672767631,0.9493344825306516,0.8306334387562649,0.7866078570164324,0.7022685767299877,0.3174952545728076,0.2989439555377413,0.268138349676618,0.9009042403985059,0.861537414731627,0.7602976839024111,0.10126208421706731,0.08968050872191832,0.07217648046948774,0,benign
95.03151974888831,86.0,40.0260499201831,1602.0846722129895,1.7992427163821572,3.697360696773405,81300487.0,6.817358923706811,13.0,238.0,225.0,60.0,72.0,106.0,135.0,34.0,27.168611394242305,7646.0,401.01933598375615,0.9346080825979413,166.13826594347805,59.091934542217736,0.9680931881488984,0.6011006289308176,2.8115218638642125,98.6670642060716,7898.0,2.89066864303465,3.84756082725909,5.627438826433652,0.529706580935667,0.6889625222840395,0.9851409744263672,0.855606735987049,0.8184425740901418,0.7513710071931324,0.42464226843260955,0.4138289585186748,0.39299648444835056,0.8513947544887415,0.8021807976319677,0.710625549286006,0.1804147425495266,0.17133337342548,0.15455072115871774,0,benign
96.03557720696782,82.0,42.73382235141729,1826.179572762492,1.5995349802584249,2.171408362294664,74846005.0,6.879811759517063,33.0,236.0,203.0,58.0,68.0,108.0,159.0,40.0,31.602787896095183,6774.0,402.3502884254441,0.9600907436820239,177.04461588068528,49.51737687148451,0.9688215102974829,0.6751046442096871,3.575403768664484,92.87047257355802,6992.0,4.289474489815005,5.773314831833237,8.330526412051693,0.7102699582130669,0.9290052000521383,1.324237770570317,0.8196141854380259,0.7746924486313964,0.6927758620189405,0.3595982878601845,0.3454072044463872,0.3182911368649277,0.7895089003545592,0.7160047900741617,0.5866212697611759,0.1295749875828445,0.11960017369773368,0.1017044736435796,0,benign
118.62027592519942,112.0,35.83413657512867,1284.0853440849742,1.0481494732117573,1.053161964911097,469674311.0,7.025746891151117,40.0,255.0,215.0,80.0,93.0,136.0,169.0,43.0,27.67173193130949,30588.0,895.4873734152916,0.9693238304523122,399.87220353875887,98.28344000852675,0.9837900424546507,0.7356421356421357,4.068561331431493,197.34703239308962,31092.0,1.081267721378481,1.5066345895228144,2.585547667619691,0.35794425950280384,0.47331502011592635,0.7289579139495995,0.8595544256813212,0.8208677539378778,0.7452825510685168,0.3303322167203762,0.31730188514489344,0.2945542487891349,0.9528003762549652,0.9339509207286434,0.8854117996950632,0.10937464036401595,0.10088929956953824,0.08700061202441928,0,benign
57.47385815321568,45.0,43.98222042586945,1934.4357135897678,2.318668903924763,5.713476165085007,79240862.0,6.735224352360497,0.0,237.0,237.0,22.0,31.0,65.0,108.0,34.0,28.873804207734434,15129.0,487.78279195104676,0.8138932909176582,182.38537129195342,105.96852361570082,0.9883713333768864,0.7899023651647261,1.721127794073846,138.79063755274805,15307.0,2.8971426420460458,3.829969633698618,5.316595680955405,0.5008503141208027,0.6456508084331036,0.9068119381730586,0.859352633064468,0.8251256788144915,0.7595997899089038,0.34751060857023197,0.3319756754311941,0.30330686039677357,0.7854221373919479,0.714970428946264,0.597633914886775,0.1209938939821218,0.11040832106140593,0.0921572878367978,0,benign
49.61399524689728,40.0,38.00099208693387,1444.0753995912107,0.9073589020505084,0.2612054189938475,73952989.0,6.902717693247216,0.0,208.0,208.0,11.0,17.0,74.0,104.0,57.0,31.649899325510695,18935.0,551.7239174480011,0.7844842548162223,197.48897614391848,122.47253879950283,0.9813931792267026,0.7645871189178276,1.6125163900392678,155.27005757569714,19294.0,0.6938354991179896,0.9557554907198813,1.552605990416129,0.24575101271870486,0.33002339251031065,0.5116561057822859,0.9040205162778727,0.8733077902892432,0.8107561871784795,0.4306132556258064,0.415760271844514,0.3867571913905654,0.9297474456813869,0.9030643016827458,0.841597113601555,0.18560103135038,0.17304603378647845,0.14975423156658577,0,benign
67.475817521195,60.0,39.0995241692042,1528.7727902581832,2.2075144659958026,6.628667970128847,75322582.0,6.803644803346369,0.0,238.0,238.0,32.0,45.0,78.0,105.0,33.0,25.506702030093898,12385.0,496.5340546095176,0.9299007126560016,207.41338434045394,76.28884899163914,0.9840298744636898,0.7633752465483234,2.71879032233381,125.57496470851581,12586.0,3.0613770539042258,4.121683701717956,5.768666271083776,0.5977234068266674,0.7813314675989561,1.1038848722758194,0.821570397156031,0.7755314557146621,0.692129476802108,0.32856670419126327,0.3111185650859691,0.28012805908865795,0.755966157042167,0.6697886390617847,0.5302307529371588,0.10831533418843924,0.09708845990145167,0.07875999031647513,0,benign
80.87486951075232,65.0,50.889613209822116,2589.7527326453014,1.7961625328812183,2.5555492189736153,131196115.0,6.969982305279561,13.0,255.0,242.0,39.0,48.0,89.0,158.0,41.0,36.111900265339216,14369.0,536.6345596729059,0.9342634309601631,226.89126078662613,80.90569551113464,0.986272221840895,0.8151236668935784,2.804391697682152,135.25967254987555,14569.0,3.533985283808291,4.7371827858234745,6.7011501430419305,0.6047160771054576,0.7831914964240592,1.0994763403223105,0.833805051053818,0.7954733005698653,0.7260765877154796,0.31236950850239775,0.2984683918693127,0.2739946637453381,0.8240401805012917,0.7632533560977528,0.6607974870151492,0.09781261973049657,0.089283611990196,0.075246822832297,0,benign
77.70538167683131,73.0,42.10948535237324,1773.2087566417367,1.1506641154538582,2.2550395149573204,233105862.0,7.231047714449353,0.0,255.0,255.0,28.0,51.0,97.0,123.0,46.0,30.8376337435557,29842.0,656.98484809835,0.6508714052741731,224.04341398572953,170.09107055842733,0.9917251005283972,0.7965513559683963,1.317196800808948,194.92566402089471,30091.0,1.790753435754493,2.41619215688029,3.4328181727369587,0.4461349758439155,0.5836510233093563,0.8365877351763592,0.8422674699299209,0.7993067394588143,0.7198060368963539,0.3003087157189301,0.2851687637715657,0.26005908535446065,0.8821789186275443,0.8404341450932202,0.7704971008220998,0.09034096444656758,0.08140161089325498,0.06766379715898414,0,benign
77.58838799397381,74.0,43.25801581109526,1871.2559319129675,0.6656088993058931,0.17166557072449073,340466423.0,7.324410505467711,1.0,254.0,253.0,24.0,42.0,103.0,136.0,61.0,34.54397153378701,43145.0,793.4112549695428,0.591678615207815,262.59789407542695,211.69957805080045,0.9917250890702218,0.7872025981608525,1.2404271019019826,234.3798629524273,43505.0,0.6164206961121331,0.8195368435722806,1.2880687202967946,0.2531822165846852,0.3287373944780151,0.48012652927437943,0.8923372813703263,0.8622658253543535,0.8069185036066077,0.31030562954742125,0.29820116515130696,0.27742180407730926,0.9613644158014643,0.9485627302600268,0.918845526860139,0.09642144108672211,0.0889988858810779,0.07700689758193908,0,benign
75.32441867345128,71.0,35.54200197025783,1263.2339040538116,1.576549348882514,4.389102267216864,234484540.0,6.918925046303749,8.0,255.0,247.0,36.0,51.0,93.0,113.0,42.0,25.857862828257215,33802.0,742.842712474619,0.8411462985153314,282.7540309312486,152.91554043286297,0.9870349821877008,0.789544987386714,1.84908630039071,207.4561232914998,34246.0,1.5985972207691375,2.2177547292381243,3.3079715187572756,0.3992536274654092,0.5277523991989138,0.7639750655647262,0.8584743323167321,0.819407302704531,0.7496977258310868,0.30777538155163364,0.292298164569185,0.26729190815846343,0.8685640002853836,0.8168950465884988,0.7231730727170456,0.09487324505136391,0.08553849023283035,0.07150761184518711,0,benign
54.04783567686793,49.0,22.267891316645493,495.8589836899357,1.254939781024757,1.9215467393115722,74361353.0,6.316420718869018,4.0,161.0,157.0,31.0,39.0,64.0,85.0,25.0,16.844171792867506,21762.0,629.2031021678297,0.9007214927589983,253.45331244560217,110.09936990685425,0.9832821254292428,0.7661327231121281,2.3020414436524708,166.45791952480545,22132.0,0.4345960540896694,0.6261839437293918,1.1041204929382604,0.27724456923137675,0.36590789905911236,0.5549230333568591,0.874832465533152,0.8394978837505763,0.7700832392652556,0.37690486038529425,0.3589331518651525,0.32772446742789896,0.9188082650897369,0.8827574471574499,0.7919012410034927,0.1425260874129562,0.12922898352578158,0.10778231105826032,0,benign
64.49837364056215,59.0,29.27722861621351,857.1561154460312,0.8324824959565138,0.40072762655120453,404125129.0,6.779222210582751,3.0,201.0,198.0,32.0,42.0,81.0,108.0,39.0,23.441037275997253,80548.0,1127.3645737753168,0.8179946696643885,424.80620481649305,244.35948879452175,0.9915430541022958,0.808471343972699,1.7384477554448734,320.245060616597,81235.0,0.3636994964567525,0.5295021769609803,0.9676122782514447,0.2628617580592748,0.34514954837371853,0.5251392826347839,0.877140989264624,0.8433342606594556,0.7758671704035579,0.3249151874678104,0.30954437627696973,0.28311926675489363,0.9563160508237378,0.9363450424679485,0.8833708998728035,0.1059871130134182,0.09615250974117774,0.08047218660206226,0,benign
75.13111358929424,63.0,46.15527659621826,2130.3095576734127,1.420122685914842,1.9389539953241144,195214544.0,7.21922906974644,0.0,255.0,255.0,30.0,42.0,95.0,137.0,53.0,34.91425507634643,25108.0,614.3574311003805,0.6988196188186319,212.41356886337715,151.93898784788834,0.9874542808825264,0.7677113591194007,1.3980188486975582,178.79736712046537,25427.0,2.0618353524228543,2.817141734652958,4.072504910302836,0.4982516654143969,0.6504999726096405,0.9308004278043183,0.8297197937883718,0.787349165617283,0.7104917704795907,0.30490398166940885,0.2912199157707594,0.2678694684035345,0.8788927818645291,0.8344241672118842,0.7599727962626984,0.0931527463752496,0.08491960446988382,0.07183187564050805,0,benign
58.14876957494407,53.0,31.54474274456192,995.0707948205919,2.7052882505065,11.640116300367927,101723884.0,6.554772381910002,0.0,237.0,237.0,29.0,40.0,69.0,90.0,29.0,20.533429617592493,23244.0,600.4995667241113,0.7212546776310483,208.20381590209294,144.21653131389016,0.9889801301961452,0.7256493506493507,1.4436889724447275,172.03249686563328,23503.0,1.7329473851745805,2.269292828395642,2.992690071081528,0.36100432791609266,0.46383024735336426,0.6308667544099746,0.8843333877419322,0.8542511775906512,0.8007968444891949,0.37681119755648596,0.3628408056072759,0.3391960335339603,0.7987847324853398,0.736346729928004,0.651516728417413,0.14215359510839565,0.13177383127589146,0.1151223130913073,0,benign
81.96515175847118,68.0,46.89793515853879,2199.4163221345093,1.7151969995484047,2.6627965700723655,55530533.0,6.962083562567086,12.0,240.0,228.0,41.0,52.5,94.0,143.0,41.5,33.77291641849683,6227.0,307.6223663640862,0.7584091970709114,110.62009802087982,72.09982504176891,0.9865335868187579,0.7973111395646607,1.5342630575982026,89.04191510219138,6312.0,4.221940827617916,5.578955400297328,7.717011528866952,0.7199799044475356,0.9349486622506668,1.3056476387722316,0.8104623396728056,0.7621416479662328,0.6763869573486507,0.29312506612931427,0.27627379468025703,0.24779016968749312,0.7688505782743189,0.6926682702014768,0.5671265411366961,0.08614490534842008,0.07644848569273341,0.06146105393692457,0,benign
18.914364135407137,7.0,25.41226739953061,645.7833343852462,1.699841616981282,2.4037922035953745,5484327.0,4.984531030908058,0.0,156.0,156.0,1.0,1.0,28.0,59.0,27.0,19.518022113608264,5465.0,290.10155108391484,0.7514083165111639,103.09217483369035,68.0240841204574,0.979741842954464,0.785426846795056,1.5155246287643387,83.4161501867454,5578.0,0.5305160227089446,0.7239876132475198,1.1338254444648048,0.22168555198220666,0.2930315634817635,0.4369837912039796,0.9130136189040673,0.887249461275764,0.8381981286258837,0.6882977295692474,0.6753992013436753,0.6494125385701193,0.8376830248887068,0.7784313980911496,0.6518500361697841,0.4738487566614478,0.45626483908838944,0.42181616556838775,0,benign
65.61695107673751,55.0,35.95961655529673,1293.094022803971,1.1914281048495161,0.7452517207032274,157809945.0,6.837558884819723,9.0,203.0,194.0,31.0,39.0,80.0,124.0,41.0,28.127592431476838,28186.0,678.0559159102154,0.8164565218258714,249.4911686747985,144.0579265596579,0.988878363681016,0.7537976037655113,1.7318808803726475,189.44004277846142,28503.0,0.6287942415572356,0.8381227746238976,1.2935359937941235,0.26100634963623376,0.3374879521133799,0.48365222309670197,0.8923322925847101,0.8629123649514736,0.8110168345735674,0.34609710462268783,0.33267406455705084,0.31115380823756666,0.9435237423027534,0.9245617540031068,0.8828904216057137,0.1199173462763099,0.1107732945674185,0.09688649323953052,0,benign
64.1489343989344,54.0,44.07069117387219,1942.225820542816,2.12138672336241,4.70232017158991,72760427.0,6.860485910205864,0.0,239.0,239.0,26.100000000000136,38.0,71.0,114.0,33.0,29.259776839322292,12012.0,485.40411229460636,0.924389615003417,201.01551228253737,76.67729790842378,0.974604462474645,0.6938138970715647,2.6215779346138612,123.66953307649696,12325.0,3.2186049303296516,4.3561723747905114,6.118250313648355,0.5807499357441331,0.7609152080843473,1.0761582164449837,0.8329333399144095,0.7909114478926907,0.714983910225068,0.3658850406158778,0.35095476231185896,0.3234862593253045,0.7730890859323889,0.6925998353074989,0.5668061509401148,0.13409482362432973,0.12336577465980761,0.10486340074051229,0,benign
72.91666666666667,68.0,30.299354757037488,918.0508986928103,1.5125327622528328,4.303372647530437,120832191.0,6.704614709830365,20.0,235.0,215.0,41.0,51.0,89.0,110.0,38.0,23.02684038527692,19380.0,568.3158005400378,0.800470989416272,204.01246124019167,122.279254927659,0.9795794581479984,0.7236743838685586,1.6684143304674732,157.08399783863234,19784.0,0.81620946767503,1.1196813583436493,1.8537580046046382,0.26829869678935436,0.35539036841756355,0.5415558043644877,0.8970650124250542,0.8666682380439289,0.8072076044450026,0.3630677575255426,0.3499575552629748,0.3262433874207136,0.9224749859246096,0.893479344918639,0.8226063325450013,0.13198625289546267,0.12260418525092967,0.10653285450538187,0,benign
57.46345766129032,55.0,26.39650723828787,696.7755943809839,0.6711158932628273,0.3442833052819898,111071351.0,6.680407723442855,1.0,180.0,179.0,26.0,38.0,74.0,94.0,36.0,21.057594087231262,27776.0,805.8305191657993,0.9576882754469905,351.5198450389268,101.17005391713079,0.9749727965179543,0.7609029147490686,3.47454440744748,188.05717639740283,28489.0,0.591374767357777,0.8464349251120431,1.5171323335573512,0.33604817422778593,0.4394773672702972,0.6737930703646631,0.8528772575646052,0.81431931850505,0.7349857385052794,0.3373607982751602,0.32090967402688364,0.2910475582243049,0.9137586564502922,0.8763887479725687,0.7775037276029628,0.1144485237331547,0.10352168057628355,0.08532566700382672,0,benign
88.23945975542982,80.0,38.54272293091345,1485.5414909291612,2.170048587366573,5.370214245382288,50799884.0,6.666305860815495,17.0,236.0,219.0,55.0,67.0,97.5,120.0,30.5,25.158783936049975,5479.0,316.8355697996826,0.883100807205365,122.61135492907871,57.52719951084661,0.9756054131054132,0.669477028347996,2.131363180750015,83.52292778395616,5616.0,4.145320748182666,5.435866841469523,7.444776423395769,0.7025703304912589,0.9053337795091467,1.2544396032956018,0.8196740213172375,0.7764859554214798,0.6971911498402152,0.3701332733686487,0.3552927786517477,0.3268789973387183,0.7517987742163017,0.673252675143746,0.5471305132088823,0.13726302417264483,0.12644232909727068,0.10709955798395124,0,benign
93.0387679235263,79.0,48.91889905437301,2393.0586846919364,1.4932009203379453,1.7287189138874508,62417332.0,7.0998434061972135,7.0,255.0,248.0,46.0,62.0,105.0,168.0,43.0,35.39568604766709,5649.0,319.5218613006979,0.9014350920669969,129.10619185883058,55.89191423559083,0.9808994617121028,0.7234887295081968,2.3099261069254697,84.80878603192558,5759.0,4.470299133770867,5.983212525932025,8.521747251610297,0.7471427909930186,0.9713739823710787,1.37119948060361,0.803431246929024,0.7559080125079817,0.6696507520339559,0.3160625329356248,0.30167843809802886,0.27465314535381075,0.7982816879908159,0.7291948693680026,0.6100180075678716,0.1000833577121587,0.09114300476776395,0.07558147558452467,0,benign
70.11683599419449,56.0,44.80237356839559,2007.2526773620716,2.4029193898186763,5.023410944621691,9540753.0,6.312056287929688,19.0,240.0,221.0,40.0,47.0,69.0,124.29999999999995,22.0,28.44842233648818,1378.0,149.4974746830583,0.8425172030901219,57.26101204946668,30.844757130140362,0.9649859943977591,0.7829545454545455,1.856426095620423,41.88703967392604,1428.0,5.751430127891815,7.668588519476572,10.765209267103929,1.1871916408710756,1.4213298119919018,1.8155749731894886,0.6803448274016076,0.6455420784655669,0.5772289951126368,0.3079274735295962,0.2940865389458508,0.2683045771488645,0.628006812438413,0.5040215279639111,0.29698074147956555,0.09496063267049375,0.08662380655783626,0.07215214059628527,0,benign
53.783272727272724,47.0,24.566635397298537,603.5195747438015,2.6501931811446484,8.032006321675107,9614440.0,5.8945856001783605,21.0,179.0,158.0,35.900000000000034,40.0,58.0,75.0,18.0,15.72687814876033,2750.0,225.4386001800126,0.8976045164580304,89.53688208216026,39.468009155197464,0.9558567952728537,0.702247191011236,2.2685938307676037,59.172702727031975,2877.0,0.782704669356702,1.1317370990440287,2.0138172497974898,0.33461508404831275,0.4412494286106685,0.6760324907132178,0.8696305990774995,0.8344208387836,0.7630399116641682,0.44277195100341094,0.42275644303640636,0.38455096933108185,0.8712322923838021,0.8124053553212658,0.6583833039315613,0.19644993214372772,0.17921586190843788,0.14845867121747694,0,benign
84.25161588180978,74.0,33.69084274993074,1135.0728852005604,1.4233634537879722,1.4652626508276105,17833561.0,6.625557999808071,38.0,206.0,168.0,54.0,61.0,95.0,139.0,34.0,25.473485555751648,2166.0,201.63961030678928,0.9216572949411779,85.21764835918239,33.06486823296381,0.9756756756756757,0.764021164021164,2.577286797538942,52.51511071964299,2220.0,1.5451443355119814,2.106512622825343,3.350883724710203,0.5251479017532937,0.6832683025617577,1.0045472108763254,0.8081962436435812,0.7589749238335117,0.6686262866300767,0.33036710137783165,0.31071518391060315,0.2781239864377878,0.8812863367932716,0.8364942677888269,0.7323058489051926,0.10958803399682887,0.096839625059287,0.07764619784338682,0,benign
107.5463125548727,104.0,29.401933799689242,864.4737111613086,1.1112123644113232,2.405355084419143,113268384.0,6.765592618122964,25.0,240.0,215.0,76.0,89.0,121.0,143.0,32.0,21.48727146172767,9112.0,373.50461735799473,0.7667011055745319,134.56552944470113,86.39163737314865,0.987001733102253,0.7365613127475548,1.55762216733405,107.711460539846,9232.0,2.1069791799460025,2.880982158880655,4.25860748214941,0.5694629878102225,0.7314451809330664,1.026527670765326,0.8055644414078148,0.7612491402761635,0.682925611679136,0.32422426714237357,0.30876554985182436,0.2832110168770724,0.8797909779111271,0.8348230745448028,0.751501255908265,0.1052889426536033,0.09543082119035488,0.08027644261855836,0,benign
83.76888736263736,78.0,36.10971082783315,1303.9112160697305,0.8178171960270714,0.33799358197910445,48462306.0,7.0413945760286465,12.0,211.0,199.0,41.0,59.0,103.0,137.69999999999982,44.0,28.289808984799542,3256.0,220.36753236814712,0.6911147453128588,75.89860311251648,54.855339780857825,0.9801324503311258,0.8301886792452831,1.3836137633223058,64.38686168511158,3322.0,1.5994211901209994,2.1664454979716954,3.410603048887712,0.35387839768184515,0.47453361356067586,0.7333196217944361,0.8890331360766679,0.8548144038576858,0.7883449995443828,0.47375465932025773,0.46435387909449416,0.4447306451692904,0.8905643720017844,0.8511841763207659,0.7627739840695894,0.22449299438225775,0.21566259758943812,0.19783173941022972,0,benign
93.054457619675,82.0,39.54730797922498,1563.9895684036717,1.5672392288313903,2.4149576366284498,46556096.0,6.924457747395124,19.0,250.0,231.0,57.0,67.0,106.0,150.69999999999982,39.0,29.03601943322399,4554.0,333.48023074035524,0.9570352659027122,143.83447136199345,41.70790460653041,0.9636055861193398,0.6459574468085106,3.4486141828250125,76.14678513715423,4726.0,3.8110367894878316,5.120582688461231,7.423323856080362,0.7956169644149452,0.9957165234563793,1.360328165931836,0.7728410864008816,0.7336433538457029,0.6620726150784427,0.36790126433110865,0.35593485811142156,0.3312031326764074,0.7931758141434664,0.721148334745126,0.5903279938323293,0.13554479287753024,0.12694763775961745,0.11010601384437302,0,benign
87.27446864340068,80.0,36.10208457380807,1303.360510574391,1.930146108884544,4.735639314274191,33994857.0,6.774241232885105,18.0,249.0,231.0,54.0,66.0,98.0,123.0,32.0,24.51469220594364,3811.0,259.9655121145938,0.8839926064905116,102.60790653022356,47.96928647375734,0.9769289925660087,0.7046967455621301,2.1390334122721937,69.65856663028393,3901.0,3.5692438569901457,4.8234197583066125,6.788229008663634,0.8146622259807582,1.0041008892354557,1.3277971497052732,0.7544069506605471,0.7179528449439132,0.6501626900790255,0.32872250745956233,0.31584886855894456,0.289581445393735,0.7672138833870692,0.6842792872781666,0.5497838450520562,0.10819709144156908,0.09990111481285807,0.08405869318832472,0,benign
69.53343753488892,61.0,39.53954474277384,1563.3755984658144,1.7285290450152986,3.982221352593567,57309345.0,6.9957729709642775,0.0,248.0,248.0,33.0,46.0,81.0,116.0,35.0,27.5627208202977,8957.0,417.9066376115481,0.9250835219423708,173.62929388945062,65.93810526882383,0.9825581395348837,0.7639232409381663,2.6332163046174792,106.79141633199202,9116.0,2.697047558148949,3.6871971245799653,5.372181540965832,0.6982885022565933,0.8795701350362045,1.2069198401075285,0.7703485535535013,0.7256040062453041,0.6468146443136621,0.30695171924387954,0.2912509174809998,0.2626597455337554,0.7899278156383067,0.7100261317877142,0.5650759788466304,0.09446643467473306,0.0850451993657463,0.06925174790334274,0,benign
62.44779722389861,54.0,40.95598513578802,1677.3927184428892,1.8782403450020406,4.745679112616046,36965152.0,6.998793901763026,0.0,244.0,244.0,23.0,38.0,76.0,105.0,38.0,28.210521811054505,6628.0,315.6639969244288,0.7543336525857428,113.78440238377837,74.69846275322121,0.9866031557011015,0.772134203168686,1.523249584930336,91.86420250840182,6718.0,3.071412255275546,4.204595523839646,5.844026061162207,0.7616728312074987,0.9538758091997056,1.2726686991791532,0.7546720134732319,0.7091173288891397,0.6296909408127569,0.3070124915774649,0.29175623156613495,0.26463187852835235,0.7540442598923788,0.6611651784522183,0.5186126897830069,0.09441548240241861,0.08524408279667005,0.07013008446415747,0,benign
98.13129318854887,89.0,29.81889292259595,889.1663751292427,1.000825989498437,0.1355113178116114,10655663.0,6.480346291310859,58.0,193.0,135.0,68.0,74.0,115.0,145.0,41.0,24.26192371821795,1013.0,128.25483399593904,0.8376582712567104,49.054080431018946,26.793077410530678,0.9675262655205349,0.7432134996331622,1.8308490540074678,35.91366952591617,1047.0,3.8409225288571514,5.151467676327325,7.7056958418202,0.7801094703408175,1.0315263467557012,1.5161663537845569,0.7706966942293164,0.7084254992513719,0.6026450196922859,0.3267601642906932,0.3051856968341677,0.2695086594156586,0.7396185279221599,0.6476502605487147,0.45430847978813527,0.10707510240934014,0.09329242395653903,0.07282239911656097,0,benign
52.34878066750166,46.0,24.122854215603518,581.9120955072605,1.4473016424730545,2.7038667274291024,45093672.0,6.345503863088854,6.0,184.0,178.0,29.0,35.0,64.0,85.0,29.0,18.36221322089092,13573.0,445.4041122946064,0.6914487009779313,154.97516990218105,111.95802435044905,0.9887812340642529,0.7785808524063558,1.3842256577972516,131.4598050382335,13727.0,0.5293597096999086,0.7017956313803296,1.0607595042069264,0.25236818505882375,0.3267429167774926,0.46220291676401404,0.8918054706903058,0.8614200544582232,0.809716699343946,0.3690803667607334,0.35168822399898186,0.3257052140089059,0.9048951482511419,0.8733819542461073,0.8059955936426557,0.13639717342260652,0.12382144064789283,0.10615947816904438,0,benign
67.39619866500735,64.0,23.837832953669345,568.2422799270443,0.8692591649438028,0.7557423337363041,90343240.0,6.502008730178938,13.0,171.0,158.0,41.0,51.0,79.0,102.0,28.0,18.302497579578496,17678.0,579.8477631085022,0.9208771031913751,242.02574235465445,94.35446148861467,0.9839149551956364,0.7855492356914326,2.5650694046286153,150.02775967076295,17967.0,0.5860522438106561,0.8334221620764042,1.4662022367554854,0.33107707008492704,0.43820056826399556,0.667602755850591,0.8536532263635482,0.8118493856061108,0.7315548759958175,0.33734706846681495,0.3183949481869984,0.2872235736292867,0.9192155700642124,0.8846928149621813,0.7950285357163642,0.11422060754003177,0.10170621036667529,0.08280161977395206,0,benign
72.77232040394767,70.0,40.28538925050444,1622.9125870646585,0.8806348463211668,0.9497379082000075,30144877.0,7.17003092348746,1.0,231.0,230.0,26.0,41.0,93.0,123.0,52.0,31.56766918382429,4357.0,288.40916292848976,0.9214599070535905,119.63986056217685,46.47691221390697,0.9806437092054918,0.7725177304964539,2.5741783363649926,74.48157286477712,4443.0,1.5663699626474088,2.259048492910912,3.9764340137063714,0.5122616958439253,0.6797367098556027,1.044410673946601,0.8083828271690845,0.7592275273913781,0.6674678304464902,0.29359596416520617,0.2747877383334407,0.24021577531665894,0.8864524750839392,0.8354727346939365,0.7070969201026482,0.08655453661045752,0.07585637606577941,0.05810018722086641,0,benign
79.73934723481415,68.0,43.83484584416069,1921.4937101813318,1.6503128246142733,2.7235727976165434,36530730.0,7.0333773240542055,12.0,244.0,232.0,40.0,51.0,91.25,141.0,40.25,31.65610274130801,4412.0,260.651803615609,0.7999505559645889,97.08152450947962,58.25531429280573,0.9817534490431686,0.7659722222222223,1.666483576442892,74.95020261061032,4494.0,3.49339285404653,4.728593350403434,6.672392321417318,0.8141825910815853,1.0145030711996212,1.3567881753343234,0.7514547687515762,0.7091558957462856,0.6336171841208631,0.28743925907905726,0.27372226240383907,0.2482879460961126,0.7843792202793447,0.7061596013086511,0.575677582330422,0.08275595541774328,0.07502029892254514,0.06175030963391065,0,benign
50.29130388046867,42.0,35.57379137140381,1265.4946325361639,2.730998515127538,9.698372885384344,35302186.0,6.570613314779936,0.0,255.0,255.0,21.0,29.0,61.0,80.0,32.0,23.05843498441386,9303.0,383.56349186104046,0.8216704522511437,144.46776365639798,82.34126052676822,0.9852785426816353,0.7838065548908922,1.7545002679359412,108.83449583965195,9442.0,2.1811651949967157,2.9111366430824206,3.88542227096257,0.5320094871417649,0.6504198625927358,0.8337942831269862,0.828340833390851,0.7989988084387492,0.7477679204021724,0.34937974229402535,0.333987752039452,0.30690652718625955,0.756883930543577,0.673027894693817,0.5518654847760665,0.1222478756524524,0.11171834167612521,0.09434213802021113,0,benign
9.989318655162155,1.0,25.11625523170095,630.8262768639454,3.8515303301256085,16.612404622040742,24555895.0,2.750935456385335,0.0,240.0,240.0,1.0,1.0,2.0,30.0,1.0,14.159932693130798,33610.0,727.2691193458119,0.8040059806847712,268.80226220417336,159.8355263214964,0.9903353173433909,0.7636900704385367,1.6817429040368603,206.86609460844187,33938.0,0.351128547688517,0.5083725465496933,0.863682966003842,0.11222454983314856,0.15190497905453326,0.2336440158618089,0.9590285865851456,0.94709884179846,0.9251099300676551,0.8719743910329353,0.8668412833323208,0.8560780673294336,0.8799280464545804,0.8254056170835512,0.7003951397118625,0.7603526416158194,0.7514361137474947,0.7328960495829049,0,benign
70.41665755820308,58.0,47.894562693236495,2293.8891355763612,1.6069077953475932,2.3965726276761785,66352160.0,7.17030101773025,0.0,252.0,252.0,26.0,39.0,83.0,140.0,44.0,34.64424809454905,9149.0,399.42135623730945,0.884751054916528,158.8154201214059,74.0181361164016,0.9868406860101392,0.7874849371664658,2.1456284696449437,107.92992446389464,9271.0,3.447201962462955,4.743088846344854,6.544047749296706,0.8010510164090784,1.001121422705261,1.3210276459330892,0.7543350696789541,0.7118367418336728,0.6386900494771417,0.2855253183333487,0.27085277162743204,0.24546435638550815,0.796125901125054,0.7179309200698717,0.6029813606338863,0.08170645480704919,0.07352015540167711,0.06044059184119162,0,benign
72.27960243957533,70.0,31.77314874660783,1009.5329812740667,1.2130204908096633,3.3987631027119214,137986799.0,6.871202646608658,1.0,239.0,238.0,35.0,50.0,90.0,109.0,40.0,24.016469751069085,22135.0,601.8366158202092,0.8184166984782073,222.2353267184298,127.70201658300452,0.987772769869249,0.7592440145434589,1.740264818558914,167.87840040551026,22409.0,1.3445779926210817,1.8446534088247726,2.6537868571317036,0.4189621596974497,0.5387223072969326,0.7505025207891068,0.8447469769176514,0.8067492478441438,0.7405452814501461,0.3178605409302106,0.303427525810782,0.28006137946749565,0.8719353950520583,0.8234207905615378,0.7418834604821679,0.10114352768985127,0.0921505657915853,0.07849057219891492,0,benign
82.31970173052572,76.0,31.75099104464862,1008.1254323173571,1.0359753525349513,1.4428007311663809,331984556.0,6.896761827707119,17.0,250.0,233.0,48.0,60.0,100.0,125.0,40.0,24.698602179954435,42646.0,917.1269837220809,0.9259992148800367,384.2509112071159,145.0644923871504,0.9767079678446282,0.7834729570840682,2.6488281514239955,233.020543353533,43663.0,0.8537322689345233,1.2562248188822482,2.327888859820336,0.4159236050814298,0.5491888173858706,0.8352791771643788,0.8222979133958577,0.776181372698074,0.6918800877463238,0.30332476522026347,0.28703937228660414,0.2617798761476058,0.9288687374935881,0.8951526597835335,0.8047430488800384,0.0923751455949717,0.08261853068409775,0.06873439509079676,0,benign
100.46546913149633,89.0,43.374511117300365,1881.348214664813,1.2368373178026724,1.175732299772883,68662693.0,7.140606116568531,16.0,252.0,236.0,59.0,73.0,113.0,170.0,40.0,32.35678174685197,5734.0,342.2914139223983,0.9247848034741524,139.76827784945738,53.180510495444864,0.9786653012459464,0.5748370927318296,2.6281860882367636,85.44445885785352,5859.0,2.837282143729511,3.934339750353842,6.052492299232515,0.6197762783289096,0.7886441326609437,1.112806076288918,0.8122205467182613,0.7777033167733798,0.7147803027278273,0.4328437969874718,0.42398736204668785,0.4056765920914374,0.8705738448597394,0.8199037677731839,0.720339337013817,0.18741282987726945,0.17982487476730163,0.1646695880275508,0,benign
68.99464714206609,59.0,41.91052965310669,1756.4924958039355,1.6140227821876625,2.9275977710136205,105916800.0,7.070890986652238,0.0,245.0,245.0,30.0,40.0,85.0,119.0,45.0,30.748354047792297,16253.0,511.6467529817257,0.7565694523844938,180.9013069791999,118.29377889298252,0.9854483720366216,0.7524537037037037,1.5292546123060018,143.85396178270724,16493.0,1.876869532729291,2.6143193488060237,3.9222380390891924,0.5577036354579075,0.7047161503580013,0.9720985413984364,0.803301608838488,0.7640494168924673,0.6954131118789673,0.313497720485857,0.3003097664967866,0.27790202112800544,0.8655957873849234,0.8122282365080272,0.7159693952329655,0.09841559833700364,0.09025985707321818,0.07728401228815154,0,benign
57.09680622207513,50.0,38.559805172479976,1486.8585749396136,1.8544993931217353,4.879906540999519,57371080.0,6.9548020829346715,0.0,242.0,242.0,18.0,33.0,71.0,99.0,38.0,26.927851856772836,12086.0,449.747258045114,0.8587378256916413,173.9458663923971,89.13250753508184,0.9873376358140675,0.7546203796203796,1.9515423856322387,124.04988165116957,12241.0,2.095819515801659,2.888234637591088,4.037633762022568,0.5455743244850387,0.6862811816449937,0.9203685874119534,0.8179360999027017,0.7825328474424189,0.720221775791053,0.3507982371833468,0.33685086108558554,0.3115844025961132,0.8083045074823116,0.7354717600659335,0.6282984042968551,0.12324415921697372,0.11361865153230681,0.0972558800048134,0,benign
64.0105116514691,54.0,43.351707965517036,1879.3705835274734,1.8228625754201024,3.4042859699227,47192151.0,6.982216115439956,0.0,245.0,245.0,25.0,36.0,73.0,123.0,37.0,30.17169714007528,7896.0,398.0071426749364,0.9352999338117667,170.20163368440348,60.22686088988783,0.9499518768046198,0.7432228915662651,2.8260087138790353,100.2671404061612,8312.0,3.2079565828248024,4.289947930813378,5.984290629480137,0.7259190350869561,0.9029500796304818,1.2099858329598596,0.7736660713315344,0.7333943372177485,0.6622955313591056,0.31930620227217543,0.30527226761173243,0.28030852539506873,0.7680752497596907,0.6883035247319824,0.5580699016721437,0.10212915280606158,0.09333575861412582,0.07873483916735519,0,benign
82.72749003984063,80.0,34.463857176308984,1187.7574514690243,1.7746726999847788,5.179530796479106,50398259.0,6.80133013778296,6.0,247.0,241.0,45.0,62.0,94.0,115.0,32.0,23.2284630402692,6275.0,323.9360748630709,0.8663065682360899,127.01513353418224,63.44567132241329,0.9809285602626231,0.7223437320133533,2.0019511321541006,89.38444016277747,6397.0,2.380604402003817,3.233859097734896,4.742963122174885,0.6429307492287217,0.7918161690517868,1.0592969758950903,0.7890305787450952,0.7554066688414653,0.6941304391219252,0.32883662632124616,0.31724580078328113,0.2954751063367743,0.825660382030062,0.7626340417053179,0.6488953831374533,0.10823394287123995,0.10071165298235961,0.0873758473908088,0,benign
51.07970871875615,46.0,39.55809179396501,1564.8426263797621,1.7321756443147318,4.682365394858144,63623966.0,6.939192841956599,0.0,243.0,243.0,7.0,25.0,66.0,93.0,41.0,27.99933092043773,15242.0,589.8061325481598,0.9581227483196666,260.54329874340215,74.60861016904491,0.985070768435339,0.8124300410425883,3.4921344621361343,139.30799381533478,15473.0,2.4146578953344617,3.2878973210999387,4.589041862286721,0.626256680951647,0.7856040989290994,1.0687624298672866,0.7886912192018992,0.7480342982509046,0.6728814492554526,0.34628135777565283,0.32997660624938097,0.29948243390745516,0.7699082910766419,0.6849003301717959,0.5526453378870688,0.1201804740225051,0.10913835747975467,0.09002436023564286,0,benign
89.05268908583223,84.0,26.207243476785987,686.8196106515417,0.593898330719853,0.10245154847994975,70979885.0,6.658566574716521,27.0,202.0,175.0,59.0,70.0,107.0,124.0,37.0,21.31672977055579,8237.0,359.4629867976521,0.7651571648622496,128.09884745836445,82.47561631882346,0.9775694279610728,0.7071600274725275,1.5531723577933225,102.40934591131581,8426.0,0.902994080178546,1.2652132894949495,2.0855966217036763,0.3007147530812579,0.4060745665069978,0.6276301663512931,0.8872172172173116,0.8508521667336397,0.7800076378706444,0.36387822466085584,0.3476918904036401,0.3187340815025334,0.9294107232806708,0.9008373492869618,0.8349444957994179,0.13252939230738991,0.12096806011772185,0.10163483692309526,0,benign
30.922951306413303,22.0,35.42111147777084,1254.6551383206695,1.9070094172106136,3.9192956185786745,14892515.0,6.184880188295931,0.0,214.0,214.0,1.0,4.0,41.0,77.0,37.0,25.32187816482925,6736.0,309.9238815542511,0.5630404092034581,102.34377600922643,84.57990195954531,0.987683284457478,0.8770833333333333,1.2100247651998652,92.60961922681713,6820.0,1.0084234121696647,1.405565092126101,2.2837026945115055,0.30991422385076617,0.41822809909702546,0.6397684265659989,0.8865838561235796,0.8518240178600653,0.7881825124743425,0.514250656231443,0.4992809179743566,0.4706729409592999,0.865037241007231,0.8106865796125046,0.6853250394241917,0.2645282987396724,0.24934898123372068,0.2215546158747479,0,benign
69.3645090510148,56.0,46.06497643125965,2121.982053612507,1.966728227008835,3.7399938921581493,25279239.0,6.91929530383836,2.0,251.0,249.0,30.0,42.0,77.0,131.5,35.0,31.61008178847174,3646.0,226.50966799187808,0.5514940265529777,74.75467486956532,62.35876803773687,0.9840755735492578,0.8187738603188861,1.1987837031085504,68.1339223889569,3705.0,4.374165694579599,6.008849064715156,8.678780406604055,0.9424978790827652,1.1726803970660375,1.5659684018832638,0.7261783319023518,0.681618182097374,0.6051294413581333,0.27232723785242396,0.25600919433126534,0.2298017249198398,0.7230865515717003,0.6175574782356779,0.43311154891024106,0.07433318235153706,0.06565341765953218,0.052891378360830764,0,benign
72.25657281372366,66.0,36.10920245996917,1303.8745022950434,2.5528285778735604,8.018980893444507,34992968.0,6.579976832370779,9.0,248.0,239.0,40.0,51.0,81.0,99.0,30.0,22.678667921990474,5363.0,317.32085117392114,0.8986078307754062,125.80800499178667,55.198606848396786,0.9788282533308998,0.5945676274944568,2.2791880479396682,82.63403462505433,5479.0,2.3346451323608797,3.163298975653206,4.531297999922579,0.567349692193058,0.701767543036843,0.9348642253172624,0.8243443189901329,0.7950573665286974,0.7423591521404372,0.4271314680354863,0.41720126950054187,0.39741265611853704,0.8108962595715001,0.7435195401538193,0.6309957735151539,0.1825241779075115,0.1741190241090652,0.15805212464817098,0,benign
94.45726211934351,88.0,29.193962538248165,852.2874486846373,0.858139553010085,0.4595102332331238,103032602.0,6.767128429633931,37.0,208.0,171.0,62.0,73.0,112.0,135.0,39.0,23.353758226750013,10541.0,595.4985207035849,0.9766885487399352,256.20528868863414,54.99736334602514,0.9178058336961253,0.6049701561065197,4.6585013008110145,115.84998075551567,11485.0,1.2084184193499783,1.6349330056148357,2.747135448517598,0.3939999955684367,0.5166214852620266,0.7931918039429886,0.8541777314471172,0.8151411835436454,0.7389976517169844,0.41597211441410176,0.4039513954295078,0.3803357164922522,0.9245192231567587,0.8978326089242497,0.8280608927894237,0.17326837189764083,0.16342371854151505,0.14503730981630777,0,benign
153.09716628569356,152.0,22.63666715589905,512.4186999269589,0.8844833919097036,1.618494967749493,660117949.0,6.423082862699516,85.0,255.0,170.0,126.0,138.0,166.0,179.0,28.0,17.22966459991446,27561.0,727.7300141024109,0.9252229524101334,304.4632106399449,115.52061575523228,0.9886644904401478,0.7867378396894268,2.6355746863836713,187.32793462921066,27877.0,1.594462251751288,2.1471851684864554,3.3097022561079275,0.4596864827195651,0.5918109494946442,0.8426649814256909,0.8342049074221678,0.7935375096251661,0.7234699225438023,0.3328035896811789,0.3150120882967212,0.2883988465372675,0.9407075874194994,0.9197505471393903,0.8741975018157437,0.11122276031704323,0.09949923355091715,0.08338409003198474,0,benign
66.34021782977007,59.0,40.449778922485145,1636.1846148779234,1.4611569253863637,3.0160435499934124,224493621.0,7.105845960145117,0.0,237.0,237.0,23.0,39.0,82.0,117.0,43.0,29.650112061933388,37185.0,812.9259735953043,0.8909062969707381,323.7044991393785,147.0224249015097,0.9890679859559528,0.735433724931767,2.2017355471876354,217.59001004406664,37596.0,1.8680762955640833,2.5239531794121515,3.556753102352566,0.4215011344010315,0.5526194566784851,0.7856974066235571,0.85823368250093,0.8198589385812292,0.7510837861490022,0.348214149183117,0.3349472591833803,0.31195411744884527,0.8567667893084364,0.8062184246680639,0.7257621785115007,0.12143005618457611,0.11231751531427123,0.09742713733142314,0,benign
89.49869994799792,83.0,43.844263263131424,1922.319421086776,1.6351834716370843,2.9748631966726276,76399534.0,6.9645893539180515,14.0,236.0,222.0,44.0,61.0,103.0,133.0,42.0,30.39771504536729,7692.0,359.7056274847714,0.8065982704361275,130.14813940097167,76.93056741596081,0.9756468797564688,0.7018248175182482,1.6917610745968552,98.96342040422245,7884.0,3.2591153532985304,4.390474933666859,6.14532211106008,0.5978231399565741,0.7794120500556035,1.0956674952977086,0.8328234876866835,0.790647407152533,0.7137273343283217,0.33957754988578864,0.32611382706051745,0.3017012905145252,0.8279390743513515,0.7667159047840585,0.666312052355031,0.11543727481858468,0.10642823933140656,0.09108294830991419,0,benign
78.07359520989604,73.0,42.36920235325312,1795.1493080509101,1.1353728583934772,2.156192976915806,239843759.0,7.244225411920235,0.0,254.0,254.0,28.0,51.0,97.0,124.0,46.0,31.097333217063127,30396.0,664.1147904132612,0.6525982739457912,226.25550144731656,171.43471955429757,0.9916158287932666,0.816197202008539,1.3197764258928653,196.72668655210458,30653.0,1.8842648361264163,2.546040497191157,3.6404909914879933,0.4653514312490298,0.6093118581847442,0.875774436274414,0.8366385494596192,0.7922466021254131,0.7101631663289631,0.2883784831383519,0.27239043456246337,0.24597452105177212,0.8764855108560896,0.8326540960053352,0.7584574483324864,0.0833502551556444,0.07428630196000471,0.06054545189405623,0,benign
52.82769837358305,47.0,23.178257551856003,537.2316231401699,1.2301173765059652,1.6323285786945272,67525066.0,6.3323239367816315,9.0,176.0,167.0,29.0,36.0,65.0,85.0,29.0,17.997227534412914,20290.0,551.8305191657994,0.6960088296579188,190.49496505470032,136.7817136845588,0.9892735251097026,0.7723639132089837,1.3926932184371745,160.72968102586543,20510.0,0.5112888399875295,0.6861930850676021,1.0685543227862986,0.24431673374622812,0.3175186039120331,0.4556974251941229,0.8954972714482557,0.865950596599681,0.8141512099686828,0.3727774406107638,0.3561823516429805,0.33031838227027344,0.9061483792915254,0.8737782617367175,0.8019866428200788,0.13916776911036247,0.1270060430376726,0.10918799241377111,0,benign
99.11682639815601,88.0,43.49403388283847,1891.7309834015014,1.500383579408443,2.072928409376667,96573968.0,6.987912920195189,15.0,238.0,223.0,60.0,73.0,110.0,161.0,37.0,31.115250965498145,8243.0,408.81832585697947,0.9205917632346021,165.84125573160225,64.76537506125726,0.9761961155850308,0.5796765119549929,2.5606468823000568,102.44663765713322,8444.0,3.014324244778683,4.064919675384966,6.000729652931482,0.5331351915080752,0.6974677710237421,1.0072811562913961,0.856226523731556,0.8201097338448469,0.753320694031713,0.4391929884921855,0.42966833331825527,0.4109228216493458,0.8611327245779837,0.8123848227142666,0.7214899808167851,0.19296079444875744,0.1846812359487463,0.16895080201960735,0,benign
67.59915074309978,55.0,47.79912851901018,2284.756687176852,1.857481084983039,3.169339345023558,80710582.0,6.990315356567692,0.0,237.0,237.0,26.0,38.0,75.0,133.0,37.0,33.1832276269941,11775.0,484.19090885900994,0.9253384716333954,199.83125841424257,75.76443793337818,0.9762872066992787,0.7322761194029851,2.6375337013647466,122.44343853084388,12061.0,3.408803509155172,4.637875363094315,6.606205394140639,0.6224858431340132,0.8156267460220258,1.1606459864189749,0.8204181764726659,0.7762513328664515,0.6960206091931873,0.33613989801851984,0.3208701910025541,0.2931266551941074,0.7941249803135275,0.7190951805746859,0.5962778795411188,0.11323195548822808,0.10315813460228326,0.08613951799066959,0,benign
32.023743016759774,26.0,16.68942893965809,278.5370383318969,2.7388826155012995,12.20149305981747,24276328.0,5.463307194852299,8.0,182.0,174.0,19.0,22.0,37.0,52.0,15.0,11.536588187490546,18616.0,533.1553749530773,0.7175352168210122,184.82411726908757,128.73410575250662,0.9863304016106813,0.8300338862136615,1.4357043627926767,153.9565762310587,18874.0,0.2707680653420513,0.361699334022868,0.5549282312814232,0.14206948940942474,0.18512976884480897,0.271428724771268,0.9391728082784111,0.9215797978068074,0.8874179719713874,0.5673827896454836,0.5566745546033639,0.5389985394245185,0.8737577979560247,0.8296794441304362,0.7308661172720877,0.32203371838755035,0.3100062463188966,0.2905983724004012,0,benign
54.674624781849914,44.0,41.961428666268745,1760.76149571436,2.6040524650033205,7.52100731048273,68044840.0,6.628942178516527,0.0,239.0,239.0,22.0,31.0,62.0,89.0,31.0,26.631694116572092,14325.0,474.33304448274095,0.8100129455173939,176.68717357339582,103.61147797837918,0.9884764007728402,0.7902140335392762,1.7052857175752816,135.05242122350566,14492.0,2.8662577931658104,3.782089421521242,5.13559449390991,0.4837985351907752,0.6235417160721257,0.8600598897147045,0.8654211266187715,0.8316698036840093,0.7695793202200851,0.3570603405464205,0.3404568558885912,0.31080417477824696,0.7654896062603324,0.6890562826450218,0.5700757392169987,0.12774916361396293,0.11614259126524688,0.09677677739866904,0,benign
69.46821984207646,56.0,49.01895244974389,2402.857699270253,1.8906317569815818,3.4154652734344912,92462190.0,6.997307896936771,0.0,242.0,242.0,27.0,39.0,80.0,126.0,41.0,33.82163042051283,12791.0,470.33304448274095,0.8741848966392953,183.97121191819605,89.33517151147107,0.9832423706664617,0.7557012879593524,2.0593368636962124,127.61664082989908,13009.0,4.34666077101561,5.896336477626032,7.926706131559891,0.69479347656767,0.9098902728224744,1.25213342601353,0.8187230554536096,0.7744906062251016,0.6945944871174973,0.3237001392103382,0.30842711039231624,0.2807371587294074,0.7526681371525359,0.6641158821371389,0.5454056958476093,0.10503122922068855,0.09531225905186583,0.07900389322812439,0,benign
109.06123232944068,104.0,32.17989991677196,1035.54595865346,1.409708050889117,3.0530805850647136,168295557.0,6.78069978353026,32.0,237.0,205.0,76.0,89.0,121.0,145.0,32.0,22.757751629217918,13016.0,444.41630560342617,0.7289789408457834,156.06350532998067,106.83110689308363,0.9874070702473069,0.7193942408666335,1.4608432868356287,128.73416762566524,13182.0,2.183705123292718,2.966268501837905,4.357404809463047,0.5071530925484573,0.6650615486010124,0.9565397700540277,0.8368765416153596,0.7938082981645653,0.7151600665527185,0.343104355510813,0.32821452638771986,0.30313258114391967,0.8872435566409748,0.8462474779741205,0.7712840471212532,0.11791240784116794,0.10783229794485233,0.09196246114653603,0,benign
47.67688551275095,44.0,18.538489024847355,343.6755753243859,1.1137575821038008,2.2602781415075386,9645381.0,6.070085740533796,15.0,147.0,132.0,27.0,35.0,58.0,73.0,23.0,14.504034711858658,3686.0,244.40916292848976,0.804585856882334,89.37516984714641,53.074223763982694,0.9738441215323645,0.7223202038016853,1.6839656524152185,68.50664903419091,3785.0,0.6044482846902199,0.8268823699748022,1.2675193106307792,0.2604742703533026,0.34946496015462764,0.5233597843011392,0.8982623313932606,0.8651572228025247,0.8018641134988377,0.408142981957326,0.3895844032016227,0.3567352481542936,0.8440784244343802,0.785037215400848,0.6625104914707267,0.16674723394150776,0.15196630118756616,0.12739556733473023,0,benign
56.21335691251431,46.0,40.60518395225115,1648.7809637961545,2.0619105360903034,5.6808581304395105,92452498.0,6.882879049704432,0.0,248.0,248.0,19.0,29.0,70.0,106.0,41.0,28.753407445483393,19226.0,564.6173157302028,0.8428343697470406,214.40351704351056,115.38619338868115,0.9867077238901719,0.7685481291973137,1.8581384024108256,156.4586318714255,19485.0,2.679215455630493,3.5737145733000997,4.931674115815182,0.49682445791504704,0.6342848841435151,0.8848438387589534,0.8524675652282757,0.8202277369808068,0.7554249721073348,0.34699979985650975,0.3338766910131634,0.3071853039962521,0.7730171788103262,0.6971066247348535,0.5811726560444501,0.1205379248022165,0.11162093407796232,0.09450654526093089,0,benign
53.01947371324543,44.0,38.655634453647565,1494.2580750140248,2.324193818469591,7.274378981518488,78042584.0,6.774736883607449,0.0,243.0,243.0,18.0,28.0,66.0,95.0,38.0,26.447808161688034,18127.0,551.1259377015544,0.8426083908831985,207.7585724849991,111.88355637638674,0.9883860414394765,0.7972818437719915,1.8569178457831628,151.9210756525055,18340.0,2.6989146666297588,3.5782883940992933,4.824239546439748,0.501595933499954,0.6378626280790152,0.8746878714781481,0.8492435596697304,0.8165128181527059,0.7531227390936887,0.34401188376835345,0.329776527988891,0.30200869536277064,0.7479702012784788,0.6656970521823233,0.5482644297744247,0.11847494725052811,0.10889941716253253,0.0913293874967249,0,benign
58.64963656330074,51.0,37.33620335546427,1393.9920810005815,1.9069753109313932,5.204269579714735,184872442.0,6.890461324739031,2.0,242.0,240.0,23.0,33.0,73.0,102.0,40.0,26.635814333983113,38246.0,878.8427124746189,0.9357921656097682,373.1464840546191,131.55359750126962,0.9870444926189739,0.8012989733919966,2.836459748286381,220.67242607072828,38748.0,1.880832503350273,2.5509185343418146,3.4569218197454004,0.4085511374604892,0.5295191309667939,0.7399185191458495,0.8659236869429022,0.8326789155437399,0.7692554651399599,0.3320131887902369,0.31769022415700265,0.2914688938929151,0.8233095420420286,0.7596388797591778,0.6713939164108542,0.1104471925495949,0.10114078943646015,0.0851632393708595,0,benign
79.15259510677414,74.0,42.74082982783897,1826.7785343722894,1.009984069195621,1.562660437491715,171653726.0,7.292490989619141,0.0,247.0,247.0,29.0,52.0,99.0,130.0,47.0,31.749186096055986,21213.0,551.1025971044414,0.6268477378222211,186.43353780458972,145.25815852614846,0.991539684023558,0.8176456984273821,1.2834634535934113,164.34485225423705,21394.0,1.6119248364428977,2.199095140257508,3.211316548696728,0.5099842970044417,0.6512202081680806,0.912007814505694,0.808675745386934,0.7643475628173038,0.6841732951104104,0.2769024167629947,0.2617397023544055,0.23685387913403,0.8955929519680442,0.8569090607964857,0.7876732517069955,0.07682159325806731,0.06857246856334975,0.05612497194747672,0,benign
125.48108835401405,121.0,32.73424126667131,1071.530551304647,0.3965798822035536,-0.22119172890135985,112489141.0,6.974792495860429,45.0,224.0,179.0,84.0,105.0,145.0,174.0,40.0,25.73212675196933,6689.0,388.3086578651014,0.9578511632875052,172.52935711271513,49.56163639085311,0.9762113251605371,0.8030012004801921,3.4811069544216346,92.28596488488108,6852.0,2.104452831428429,2.8948751900537184,4.817852021269602,0.5117983361983847,0.6830076843780442,1.0589077155675732,0.8256817070150693,0.7753665424006227,0.6794088674139356,0.2855928769886506,0.26665691409949516,0.23419442307116026,0.8972027648622284,0.8570312660818465,0.754452591583022,0.08197188226406268,0.07145010786940663,0.05519745463856135,0,benign
152.40691080608406,151.0,21.307785312422467,454.02171492028657,0.6535383809194315,0.9029014440990251,446853548.0,6.398479783580445,84.0,243.0,159.0,127.0,137.0,165.0,178.0,28.0,16.61138378539208,18869.0,601.2031021678297,0.9197647020348025,247.7312914476866,97.2271605477949,0.9870272532301093,0.7654456208673076,2.547963861660929,154.99921602901023,19117.0,1.6700295681699409,2.246624585914597,3.4627024069153283,0.4854188033078709,0.6184877948924313,0.8665566898506393,0.8219231017535404,0.7823880264304016,0.7178428861082413,0.3353954696101775,0.3185403583144415,0.2937582542922758,0.9400748637861415,0.918909605861058,0.8726132928794262,0.11287211220098574,0.10167417395502075,0.08649327518763619,0,benign
46.40918727915194,37.0,32.91853184629376,1083.6297389154565,1.469521219632557,1.8615714357385018,4580981.0,6.575361627162828,3.0,176.0,173.0,16.0,23.0,58.0,95.0,35.0,24.659871892519575,1415.0,145.25483399593904,0.7651096837705487,53.14536884786493,34.2203014247115,0.9758620689655172,0.8670343137254902,1.5530362572869412,42.445658856946196,1450.0,1.5239237428842505,1.9938444584823172,2.9265743056382023,0.5321471774193547,0.6828470218732653,0.9677312156004643,0.8011095245109928,0.7503123321332826,0.6624091723961776,0.3427514694771332,0.3191386328837207,0.28481157462820755,0.7963715909022439,0.7281482923318023,0.577024629635584,0.11787839004927698,0.10204278015679298,0.08118157582647863,0,benign
61.779964072356606,57.0,36.18152587306747,1309.1028145034509,1.3604468138813322,3.034409465283444,122697873.0,7.017924249190729,0.0,254.0,254.0,21.0,37.0,77.0,106.0,40.0,26.652066306352847,23937.0,660.9432175380073,0.9056465941290368,268.7293456131366,113.95019345593171,0.988233837007679,0.7165050287356322,2.3583053039489843,174.57816295953396,24222.0,1.4367710834846843,1.9457710406847122,2.7274966898074995,0.44999914629449334,0.5636443585145458,0.7635676558428746,0.8347489652685414,0.8003253326101175,0.7392157646361882,0.35910991645883134,0.3470412685062092,0.3258457500059845,0.8647581661880002,0.8163976417546637,0.7404669476644222,0.12907790584775714,0.12053262314465885,0.1062624202438086,0,benign
44.742512077294684,26.0,51.87498796431825,2691.0143762981634,1.7371718550734256,2.645657857986566,9714317.0,6.763545174800452,0.0,249.0,249.0,2.0,7.25,60.0,124.0,52.75,38.4089000910173,2070.0,171.78174593052023,0.6857161395048273,60.222686947024265,43.83423084978985,0.976875884851345,0.7840909090909091,1.373873472387231,51.338152066487424,2119.0,2.3464465307390023,3.3907287067802,5.8482283845365295,0.6214542946214211,0.8231231609812238,1.239058233645125,0.7979166747536663,0.7506255621659437,0.6699864407921488,0.4886348130622758,0.4685350197297243,0.4291789319513112,0.8550468461343284,0.7897830895714317,0.6333332492392542,0.238980944911971,0.21973356192566829,0.18437276207657885,0,benign
103.87092335213981,97.0,28.451714511352698,809.5000586355177,1.3972338824137376,2.1530074023131416,84287526.0,6.587333242708857,54.0,237.0,183.0,75.0,85.0,116.0,143.0,31.0,21.316617460992518,7267.0,375.9655121145938,0.92750524007863,158.82332870538642,59.36977262080254,0.9758291929636095,0.7946418808091853,2.67515474111377,96.19060126431495,7447.0,1.6812832244206084,2.3146609078525637,3.837122641606178,0.4628380409959756,0.6093683661985505,0.9215969021681552,0.83521979809059,0.7913377354013044,0.7103166541591082,0.3357459636133895,0.3167753330614822,0.28590106582133834,0.8835641594256279,0.8380024895617121,0.7231065144909952,0.11311591387673159,0.10062598940209655,0.08196364495201819,0,benign
106.01589633983436,98.0,30.580463075723184,935.1647219256691,1.3503663966257915,1.7729669911739565,91138569.0,6.6740833151154915,54.0,245.0,191.0,75.0,85.0,119.0,151.0,34.0,23.18055718434675,7486.0,376.3086578651014,0.9204303237371436,157.6611621655144,61.63079878023713,0.9839642481598317,0.8154684095860566,2.5581554236819484,97.6292539758828,7608.0,1.8943546826625397,2.5567456780223763,4.146960762403114,0.5027684034883653,0.656664620955465,0.9805656671618058,0.8224216524927223,0.7764332059786111,0.6935656923234624,0.3195622646213774,0.30033963358542026,0.27069966679932944,0.8729584377778817,0.8266316486771351,0.7094448270446041,0.10259183849788411,0.09050156275760378,0.07350687899998551,0,benign
52.046698180776396,47.0,20.854149267454062,434.8955416692547,1.127236940222751,1.484012463083209,43893098.0,6.250014073174238,5.0,151.0,146.0,30.0,37.0,62.0,81.0,25.0,16.03918744312663,13962.0,523.4041122946063,0.9219793046346829,215.73202815047784,83.5398879142331,0.9843485617597293,0.7169559412550067,2.58238350010669,133.33030609577233,14184.0,0.4981390566687396,0.7025843746867427,1.1765026320334129,0.28586990564415854,0.37508066882853935,0.5585219042626911,0.8743452453885697,0.8397432646716118,0.7735074461053588,0.392302124676279,0.375642217644182,0.34670706529057693,0.8991848930739088,0.8571557270124917,0.7582297898922592,0.1542608946082008,0.14140883826982537,0.12052214015847737,0,benign
80.28864746337088,65.0,48.984814157400784,2399.5120180350923,1.7135912701180023,2.4323970740464764,88749700.0,7.053764857083915,11.0,255.0,244.0,38.0,48.0,91.0,156.0,43.0,35.30959131586586,10033.0,440.7350647362942,0.9284636388876547,185.707408336313,68.97605930885217,0.9864320125848,0.7932479443390259,2.6923458689452833,113.0239459244274,10171.0,3.1086122926574413,4.2843228270544085,6.3556860970240345,0.6902795436122642,0.8667386292311849,1.1866087581855822,0.7879375653690104,0.7516814037073181,0.6871435140176944,0.295923179678712,0.2835412573196747,0.2613822107230592,0.8362013896030633,0.7730678365141118,0.658122789141653,0.08772576811979198,0.08053821871564065,0.06847508326802802,0,benign
71.45501722158438,64.0,40.96240481231223,1677.91860800774,1.051620379474113,1.491826801428278,147715897.0,7.242115213735101,0.0,251.0,251.0,26.0,43.0,94.0,124.0,51.0,31.805466480192877,21775.0,700.1320343559643,0.9518371060243247,301.9077471266891,92.56617744123191,0.9814305674494073,0.7614967651687358,3.261534131279897,166.5076307158569,22187.0,1.8005966108988432,2.5069649817366524,3.8122255744087754,0.5686194605762298,0.7240619885454612,1.0165043952220267,0.7927103023624402,0.7488167275790609,0.6705861398799406,0.3058366116249591,0.29185013255578385,0.2671446143482934,0.8704874933637752,0.8192808573744355,0.7232906821789149,0.09373547695562956,0.0853527524526165,0.07157461484775142,0,benign
88.34419289526964,84.0,39.8342053601332,1586.7639166732645,1.407421859032635,2.7058519995075443,51023804.0,7.057330523800991,18.0,246.0,228.0,44.0,61.0,104.0,133.0,43.0,28.61447150873843,5433.0,291.66399692442883,0.795585910041936,107.76614065582633,65.28912351579204,0.9847743338771071,0.7349837662337663,1.65059867329602,83.17157234624183,5517.0,3.2137600668850674,4.302204063092737,5.9168765109080965,0.7211729617979623,0.9106795753945974,1.2229655340381913,0.7801017609628138,0.7367254690307095,0.6620193790836137,0.3045417351589386,0.2906508815270061,0.26544041047038824,0.80627041621803,0.7378586029194941,0.6270962647248908,0.09285097939072293,0.08454709103601876,0.07050581334197739,0,benign
136.81594488188978,134.0,25.880672135885227,669.8091902051859,0.30369886364410553,-0.6055063985500402,177287639.0,6.671482466041047,72.0,213.0,141.0,105.0,117.0,156.0,174.0,39.0,21.35649662271547,9144.0,384.79393923934,0.8449327212876064,148.3220881498445,79.33342068581968,0.9876863253402463,0.8362904700932869,1.8696040945623322,107.90042815975444,9258.0,1.126466643271349,1.6051607369429028,2.7619594062290895,0.41480213571291685,0.5528790820332964,0.8423154865238661,0.8347490066306967,0.7871461881020883,0.6989275550089473,0.29213203362418766,0.2714413418247334,0.23976912447083118,0.9411287236154032,0.9155558506128995,0.8509927429816873,0.08575891358996604,0.07391079736118486,0.05765022487148553,0,benign
114.89648622981956,114.0,27.761361251505843,770.69317853661,0.6129062057714785,0.7258660021369341,147124062.0,6.763658409225751,50.0,241.0,191.0,82.0,95.0,129.0,152.0,34.0,21.467136720571354,10530.0,450.6761902332485,0.9117531136603438,182.33249171479318,74.89100618731771,0.9717607973421927,0.6647727272727273,2.434638029281411,115.78951768645236,10836.0,1.305221214958574,1.8086693150523647,2.976860372964243,0.3249170821375876,0.43260137977424856,0.6608802609008156,0.8873103207662851,0.8550671832987258,0.7940699386020343,0.38594901642540136,0.37325333004201383,0.34971667918998717,0.9380902825152687,0.9139464311947205,0.8570100616999563,0.14910721418268666,0.13945129709568477,0.1224576328122721,0,benign
62.28211335801766,55.0,29.452398327176947,867.4437672226954,1.4270256935328447,2.13154903060867,33329961.0,6.5601405263994685,13.0,202.0,189.0,34.0,41.0,75.0,105.0,34.0,22.410867468567886,7022.0,352.2081528017131,0.8797900623451145,138.57204713946746,65.87194598285011,0.9770418811743425,0.7492530943235168,2.103658015136595,94.55521182425807,7187.0,1.335117226607389,1.8044800021479719,2.781117706206111,0.3529271046124074,0.4641253888678198,0.6860538277113197,0.8798027664170502,0.8470524224492955,0.7858169116959035,0.3710915228102462,0.35582345532210086,0.3277290833224232,0.8380763256756812,0.7801579883449661,0.6564374599760504,0.13790401567291266,0.1268105997067464,0.10758965542334191,0,benign
19.28141397404032,7.0,25.020512099631866,626.0260257278246,1.7322253704705945,3.345814074650413,3613030.0,4.88427222376473,0.0,147.0,147.0,1.0,1.0,32.0,55.0,31.0,19.53262066891551,3621.0,225.3380951166243,0.4270694329082635,71.70068693876263,64.8331115294711,0.9858426354478628,0.8068181818181818,1.105926975387719,67.89992924507376,3673.0,0.5378096661898242,0.7483539897810042,1.1990472609498342,0.23962693730033505,0.31455219408648716,0.45663044573890155,0.9034810112680897,0.8770906099966355,0.8307603219231633,0.6527939371083287,0.6397685667933131,0.6162884392303736,0.8309028804701846,0.7630825530186838,0.6150958208747375,0.42620854968668603,0.40936402304408687,0.3798366917161293,0,benign
62.58828671328671,55.0,33.6775037189265,1134.1742567383083,1.6864245826407096,4.57280180092831,86683189.0,6.840822624357199,0.0,244.0,244.0,29.0,41.0,77.0,106.0,36.0,24.59158923826756,17160.0,517.9310242291875,0.7312586300943217,179.99508627721158,122.77470190653487,0.9887070753629869,0.7574152542372882,1.4660600553869565,147.81336403605525,17356.0,1.5165028493923869,2.045932125540397,2.837947437956894,0.4399150183795278,0.5458894112910471,0.7279190361946211,0.8449311843954147,0.8148019634059721,0.7602007381628755,0.3354676401515487,0.3225167620277197,0.29988830285208795,0.8458098653008441,0.7917730295057654,0.7099286763151691,0.11265183925830205,0.10410185135151269,0.08999942280214132,0,benign
59.88465845464726,48.0,31.36679508757434,983.8758340658777,1.3250114589075834,1.0686902430628589,4081053.0,6.387705684338723,21.0,168.0,147.0,31.0,37.0,76.0,108.0,39.0,24.81356174501441,893.0,113.59797974644665,0.7673417616361109,42.192391928655134,27.055379761120278,0.9738276990185387,0.8377110694183865,1.5594825244067496,33.71947380147709,917.0,2.134672842401502,2.730132294222351,3.7710455535949503,0.5973370075046909,0.7683068744888637,1.0915459712377444,0.7986997996685009,0.7447606533815765,0.6444852804826582,0.3363977716113091,0.3153184666571681,0.28412040941770783,0.7266074405241714,0.6426817177395755,0.4728510339094809,0.11347959695696162,0.09967750898356247,0.0808297986347997,0,benign
93.08363244795406,93.0,13.53726495951883,183.2575425842163,1.131154130042864,4.135112652655752,24650027.0,5.625533461522701,58.0,174.0,116.0,78.0,85.0,99.0,107.0,14.0,9.671530145857995,2786.0,207.6812408671319,0.8218979295260231,79.03219200460794,45.019486058497094,0.9782303370786517,0.758095238095238,1.7555107559849896,59.55875562528286,2848.0,1.0885687090151375,1.5037079077044258,2.372400973891768,0.36275307194950057,0.4798911096475582,0.7062681874565326,0.8705038115747319,0.8339427501308995,0.7691925028843556,0.45013637744415724,0.428489641759447,0.3943045016770921,0.8901895605080969,0.847238627477417,0.752352183913697,0.2030641950367024,0.18396603446147713,0.1557674320637258,0,benign
84.24592087021435,82.0,27.40982268645337,751.2983797028139,1.562224845632926,5.404329226351486,73597012.0,6.6175742720225355,18.0,245.0,227.0,54.0,67.0,98.0,113.0,31.0,19.782890524146147,9377.0,395.5046173579948,0.8143945461696732,144.45493837702455,83.82887269285136,0.9777893639207508,0.672861653272101,1.723212226726546,109.26649628766185,9590.0,1.7882934455187036,2.4198607444196276,3.4690974909260133,0.5259815547767233,0.6608822779499277,0.9020626482563636,0.8160974712127793,0.7789693425178768,0.712762789203428,0.3681298491173357,0.35584802135064786,0.3341614350604314,0.8555913696519578,0.8042352591357296,0.7174285498284415,0.1356082080482069,0.1266756190699316,0.11170116221096756,0,benign
140.5356998586144,137.0,24.25078501062569,588.1005736315876,1.1740514029375415,2.03775856739637,402781347.0,6.471443955183514,77.0,255.0,178.0,116.0,125.0,150.0,173.0,25.0,17.827196986945502,19804.0,639.5462479183374,0.9431443596936527,276.9571149184236,92.05594425382202,0.9625273390036452,0.754035942735303,3.008573940155144,158.7930601252308,20575.0,1.548552292871521,2.187286410154707,3.784281316889497,0.42922836263934316,0.5647329616988804,0.8528245655059221,0.8436043379587136,0.8039756477736789,0.733436646979982,0.35424418228539234,0.33666200044709554,0.3093170438738891,0.9387656485699227,0.9129829342355538,0.8468744791955989,0.12591053291535628,0.11360212966309374,0.09591718679185046,0,benign
91.47587195413283,81.0,45.57546799652827,2077.1232831025723,1.4521372857694934,1.901408787139518,43722596.0,7.134319385473731,1.0,252.0,251.0,47.0,62.0,105.0,159.0,43.0,32.9928948884058,4186.0,275.8233764908628,0.9006734574155746,111.5299319427552,48.4593797819074,0.9771241830065359,0.7313067784765898,2.3015138131090063,73.00534729909441,4284.0,4.371950845406808,5.9253498620836655,8.715305231107116,0.9028049377524785,1.1330554365104872,1.5457067103570992,0.7417531281086337,0.69721433953646,0.6192300133605938,0.29680750869186345,0.28358946051244976,0.2577128257544601,0.7775973244243823,0.6963904787628079,0.542058551823406,0.08824595691139703,0.08056407794303413,0.06662371195481025,0,benign
124.35531243839937,120.0,28.042349381374624,786.3733588270817,0.9671653272071452,1.3521139875074297,164878761.0,6.727538563886534,56.0,255.0,199.0,93.0,105.0,139.0,163.0,34.0,21.55695038909353,10146.0,522.634559672906,0.9690367494397005,229.3566384207095,56.63194782162988,0.9525866115857666,0.6544117647058824,4.049951436300581,113.65864868492393,10651.0,1.2840142899541929,1.8044716576925368,3.1615707858692614,0.41797205496772494,0.5556620732472094,0.8674393605061568,0.847171405286715,0.8050328488902965,0.7226104815415011,0.3808864386809888,0.3664139768459338,0.33846526959179224,0.9478942727299153,0.926514725772777,0.8700561237367775,0.14536419080648583,0.13456319502343056,0.11502418457540096,0,benign
51.066112956810635,40.0,45.66664144323347,2085.442140704849,1.3955379285918044,1.7496966486015086,56506008.0,6.818027215483182,0.0,225.0,225.0,1.0,21.0,68.0,115.0,47.0,34.12570021302193,12040.0,522.6761902332485,0.9442413733458959,216.68044932052072,71.34291530390301,0.9762426011513825,0.6527514231499051,3.0371684195622803,123.81358616327756,12333.0,1.3801870583956402,1.8949653605134835,3.1225269065425567,0.31686799421082656,0.422156264155355,0.6594830567584495,0.8976416272736709,0.8699443214719347,0.8141929678576116,0.498287871357319,0.4877109083808875,0.46513690995118684,0.8853971671134622,0.8413958465089665,0.7335178734210911,0.24841856170939308,0.2380293919773696,0.2165910614323358,0,benign
110.31659128778863,70.0,71.09847620808381,5054.993319111459,0.4692279600779974,-1.4689794865733425,72361148.0,7.15947398943444,12.0,255.0,243.0,41.0,48.0,190.0,210.0,142.0,65.94140205676423,4201.0,271.75230867899734,0.8949107154653414,110.49989258965425,49.31005073239808,0.9569476082004555,0.7354691876750701,2.240920277882674,73.1360330304592,4390.0,3.0609086276274686,4.419193794233533,7.969411809415965,0.6531154428468057,0.873066795912785,1.3794974259000332,0.7997964935552265,0.7527369943695337,0.6653842249828004,0.3231684056107965,0.3085423938974685,0.2805067038543286,0.9229453299557862,0.8883945811686742,0.797484324951631,0.1046583762517705,0.0953795228780877,0.07894067851677006,0,benign
33.35130858571474,30.0,29.67637353018448,880.6871459030342,4.1313533985141975,23.76622498873609,125953420.0,6.169794029631307,0.0,240.0,240.0,8.0,16.25,42.0,55.0,25.75,17.27118470357523,63198.0,1293.9209229614207,0.9600414227884346,539.7013677998973,151.03971295878853,0.9746009715475364,0.6766453602286963,3.57324148217334,283.6656354727742,64845.0,0.9067902178907565,1.2670518360310241,2.1518902571916225,0.21529781330765102,0.2862929414671514,0.44165278336519026,0.9220417475528893,0.8985935233299446,0.8515964763882475,0.5251398198009763,0.5113386063032432,0.485546130924576,0.8274396111224345,0.7591007709515267,0.5923600488504878,0.27595960415273235,0.26166725434516447,0.23596013804395755,0,benign
67.99254658385094,58.0,36.165457512900275,1307.9403171173951,1.8888528510899416,3.6861659602841046,9548792.0,6.602768513154688,14.0,234.0,220.0,38.0,46.0,75.0,116.0,29.0,25.37363836271749,1610.0,158.5685424949238,0.6631198687355653,52.554846749747796,39.33799753824004,0.9663865546218487,0.8094519859225742,1.3359817489098118,45.27599437918081,1666.0,3.2252667301738502,4.137199240129364,6.037052927546627,0.6829582440263555,0.8830639854147166,1.2807353479622385,0.7901816237215669,0.7363633353383292,0.6380705673512892,0.3308976287690213,0.3088235604419884,0.2721605498761286,0.7003250898564809,0.6111755767533161,0.41112407301790743,0.10986230218968754,0.09563196709878502,0.07426453840308062,0,benign
51.327037178161234,40.0,42.741330788932245,1826.8213576089277,0.8027644121826875,-0.20606158012886366,81958287.0,7.035138510041104,0.0,200.0,200.0,3.0,16.0,80.0,116.0,64.0,35.51512335605754,18371.0,732.4335495461293,0.9771398247048206,340.1677026705462,72.3188559459638,0.9292362164896307,0.7583488132094943,4.703720740891108,152.9401310197218,19770.0,0.8392021596813626,1.248087686114379,2.3868166717978885,0.37469749233109034,0.5041744831007141,0.8082003164297947,0.8481888425591483,0.8059588742800323,0.7205094686864034,0.4275507676366882,0.41218983127915965,0.3801491120727379,0.9292977000831009,0.8950793019865048,0.8003181885660793,0.18309029913161498,0.17028006233784312,0.14511805916510437,0,benign
55.8542339847156,50.0,36.173081228436125,1308.491805559038,0.625483516399683,0.15969894385718675,172672734.0,7.0020214190480505,0.0,217.0,217.0,11.0,29.0,79.0,105.0,50.0,29.436053923430784,38994.0,977.6955262170047,0.9525996444662237,411.2241354625128,125.10538356937947,0.9575424207450335,0.6617003224164263,3.287021898897428,222.81988871598276,40723.0,0.5462716585790905,0.7912481134299523,1.4311750429338246,0.28524449810580593,0.3794152252516954,0.5814180403189113,0.8764392579105275,0.841511192548995,0.7757776763273383,0.43655185233435634,0.42448761136852914,0.40184106470530806,0.9425139034099648,0.9167769796535195,0.8495835886850693,0.1907123671758113,0.18032546038297587,0.16163680380335133,0,benign
77.95546772731849,69.0,51.197490352429504,2621.183018387112,0.8408701507576029,0.06591468594466976,345528805.0,7.50101171493456,0.0,255.0,255.0,21.0,37.0,106.0,157.0,69.0,41.06051573473521,39724.0,823.6467529817257,0.8928437253652105,337.397148456111,151.95240947680716,0.9895623147248587,0.8909123530994887,2.220413283460363,224.89590408688994,40143.0,1.0079228468533614,1.402388753621783,2.3876608391889595,0.384256630551065,0.506300349261443,0.757554640029702,0.8398188745721001,0.7945031627294435,0.7127413433072834,0.25334917577300936,0.23584308648721475,0.20824831228583782,0.9483910522930091,0.9280763533589517,0.8770714685276122,0.0644442758656389,0.05578736299917385,0.043482511955948086,0,benign
65.82389231632081,50.0,38.11859784533192,1453.0275016941434,1.0623569703073088,0.3241431842432836,30948310.0,6.861572511149589,9.0,198.0,189.0,30.0,38.0,91.0,123.0,53.0,31.322702405206854,5349.0,357.48023074035524,0.9508318687023649,149.44215817125493,46.28336248638889,0.9611859838274932,0.7189516129032258,3.228852662016577,82.52610692858585,5565.0,1.3027829386496599,1.8359711169407231,3.224089037097487,0.38134702284389155,0.5127709381570714,0.8180213433511674,0.8641459419591548,0.8239034799160658,0.7421002372250123,0.3624320692955566,0.3469272262871145,0.31662470262021103,0.8907950328702863,0.8453905901293318,0.7257749359024522,0.13169048394724028,0.12076409721114359,0.10082278085968853,0,benign
96.1496458251994,88.0,46.710569102678356,2181.8772658960897,0.4655040152991178,-0.37619628798952887,204868079.0,7.482797288893328,0.0,255.0,255.0,41.0,60.0,128.0,162.0,68.0,38.994658602823456,17929.0,644.4579361637689,0.9417548204234004,265.21791617199335,89.19285153647436,0.9317638499116516,0.5957270069112174,2.973533322494299,151.08908563346571,19242.0,1.061372749836547,1.5417903865840625,2.784584932573365,0.35246542300547945,0.47283629699308344,0.7386151962797822,0.8652772837460689,0.8283404605807436,0.7594571323824838,0.4214284893327084,0.41306247425360293,0.3966850218459582,0.9519180256777954,0.9301052216533817,0.8736479410430827,0.1776733752364332,0.17069009934314705,0.15745871909642326,0,benign
26.279796511627907,3.0,43.962098928584545,1932.6661422066545,2.1194902115290586,3.917346723882008,21657914.0,5.123378562166885,0.0,210.0,210.0,1.0,1.0,33.0,91.0,32.0,31.730346921759512,4806.0,320.4091629284897,0.937914546453778,134.6776652595319,46.7151577052118,0.9683659077171066,0.7319524824855316,2.8829543102346524,78.22524689636455,4963.0,0.44142768879034056,0.6473392992014748,1.2073579209113683,0.12722692522576404,0.17011901975811852,0.2702037420201861,0.9559867387223488,0.9450110154943614,0.923907150755187,0.8906488741454357,0.8859686068850081,0.8755337829470199,0.8951907316231449,0.8462188353165677,0.7126335833915705,0.7932715690536064,0.7849705444341407,0.766608430180405,0,benign
126.69672239041726,124.0,25.839346604887513,667.6718329675119,0.6042985220354771,1.9374141964816998,1524237584.0,6.651925449879693,36.0,255.0,219.0,97.0,111.0,141.0,158.0,30.0,19.27648307606049,91164.0,1375.8204178980325,0.9285818527718666,572.2347369337115,212.37214095943278,0.9692420553494158,0.7034259259259259,2.6944905972531465,340.69577317048766,94057.0,0.8987141727596756,1.2270086286301036,1.9386706046088755,0.33776958793956713,0.4369351846826204,0.6294198967466861,0.8649087130444993,0.8302743208661849,0.7686088277324723,0.3688097618836886,0.3566962850662701,0.3381469916033524,0.9620456477310448,0.9481101652172845,0.9176616601092682,0.1362140604102255,0.12733716292794545,0.11442585537453934,0,benign
140.65072457265916,133.0,49.78181922511675,2478.2295253622037,0.3071017164135735,-1.0382396100091507,496172216.0,7.435659390296521,43.0,255.0,212.0,81.0,97.0,182.0,208.0,85.0,43.79382583180872,22289.0,762.842712474619,0.969387111678779,342.5460745038002,84.1078815207709,0.9565273367092954,0.5598000803697006,4.072698875660143,168.46137899412446,23302.0,1.490575286954913,2.1397272646107566,3.8267213743525668,0.3650337291222161,0.48825800248123075,0.76253808781676,0.8710500110400963,0.8365260923578198,0.7732998443637014,0.44805603087267504,0.4417142397002635,0.4292220696742794,0.9624694580910642,0.9460959321962155,0.9034655585519453,0.200802042774256,0.195156366076952,0.18430247949831366,0,benign
72.03458213256484,61.0,33.59484480606997,1128.6135975439267,1.5652043419450297,2.1462824445554594,6576616.0,6.539938978655625,26.0,195.0,169.0,43.0,50.0,83.0,123.0,33.0,25.058132420887695,1041.0,127.69848480983498,0.8642762791839455,51.68401434952307,25.997958958249477,0.9867298578199052,0.9036458333333334,1.988002767160423,36.40662530459675,1055.0,3.0393636293555355,4.155378586395873,6.002216196645541,0.8030373111316682,1.0479535906007345,1.4753962372168892,0.7278035748885007,0.664599014888267,0.5600457024386767,0.29961413419152194,0.27628027822153045,0.24504914117738968,0.6576950370364614,0.5235855724633842,0.2599374535481256,0.0904707111144456,0.07679115611576454,0.06031906891593685,0,benign
70.84002426939023,64.0,27.478992828332675,755.0950468595586,1.7130559892114163,4.94978666642026,57093193.0,6.494404377286101,28.0,236.0,208.0,43.0,51.0,85.0,105.0,34.0,20.739387788945105,9889.0,408.24978336205567,0.8728147043292767,160.9447235386634,78.54935088117973,0.985352730171383,0.8077268643306379,2.0489631261513765,112.20991871437224,10036.0,1.269598947022331,1.7271868085099569,2.7700115533978638,0.3673484128825222,0.4847935836668959,0.7269635834450755,0.8665971294255522,0.8285027006506003,0.7574270252105829,0.3439696709116498,0.32554426419721977,0.29596659491139354,0.8492331292961793,0.7936603016899494,0.6625744158200557,0.11866323094129033,0.10625175600769199,0.08777503994409783,0,benign
66.14753316749585,60.0,30.57084010367432,934.5762646444222,1.2862871027504634,2.4240653940383785,256157893.0,6.779328442620274,6.0,216.0,210.0,34.0,47.0,80.0,103.0,33.0,22.85969363811814,48240.0,1079.7777413171634,0.9602085413936493,470.0805774264527,131.28598767098651,0.9811658463165602,0.7851690294438386,3.5805845373575838,247.8327573950309,49166.0,0.7182675795962489,1.0183955972519882,1.8030515836505594,0.3116771140543939,0.4116064510737791,0.6343758942979405,0.8691116016068459,0.832977998327336,0.7609943188902804,0.33282404524394454,0.3169940247792193,0.28953614208426937,0.9209825829545207,0.8875718108509595,0.7993353429535262,0.11121746711729753,0.10086961676338732,0.08421263648603755,0,benign
63.47766821345708,54.0,33.29435391250899,1108.5140024514028,1.7840242743882568,3.508174385488883,35431154.0,6.607945804638891,14.0,231.0,217.0,34.0,41.0,75.0,106.0,34.0,24.237294241659985,6896.0,339.96551211459376,0.8606331756784195,132.5612169952826,67.50354251267392,0.9840182648401826,0.7869451101221043,1.9637668196508942,93.70304104186631,7008.0,1.3778621209220119,1.872584768603356,2.8640306411357344,0.35594859306269583,0.4678987678168279,0.6847651621153639,0.8760550384473063,0.8427421252258998,0.7815532411093299,0.3626354995373796,0.3467946291693349,0.3190656294051733,0.854395192811126,0.800933046691699,0.6900977658678937,0.13170142502679838,0.12047870185719001,0.10197238736827807,0,benign
87.66169154228855,84.0,29.361827100352986,862.116890671023,0.7061549997173904,0.02026555900729088,6871538.0,6.618248960863362,39.0,186.0,147.0,53.0,64.0,104.0,129.0,40.0,23.687730501720253,804.0,107.45584412271572,0.7644749734721225,40.11358309842179,25.85935800447104,0.9840881272949816,0.9054054054054054,1.5512211514101093,31.99507140118726,817.0,3.1897546323497408,4.044167692537258,5.4039142561201405,0.8084881756756757,1.0186000724044202,1.3925178425178437,0.7312789245620273,0.6716183533593574,0.5683695304874516,0.2604977638095083,0.24053780074260023,0.21342533177856945,0.6187520679151441,0.5071395928660698,0.2918186135432632,0.06815633436583905,0.05795405885119838,0.04559746553381194,0,benign
81.42361111111111,70.0,41.62702475544198,1732.8091899901792,2.2723053882847837,5.281244104455798,26492760.0,6.620890996282819,21.0,245.0,224.0,48.0,56.0,91.0,117.0,35.0,27.74495387906846,3168.0,215.43860018001257,0.6718642660836621,73.97705909974394,54.79290592938409,0.9786839666357738,0.8036529680365296,1.350121112303917,63.51080914081473,3237.0,5.449440465098226,7.086381325676658,9.385067632066592,0.902319980120553,1.1304660890730551,1.4983946436619773,0.771120307415684,0.727483553804608,0.6499952912059883,0.2946163649269675,0.27958023865974896,0.2543720569626399,0.6460636835132055,0.5367853650860545,0.3717554771988948,0.0869133538193077,0.0782366631491141,0.06473909315257502,0,benign
53.15030221625252,40.0,46.49350541648473,2161.6460459126947,2.3310073605909096,5.811048976786891,37125242.0,6.795580435291572,0.0,239.0,239.0,16.0,24.0,65.0,95.0,41.0,31.14048534112482,7445.0,333.27922061357856,0.76609292419726,121.61115317829172,78.16311553621415,0.9872695928921894,0.8231977001326847,1.5558636876743666,97.36153455319655,7541.0,4.4216127994462715,5.8257012605153715,7.758837004680463,0.679612634527495,0.8599516608868816,1.1520038722613912,0.8248879987311679,0.7885192069172113,0.7223740070918884,0.3354994443962851,0.31862010707802624,0.2882488210586185,0.687763505669747,0.5876466902879185,0.440917693541719,0.11267221270508077,0.10160273738494335,0.08311210737979136,0,benign
84.26218611521418,75.0,48.97781522276083,2398.8263839949027,0.9833440067903015,0.37685753970885916,25723136.0,7.309705448689566,12.0,240.0,228.0,34.0,45.0,111.0,158.0,66.0,39.30267886169106,2708.0,203.05382386916236,0.7831635737237412,74.93702345983509,46.59702083349056,0.9829401088929219,0.8291488058787507,1.6081934449761173,58.7190998495619,2755.0,2.1916263523167987,3.072558496229519,5.0214676146950925,0.5427721643872898,0.7346790548334783,1.1477814790937113,0.8112954683272359,0.7549517297456732,0.6462847398121744,0.260109713302412,0.24293686464686087,0.21308929161985934,0.8836249483205081,0.8352536110781016,0.7216262880574453,0.06792563706680649,0.059168099757824055,0.045525042758509424,0,benign
91.33075435203095,85.0,27.25975004756281,743.0939726556007,1.129378485334654,1.3803114167421962,32876446.0,6.539365898952001,49.0,214.0,165.0,63.0,71.0,108.0,127.0,37.0,21.530537037759565,3619.0,235.09545442950497,0.7872218614527513,86.90826729474713,53.59371076025268,0.9804930913031699,0.809257602862254,1.6216131718052618,67.88117494855665,3691.0,1.0985154326910185,1.4941948014868376,2.3561343984972054,0.3471486816340765,0.4604515577934848,0.7021060416321195,0.874012639642861,0.8364733365370263,0.7591618111590922,0.33469055294930755,0.31575157745178634,0.281084864294156,0.9011831425123705,0.8637473454061549,0.7757052109203013,0.11234020591947808,0.09999004266895054,0.07926330502831225,0,benign
6.953650402532022,1.0,18.31345302968604,335.3825618705169,5.1224081862314375,37.952573351627265,18065131.0,2.3768477210963024,0.0,238.0,238.0,1.0,1.0,1.0,21.0,0.0,9.689142678301273,47077.0,851.4295449327724,0.6456248836476396,281.2966870778693,214.8135387990572,0.9893243669223495,0.7370291511413094,1.3094923562569414,244.82707784780925,47585.0,0.2700001155161708,0.3515316404592121,0.5161501298924507,0.07252941554444021,0.09582669111438206,0.14185545105924086,0.9747238224644841,0.9668139166490992,0.9520280732573213,0.9032832255784486,0.899521846785819,0.891726141304457,0.8151230173570035,0.7581845401623856,0.6405845558388961,0.8159243969544268,0.8091452069459368,0.7951789540157486,0,benign
13.844073631086088,1.0,29.978532909634655,898.7124354140481,3.880218511832276,18.62550637912063,37376821.0,4.060952782884835,0.0,248.0,248.0,1.0,1.0,11.0,43.0,10.0,17.68550251988843,34279.0,705.7716446627535,0.46232485031733056,222.8865776767347,197.63589663244286,0.9888648492715996,0.8090012272255263,1.127763637449184,208.9147633700803,34665.0,0.5939560449937742,0.8449520844302443,1.4485525677753939,0.14297925509145332,0.19343892581250477,0.3020737534531815,0.9518598875544412,0.9378538768590896,0.9116808031937437,0.8242605883513573,0.8191828998564576,0.808667509559917,0.8712184029778021,0.816665247315991,0.6851311630875635,0.6794164303528093,0.6710717882835062,0.6539479936173187,0,benign
51.779324894514765,29.0,57.435245456437976,3298.8074206412794,1.3658110345072512,1.2451376376331877,14172377.0,6.844691145772215,0.0,244.0,244.0,2.0,7.0,83.75,137.0,76.75,45.86634228845093,2370.0,206.95331880577402,0.8892975631685937,81.91338448897545,37.461368892817354,0.9721082854799016,0.75142675967026,2.186609483581394,54.93248329560876,2438.0,4.391183502005798,5.988525698781348,9.378129159712575,0.7397070413980795,0.9840800009117687,1.4870410872426227,0.8093575855507139,0.7591066940707708,0.6694600212871955,0.5044811720580339,0.48876619233732005,0.45447706309022096,0.7714709067234267,0.6878818799271391,0.505360402158556,0.2546200715796044,0.23899088931742882,0.20669266419284904,0,benign
47.8492296404989,40.0,30.545247058997155,933.0121178951744,1.225521346330244,1.2469441497139782,8784701.0,6.521525151285612,7.0,167.0,160.0,18.0,23.0,64.0,93.0,41.0,24.068643625768328,2726.0,211.1543289325507,0.8723359253546715,84.6319129913025,41.37713284011868,0.984115523465704,0.8737179487179487,2.0453788646574513,58.913928734621436,2770.0,1.033788158321803,1.4123666580155525,2.2875519328644334,0.42239591340815535,0.5510233558911044,0.8194793101043102,0.8338395800867455,0.7902657109602256,0.7076749226924812,0.3491184078720286,0.3298498710213318,0.2990670816382561,0.8394539188394206,0.7753104663302957,0.6147587701556452,0.12244669458813592,0.10926546982605059,0.08977453787069328,0,benign
16.184259797275487,2.0,26.215649088291617,687.2602571204451,2.2338369284042288,4.927380408553885,14702012.0,4.390914437113251,0.0,173.0,173.0,1.0,1.0,22.0,51.0,21.0,18.795961083947287,15489.0,499.19700551341987,0.8237087851809064,186.9863171340214,106.02368830910709,0.9868748008920039,0.7846504559270516,1.7636277337275001,140.43221606313466,15695.0,0.5459143699698299,0.7422375087082568,1.1381608257876217,0.18346049744477472,0.24214817451392348,0.35542960920873606,0.9338569855724402,0.9152855617610971,0.8819960255605478,0.744135303875006,0.7356361904274469,0.7193477024259416,0.83421946056739,0.772399684019587,0.643634272655482,0.5537754393187578,0.5412068114200215,0.5175035066113471,0,benign
19.56897613548884,6.0,28.264747896001598,798.8959736245267,2.0990642823417645,5.301712320952161,61408448.0,4.8991991576555005,0.0,199.0,199.0,0.0,0.0,31.0,55.0,31.0,21.053503888524425,51960.0,926.8670990922586,0.8369492788625558,349.61636015571366,191.33820327631383,0.9903745354045554,0.7718589381740396,1.8272166988566754,257.21105486436437,52465.0,0.35053894195199614,0.47713050803579354,0.7600666277071664,0.11667027189033544,0.15381594649960204,0.23080252472854504,0.9555022118058016,0.942759790989826,0.9182533461944504,0.7047126667622529,0.6992693964896299,0.6883608476577332,0.9111464587203665,0.878902278221459,0.8065427012302562,0.49664643180562507,0.4890104423612368,0.4738799160795968,0,benign
39.68079531442663,16.0,58.53813021555435,3426.7126891331964,2.129089934366222,3.7340965195975304,32448293.0,6.327813347791239,0.0,246.0,246.0,1.0,3.0,45.0,113.0,42.0,40.86629218544033,6488.0,320.5512985522207,0.8123681431338028,119.40364492784475,69.62962920458021,0.9791729550256565,0.7990147783251231,1.7148395918786599,90.88882310956467,6626.0,5.1512353295401985,7.070782021806628,10.310054989249203,0.6965349157719278,0.9174294903223351,1.3183568818995326,0.8375900739643215,0.8005373978551523,0.7329778018426748,0.5628692091190678,0.5477921020634321,0.5193152172877656,0.7364108722038514,0.6371980059252373,0.46518611807937627,0.3169621498909507,0.3002624320784325,0.2699138817485033,0,benign
26.395214521452147,11.0,34.77157535037376,1209.06245234672,1.8052421785234236,2.7999335976017345,6929379.0,5.833639136895698,0.0,172.0,172.0,1.0,2.0,38.0,78.0,36.0,26.096513322949455,3636.0,227.09545442950497,0.6436726144335281,78.06446079912057,59.74280710008485,0.9840324763193504,0.8248638838475499,1.3066754742264144,68.04042169664332,3695.0,0.8681817747635878,1.2561388538038945,2.145686387532626,0.2987103724222837,0.41075600839042314,0.635538470517214,0.8898497250690697,0.8541081815671994,0.7914405280246666,0.6254943012871583,0.6117091398358168,0.5838378139097913,0.8741068887499961,0.8177411039092429,0.6881666886547517,0.39129500848932486,0.3742786027591227,0.3409249603723731,0,benign
96.92879598252561,94.0,33.08508029121077,1094.6225378758636,0.4243867215466452,0.3733625053002596,513854030.0,7.035109759337532,19.0,231.0,212.0,54.0,76.0,117.0,140.0,41.0,25.880728621010086,48986.0,848.0386719675123,0.6849909469510583,293.2683076185011,213.66108845160915,0.9911780178867711,0.8005556463474424,1.3725864159159789,249.74169122995198,49422.0,0.6237207329794634,0.8755194709605342,1.4990949167687742,0.29065731436629355,0.3903097506830595,0.6075718564185766,0.8743118010071007,0.8348072248708764,0.7559475748775787,0.2998266945746765,0.2837653711710866,0.25719585964816927,0.9580423797463573,0.9409177418856731,0.8978194443825493,0.09012366373237538,0.08066859782164076,0.06623801183454736,0,benign
103.04815488995531,101.0,25.636213716851053,657.215453736062,0.3384940383506557,-0.37745260206677544,68141700.0,6.659644212062637,44.0,187.0,143.0,71.0,83.0,121.0,137.0,38.0,21.13564854271674,6043.0,296.06601717798213,0.5418126105928521,96.29959330572457,80.9397420069955,0.9848435462842242,0.8180587518613781,1.1897689678502008,87.71651252093068,6136.0,1.7463295657529843,2.3722106238605947,3.758917014175165,0.4572847588815612,0.6049511857802238,0.9143437099913393,0.8411595726433487,0.7949558237066217,0.7066872021906592,0.3000662983120614,0.27961817385236337,0.24645268611582546,0.8627917982822915,0.8122932246780199,0.6936715836628631,0.0904034441326093,0.07832920077020986,0.060808912600345114,0,benign
75.28770830916754,76.0,27.931559022438126,780.1719894239448,0.07758388150863423,-0.6158234461837488,166775254.0,6.795051021050643,12.0,173.0,161.0,37.0,53.0,96.0,111.0,43.0,23.07107034350272,25863.0,681.7888886054567,0.8816864851522811,265.8683830898346,125.446198617071,0.9843946256613253,0.7867072243346007,2.1193817430961563,181.4656836580556,26273.0,0.5183535442861384,0.7252646117575778,1.2452620346465006,0.2745334494959474,0.36451839234505656,0.5600532246012412,0.880619673349897,0.8447525876014033,0.7729424862660981,0.31605351206819265,0.2999501768675362,0.2717107849817013,0.9458438646049927,0.9240628740469381,0.868709009453796,0.10019211562411089,0.0902076309684,0.07404823747095007,0,benign
98.43271346830986,94.0,35.47144732761282,1258.2235755156107,0.39777554010864136,-0.3622624148066853,198976719.0,7.122368297461772,11.0,218.0,207.0,55.0,72.0,123.0,146.0,51.0,29.305382091217247,18176.0,641.1614716074871,0.9456994556211523,271.7788048230383,88.33962572449371,0.977835162470411,0.6868717406091754,3.076522031807554,152.12626980606052,18588.0,0.9221743269681012,1.3222953718064012,2.3868051401473993,0.3402871974154512,0.46049974775455554,0.7358159271606588,0.8658680199989256,0.8248408733730864,0.7426055643458483,0.35135232009027084,0.33972029560354466,0.31835057013634677,0.9493272855845079,0.9271865385847684,0.8678340070515785,0.12361539081643662,0.11554623034254598,0.10150951476072319,0,benign
102.95021858694119,88.0,46.942890298065365,2203.6349495361997,1.6376460174542986,1.9769095264602692,90781694.0,6.968665184459425,41.0,255.0,214.0,62.0,74.0,111.0,182.0,37.0,33.9785679173942,7091.0,320.9360748630709,0.6623442667381924,110.03716205882795,82.43980012599494,0.9829498197948433,0.8007000903342367,1.3347577491776452,95.01863823333315,7214.0,2.0672447427235703,3.004077074960903,5.2018792157993365,0.507901262188269,0.6810480116804245,1.0468886922796243,0.8198333543937883,0.7719313734387392,0.6852980327491277,0.30548269628204433,0.28691130021183514,0.2565406173565234,0.9064694750934322,0.8636298615718108,0.7605220999557509,0.09362174033331443,0.08246114595559668,0.06588936886267319,0,benign
105.81153533712428,101.0,26.862835333889088,721.61192217564,1.2494072997248795,1.7018915238199988,29341360.0,6.4682017686725235,65.0,226.0,161.0,77.0,88.0,115.0,147.0,27.0,19.94344119981971,2462.0,219.4386001800126,0.9207954581620239,90.27548600415894,35.21157394254017,0.966248037676609,0.7353643966547192,2.563801497526766,55.98853238957037,2548.0,2.883006842872726,3.9606222472446375,6.296424066510247,0.6123315718292925,0.8162484654378885,1.2455040711800673,0.8175602855976541,0.7688266177317136,0.6769867362621472,0.34324861883516145,0.3232284586054085,0.2875493251759629,0.81697585981208,0.7437844701746426,0.5729062021393404,0.11832361101254013,0.10487391177126082,0.08310415521819997,0,benign
46.534792021029844,42.0,33.84987509406208,1145.8140438836042,1.8730009986320582,6.388929085342971,85656732.0,6.79538450929449,0.0,255.0,255.0,11.0,22.0,62.0,83.0,40.0,24.393523748897383,25868.0,620.3574311003804,0.7129930320999497,217.17437349687344,152.27639818205532,0.9888757215489888,0.7842590346834829,1.4261853845349612,181.48322386162636,26159.0,0.6304337140874332,0.868792942802,1.40036706678164,0.2576444028005103,0.33973526783356695,0.5047449508639665,0.8917379961486609,0.8602943804575145,0.8016550789176,0.4001701737382847,0.3839529800814593,0.3551241464768314,0.9205518329671959,0.8900268463904231,0.8208140839441789,0.16034540550683823,0.14758160143695892,0.12622490587080398,0,benign
48.524284475281874,38.0,44.297649932751916,1962.281789564636,2.3679605563671426,7.348869241976015,59728462.0,6.876480960953043,0.0,255.0,255.0,9.0,20.0,64.0,89.0,44.0,30.07056450146895,13836.0,518.9777054234136,0.9159370429167607,211.73280450517373,84.97302880499235,0.9700623992147515,0.795904279797515,2.491764828003094,132.7273232644873,14263.0,1.9564759300011847,2.71583032964546,4.4359256845316795,0.4381791711421146,0.575161071792501,0.8542973953263479,0.8558929214646344,0.8196275021158443,0.7535993156281925,0.3989970083255905,0.3818877854331197,0.35062571676360277,0.8428773918815233,0.7790812044730175,0.6283289065187759,0.15952293607296053,0.14617065330405704,0.12329630620907642,0,benign
47.621526381760994,40.0,36.180168203898425,1309.0045712623826,1.174127854830654,1.5906502808843177,302476882.0,6.813481285891661,0.0,226.0,226.0,5.0,23.0,65.0,98.0,42.0,27.728433310570136,84566.0,1300.3473298326137,0.921983477569453,531.2652604875052,205.72143124295394,0.9831426711309523,0.7414428000280564,2.582449758771554,328.1353003565355,86016.0,0.46020732098035255,0.6359676456228703,1.0880012207914749,0.24201273277615193,0.31338081472320156,0.4655003260033732,0.8920902857422403,0.8636697869865569,0.8091014187935146,0.4271710404472895,0.4164135008685056,0.39721755701841294,0.947221798134026,0.9270320459418807,0.875021708865946,0.18264137282120707,0.1735181894183635,0.15788837600524225,0,benign
32.632445477297104,31.0,15.93489710857586,253.9209458608993,1.0772398982028453,3.5285958075858,73773529.0,5.926348184560446,0.0,176.0,176.0,14.0,22.0,41.0,51.0,19.0,12.083422922741805,55940.0,939.961507501237,0.7974505691888698,344.5291501180137,207.88347328267363,0.9917384675389143,0.8018462244137378,1.657318615460756,266.88016061986514,56406.0,0.2379878935180713,0.3180017198006212,0.49427684243123093,0.16536592574223669,0.21568182134434172,0.3182610193629129,0.9231022369839273,0.9005859909176185,0.8560353815012236,0.4706381518933658,0.4537287997897249,0.42276989472465765,0.8909465742707662,0.8538067614266,0.7711302328312184,0.22179665608838048,0.20616783118835097,0.17899864770067422,0,benign
69.01299132803933,67.0,25.063185540585803,628.1632694418292,1.4505986171280456,5.037319747335793,324503220.0,6.4829120633111375,0.0,216.0,216.0,42.0,55.0,79.0,95.0,24.0,17.43920933571721,60194.0,982.4295449327724,0.8140937296100857,363.85685738438866,211.30386672243827,0.9904890410057263,0.7896366260002624,1.7219602415621618,276.8417980648666,60772.0,0.45235261318385966,0.6225711058102333,1.0330122320971602,0.23431228201152782,0.3050504309440382,0.4473198454331505,0.8961569566462054,0.8672415794862302,0.8136517540021145,0.369664076546269,0.3533337611230263,0.32662797378343555,0.9417262986942206,0.9195463428349123,0.8653241202912543,0.136976431120641,0.1250716867755947,0.10683816271643196,0,benign
64.51448007774539,59.0,28.40458315594877,806.8203442632085,1.604865501291957,3.836818318574619,102260754.0,6.59807516080152,6.0,215.0,209.0,37.0,47.0,74.0,101.0,27.0,20.319684938531854,20580.0,655.9310242291875,0.9351905913332952,273.4885228264155,96.85454536762737,0.9792073083694153,0.7356042463452122,2.8237035421347008,161.87424078787103,21017.0,0.9201345534608398,1.30563311689433,2.2818302812446265,0.340187198931006,0.451875309273982,0.6969618191002974,0.8661563849555545,0.8282944583699228,0.7544699410659447,0.3665723601945217,0.3499921294051552,0.3221008500626435,0.8905938002423991,0.8436042049778972,0.721636283345489,0.13469107778659128,0.12272734081087294,0.10395748467133176,0,benign
105.73754397447435,103.0,19.077051619048305,363.93389847583353,2.150326642023274,8.108540327128345,141106738.0,5.9307918446928864,53.0,234.0,181.0,89.0,95.0,112.0,122.0,17.0,12.47092595561595,12222.0,500.492424049175,0.924385410335839,205.9247312811191,78.55201602509915,0.9736318011630686,0.7643527204502815,2.6215079090436264,124.74587654809741,12553.0,1.2468912530361735,1.6411477120347355,2.5229694289563924,0.3526971252758608,0.45448074739485056,0.6638820761365759,0.874086141229209,0.8418111932326597,0.7820555444438283,0.41740402089259576,0.39885698387953494,0.3690105709496324,0.9086146013491743,0.8787252277117025,0.8092002109629167,0.1746970549456306,0.15941401589157073,0.13643365953188197,0,benign
94.41813804173354,90.0,26.182394408274558,685.5177769504468,1.0311998298519878,1.1254997626190129,23923954.0,6.522092748865615,41.0,183.0,142.0,66.0,76.0,107.0,125.0,31.0,20.157238959212012,2492.0,195.43860018001263,0.80021369851531,72.94260966549786,43.74477444829683,0.9787902592301649,0.775840597758406,1.6674588127482692,56.32861568936366,2546.0,1.7432445321726342,2.3584856219155967,3.7280503926371864,0.5185967119828422,0.6905632787266172,1.056728671495404,0.8150721120870109,0.7597508783320391,0.6519332985794425,0.31567701156634725,0.29235921662267955,0.2536995034478552,0.8585075721930873,0.8058562120574131,0.6783300947677446,0.10015478733633269,0.08579735155009872,0.06463371471272858,0,benign
64.41274122175382,58.0,31.75267439414645,1008.2323311806837,1.4769257938453253,2.976591233410481,196959907.0,6.786129044578743,0.0,233.0,233.0,32.0,43.0,77.0,106.0,34.0,23.40106705286253,33925.0,729.4701294725885,0.7783752842426627,263.5809976984595,165.47595656965765,0.9882027381299155,0.7707424572882589,1.5928658347867244,207.83323015134127,34330.0,0.4982848129721923,0.6999842311705391,1.177519489762316,0.19111260713240677,0.25379671108647417,0.3848112718440395,0.9227095285375981,0.9004774812409151,0.858759109698391,0.5543915877396172,0.5490317171009531,0.5388758797183352,0.9433336784659081,0.9203749574764386,0.8659709478079682,0.3073739973676536,0.3014559427024917,0.2904081669548017,0,benign
61.49141839378238,56.0,23.170505727809648,536.8723356824596,1.024727117715624,0.4154828793159102,26668381.0,6.2659037508817015,25.0,141.0,116.0,37.0,43.0,73.0,98.0,30.0,18.342482191216543,6176.0,334.06601717798213,0.8918124938732158,132.72686451029142,60.046325266146276,0.973364854215918,0.79301489470981,2.2104077796934223,88.67653256800452,6345.0,0.8890754499028143,1.1934936586099951,1.8539775507859708,0.29174903077783965,0.38285863372810525,0.5764577660935903,0.8934945218998855,0.8622829205373421,0.7984599559791511,0.3842992604806579,0.36895748269056017,0.34069639730744317,0.8557566345965597,0.805530390690618,0.6927045108977451,0.14798967065542798,0.13639239562664732,0.11633547078661162,0,benign
110.23462442766984,104.0,29.3321934246865,860.3775711032221,0.9976582112839901,0.6595925242296317,105150376.0,6.689105447458006,59.0,224.0,165.0,78.0,89.0,124.0,155.0,35.0,22.951966462693555,8081.0,402.6934341759516,0.9274996577130428,168.02782379789986,62.81283364531103,0.9777374470659407,0.7534731934731935,2.675055622338463,101.43494842018134,8265.0,1.8831876012706814,2.5655458027215197,4.138846096780329,0.4063504267582013,0.5435134421382177,0.8473621583440832,0.870502532358068,0.831068906237142,0.7507791081280765,0.3390349349862834,0.3216505748545178,0.289264008038148,0.8931558415830226,0.8531403709357777,0.7571010395592072,0.11534206102539163,0.1038723261164119,0.08413645738225077,0,benign
110.8862224126848,105.0,26.47663759938027,701.0123385689169,1.1833873845191274,1.7892421669765763,60655910.0,6.558576931682075,60.0,239.0,179.0,82.0,92.5,123.0,146.0,30.5,20.19418977802054,4667.0,287.9238815542512,0.9111962145633409,120.45451703193196,49.623965740745405,0.9777917452336057,0.8310185185185185,2.427345643055464,77.08572471786852,4773.0,2.1782389607671613,2.9868366220940263,4.761242903505748,0.5824145730258167,0.7706933008877449,1.1647555992158412,0.7942598832161659,0.738298731367658,0.6341683773960853,0.29852975380783714,0.27564713252107786,0.24071100182351074,0.840774342283161,0.7784624598987768,0.6301073443881963,0.0898075277517074,0.0763787877028428,0.05827214024021687,0,benign
36.95211544768777,27.0,31.047657528351845,963.957037997823,2.658345477891977,8.545008288011017,7102389.0,6.181307016508678,0.0,210.0,210.0,14.0,20.0,41.0,72.20000000000027,21.0,20.382459405526934,3048.0,223.08935777509512,0.7649339871334241,78.22041530630196,50.38244867525007,0.9756722151088348,0.8128,1.552533022173792,62.2963412437101,3124.0,1.0463210148924422,1.489548974470695,2.5742846270928466,0.39771924986210677,0.5158792934673556,0.7536367353217396,0.8498520890852773,0.8119417290920271,0.7433678983206036,0.4404916295733069,0.41881205796401233,0.38309840901338127,0.8285781751862367,0.748977717160551,0.5418320252150923,0.19446771636726698,0.1757308559655198,0.14697847591695154,0,benign
107.93097130892792,108.0,28.102340877209393,789.7415627788739,0.05072819037952542,-0.11462568177070231,760435808.0,6.840676376585384,24.0,212.0,188.0,71.0,89.0,126.0,144.0,37.0,22.386897252509787,61134.0,969.1513703397204,0.7717317323181814,350.6618784855267,223.00279601439817,0.991276430146582,0.7933710548172758,1.5724550756883167,278.99502921708023,61672.0,0.6966209057067418,0.9733950539721298,1.6535851118853424,0.30099698985824686,0.40315793355191754,0.6243338813050696,0.8714479129342768,0.8314207157494516,0.7523994327557428,0.3115417899927153,0.294870373963223,0.26799926146611175,0.9556839358921301,0.9379367652456152,0.8937078287382985,0.09733930567427929,0.08711815347997937,0.07193355934471357,0,benign
52.49690539345712,53.0,22.613151430019723,511.354617597003,0.4289795562568624,0.6705197916148538,22171760.0,6.4780888104940075,0.0,171.0,171.0,23.0,36.0,67.0,81.0,31.0,18.03479754828881,6786.0,315.4213562373095,0.7014028394909388,110.29105246775254,78.61161064100723,0.9821971341728181,0.7693877551020408,1.4029868052368835,92.95269523027729,6909.0,0.5857166992144399,0.7915445851813389,1.2570754098129955,0.2845827678847255,0.3761635215388539,0.5645385800616395,0.8816294898594802,0.8453590342376375,0.774534331159932,0.3654570591656101,0.3452502749398213,0.3087562406074287,0.8880315407866259,0.8480976315791945,0.7554887538518755,0.1338295579964775,0.11940372056649806,0.09546408915868515,0,benign
78.12082853855006,75.0,18.940086212846047,358.726865750041,0.9585940415498422,1.7720368615162547,16845367.0,6.13762967273521,36.0,179.0,143.0,57.0,66.0,89.0,101.0,23.0,14.577161691347937,2607.0,204.64570696119912,0.748190951363668,70.99053504530389,47.10104574442354,0.9760389367278173,0.7452830188679245,1.507196579679098,57.61367453239352,2671.0,1.5014065518419653,1.9367798726611443,2.7475486757739125,0.3844199221194867,0.501357557431671,0.7267248061317152,0.8783744254147314,0.8422909778996848,0.7739753621736513,0.39167807250612696,0.3719267450834375,0.33652960683082644,0.8159800364994901,0.7606038825601241,0.6494917272211531,0.15364941809196103,0.1385037610643997,0.11337692830070757,0,benign
124.57512837686984,115.0,40.198959501587986,1615.956345010311,1.1026080879949174,0.6731528013826611,76747302.0,7.040633572986602,56.0,255.0,199.0,84.0,94.0,144.0,185.0,50.0,31.457980411277536,4479.0,310.7523086789974,0.9466201115631916,133.30355835880948,42.970576111598014,0.9690610125486803,0.7540404040404041,3.102205518785913,75.51714984603692,4622.0,3.5934810457103996,4.911703351779687,8.178853677545536,0.6108470636272509,0.8173513991186635,1.292032348573046,0.8240911946076928,0.7747851315524539,0.6773079996711404,0.3051433573809131,0.28755363797219513,0.2545365749055434,0.8579072541537561,0.8039291430983412,0.6650824606610017,0.09357139568543717,0.08310164883099123,0.0653138614925115,0,benign
87.08535351987496,86.0,32.59162783388015,1062.2142048621517,0.43760615730028823,0.23255861332807726,282112716.0,7.007634747130094,13.0,222.0,209.0,44.0,65.0,107.0,131.0,42.0,25.679213802104123,32629.0,751.5290039756342,0.886140670035638,300.0388704584868,139.0429180316586,0.9871123884435032,0.7786421668058704,2.1578867496881156,203.82476077543578,33055.0,0.93128336528483,1.2988055670136411,2.1730938136672293,0.3300238129795716,0.4428480475582154,0.6788923857842244,0.8655245406534237,0.8238067322313473,0.7458991591358468,0.3051726535962047,0.28948322578570274,0.2647176201213089,0.9297987097218866,0.9018933466048011,0.834827421511174,0.09331131409209005,0.08391789773973803,0.07015173267049984,0,benign
25.528047785115383,21.0,21.694847443004043,470.666405575219,2.1953764701326555,7.372698602279305,60503516.0,6.010300244653068,0.0,196.0,196.0,6.0,10.0,34.0,49.0,24.0,15.38093533513485,53908.0,967.5290039756342,0.8965984734726888,394.9943029863183,174.92102168978022,0.9905188887255623,0.8608063872255489,2.258129407035106,261.9881626669097,54424.0,0.30103835316288363,0.40968816387222906,0.6632755235792062,0.17822706458740264,0.23219744879535292,0.34422938157550825,0.9200628616925788,0.8974572414444664,0.8531255679680535,0.5307754232200588,0.5158451443154319,0.48845753591651186,0.9015642930222969,0.8648021545618998,0.7763355008872607,0.2819570317155752,0.2663190883408065,0.23880457015532097,0,benign
65.35838210161064,64.0,37.11534329144578,1377.5487076418694,0.8211300181241402,1.1561802953947256,218163386.0,7.120347104805713,0.0,239.0,239.0,20.0,38.0,85.0,112.0,47.0,28.624226591639268,38618.0,835.144227664784,0.909473229343129,344.94958918108557,143.41709888501305,0.9896975909789851,0.837846047036362,2.4052194045401407,221.743015084089,39020.0,0.8227554664488003,1.0890436529580132,1.7377788430551528,0.3202531679635706,0.418976677832534,0.6238084339730323,0.8671587378754042,0.8289737461344431,0.7577892923629457,0.3101842636891009,0.2934476415927145,0.2655989732483143,0.9258677257608312,0.9012712405736344,0.8399812267437802,0.09644305891881766,0.08626786890796276,0.07064860927494518,0,benign
81.44035346097202,76.0,24.661590668991455,608.1940543248865,1.615903401825491,3.053962692631016,68830334.0,6.327886727958292,36.0,196.0,160.0,58.0,65.0,90.0,113.0,25.0,17.960788117077904,9506.0,407.90663761154804,0.8895075686527885,163.21140579129028,74.57462677915946,0.9871235721703011,0.7940193785499499,2.18856483552528,110.01552214234343,9630.0,0.9880996680848815,1.3452663881537192,2.1609125790465074,0.34495379300166645,0.4554284622020987,0.6849198461772988,0.8665168974485257,0.8279901593199116,0.7551279917113963,0.3675037104045477,0.3483330909428208,0.3167492037151486,0.8937035434205908,0.8540070971146925,0.7592772000193534,0.13546649910696607,0.12164735130589388,0.10055430409466365,0,benign
33.45934256055364,30.0,15.352346424707981,235.69454074424397,1.38431215967244,3.3982783695840784,15666368.0,5.767655637444311,1.0,137.0,136.0,18.0,22.0,41.0,54.0,19.0,11.756194100884807,11560.0,457.01933598375615,0.8725896907434949,175.7968045416283,85.86863823791408,0.9795780018642488,0.7215980024968789,2.0472760270700054,121.32043989838844,11801.0,0.2897660339036941,0.3881528488320645,0.5960493926198869,0.18817479864129072,0.24477016703408083,0.3552205642632593,0.9147955585603302,0.8901517255339392,0.84355875679041,0.4720211461867475,0.4539104503503634,0.4222177664278751,0.8665133326770538,0.8202958574547431,0.7200299936064791,0.22311480102683473,0.20631641324658645,0.1784888098669288,0,benign
113.58008166969147,104.0,47.446358409356556,2251.1569263091196,1.1648521824160172,0.6128214541148713,66788217.0,7.0210140694301,45.0,236.0,191.0,64.0,79.0,126.0,204.0,47.0,35.4342928712356,4408.0,269.33809511662423,0.872609317792626,107.61545285057811,52.561416325700584,0.9859091925743682,0.8231559290382819,2.0474230029063762,74.91621929323848,4471.0,4.090670437405732,5.501349516815155,8.050482843765723,0.769800420168067,1.0015827242024515,1.4340416856348484,0.7927760362359889,0.7418808266614778,0.6462543034317767,0.26194435945560224,0.24472088906216888,0.2150808333366389,0.8276340280242391,0.766391399332095,0.6465060632514295,0.06878712542169088,0.06000790670122917,0.04632977121973743,0,benign
18.615076717811874,10.0,24.132054462176164,582.3560525654365,2.71999941829103,13.18050286407792,23670576.0,5.0067758609739315,0.0,235.0,235.0,1.0,1.0,28.0,49.0,27.0,17.36247589826722,25483.0,614.1259377015544,0.655088648163664,208.54094187449508,157.56353100672465,0.9889781503473435,0.8551342281879195,1.3235355957184964,180.12763063585263,25767.0,0.30228171626315903,0.40357114005298045,0.6266096142664804,0.1461499446944501,0.18902674962871105,0.27293028156090793,0.9374935496705015,0.9204355021428551,0.8891346817258571,0.6395845881984461,0.6294724389135948,0.6113908752146605,0.9004380443896345,0.8652916920413481,0.7850029101843617,0.4091337198659513,0.39628296842032384,0.37383178811321127,0,benign
38.35338678113755,31.0,28.402752552410295,806.7163525534495,1.4012981877795498,1.9347391266709977,36081024.0,6.512432834208839,0.0,169.0,169.0,10.0,18.0,50.0,79.0,32.0,21.494311417202287,15841.0,475.50461735799473,0.34059643676909834,146.82913638093345,138.05016165859695,0.9887647462705199,0.8148662551440329,1.063592643549721,142.01896925463765,16021.0,0.47638364002636413,0.6486835258904884,1.0647767476238437,0.22703434193639416,0.299844365584224,0.45529611581956875,0.9035539061629154,0.8749941833073269,0.8188732129958194,0.43594060613074465,0.42076497533840446,0.39220487587700026,0.9155455872686656,0.8845712055436414,0.8078575294332698,0.19019202382791073,0.17713331613956954,0.15387770957356248,0,benign
68.56711295857703,64.0,27.512013259442732,756.9108735877527,1.648568983328311,4.4470697353122794,112928007.0,6.572252480467486,12.0,255.0,243.0,40.0,51.0,79.0,101.0,28.0,19.797014298753584,20689.0,656.0315292925759,0.934853433012768,275.4157689215981,97.78193015357523,0.9701303573103254,0.7357658522707067,2.8166325668662204,162.3023503866342,21326.0,0.9250622466510654,1.2614158641731172,2.085083094478777,0.3256324517242647,0.4294771834943677,0.6530218938673946,0.871968595865848,0.8354367712535306,0.7643824105895368,0.3625272339668937,0.34602934433221344,0.3177527280233442,0.8955106356204717,0.8570714891082277,0.7616851298847549,0.13173008246467718,0.11999032553051636,0.10121597949414987,0,benign
91.1256067961165,79.0,36.74199932223212,1349.9745141949054,1.1971140103992932,0.6941834223289591,31819092.0,6.817579118789533,39.0,211.0,172.0,56.0,64.0,106.0,151.0,42.0,28.8982261523235,3296.0,237.7817459305202,0.8666893113598595,93.00065587817542,46.39322012415314,0.9812444179815422,0.7791962174940898,2.004617390844953,64.78115111239609,3359.0,2.2185291772195024,3.069374268866628,4.985538065912239,0.5099070628642967,0.6804002907490067,1.0461091101773423,0.834339928029181,0.7878895719802212,0.6983889504517884,0.3190516838581481,0.30109738212704235,0.26969792552310357,0.8543623112213731,0.7967305262272972,0.6608734459929215,0.1021008959751185,0.0908749706921942,0.07290503214733557,0,benign
130.11233851338702,120.0,37.62175042467167,1415.396105016283,1.1384406716756068,0.9430374152110441,97978598.0,6.989130641219031,72.0,255.0,183.0,92.0,103.0,150.0,185.0,47.0,29.504565351508667,5341.0,327.58073580374355,0.9355557774086117,139.25389518063926,49.18154776264608,0.9787428990287704,0.7956204379562044,2.8314256365555885,82.46437053922442,5457.0,2.86548814325,3.8564629843779756,6.14393812658879,0.5782655899951222,0.7655316371190505,1.179250738466787,0.8172633708572371,0.765781832960254,0.6647517908572574,0.2879095616437355,0.2691877173053985,0.23586974025651905,0.8788706419024439,0.8347326249902081,0.726538655906566,0.08342143778417237,0.07289549444438502,0.05609633750407013,0,benign
121.03508903187192,118.0,29.62798992784948,877.8177871647503,1.0248093932236795,1.6588579756392,207538033.0,6.772638818377943,47.0,255.0,208.0,89.0,102.0,133.0,159.0,31.0,21.754615870154478,13366.0,479.7766952966369,0.8754813474104508,188.61867593798087,91.15033576344122,0.9864934681526312,0.7904198698994678,2.069314110125664,130.45351568635544,13549.0,1.5162805667130033,2.0060641072934913,3.1681950666393943,0.4100074891433555,0.53557695272505,0.8020295291980029,0.8514960916329312,0.8107964632385627,0.7330684009359529,0.31952284830752437,0.30198356955661354,0.2727957315318465,0.9207911470492168,0.8944288436635175,0.8294355828038251,0.10248295960524378,0.09144139317764269,0.07461038996572715,0,benign
74.9096232179226,70.0,23.867996174917927,569.6812414058968,1.9191162782190858,4.664245274291902,48558980.0,6.197645756837865,37.0,205.0,168.0,52.0,59.0,81.0,104.0,22.0,16.379301653282507,7856.0,354.1076477383248,0.8412212381874524,136.12942085196295,73.60396162029933,0.9858200527042289,0.814262023217247,1.8494849713961543,100.0128484917785,7969.0,0.9039438801790405,1.240139895943566,1.9711374261800323,0.30730828191633863,0.40884178736395116,0.6160692797969511,0.8823036429941927,0.8463651430278333,0.7775000836965897,0.39215923045189427,0.3718136289436238,0.33791162182262,0.8839679510636803,0.8394327703619996,0.7378257941224098,0.15410478748566886,0.1385136131385522,0.114354027692853,0,benign
101.84833686038309,92.0,42.493747151060205,1805.718546938237,1.3158808856304596,1.6391999067134178,224443147.0,7.135260461944544,27.0,255.0,228.0,59.0,72.0,120.0,157.0,48.0,31.992365153382604,18429.0,559.2031021678297,0.8633867495140745,217.35471518377057,109.66473154809097,0.9841396988144825,0.7500610500610501,1.9819928623857945,153.181368220565,18726.0,2.469834055337688,3.3410719219219143,4.811582683250304,0.49206137429821684,0.6437765763788913,0.914242020339465,0.8478255586257394,0.8075054298143243,0.7354366285756719,0.3146780756567222,0.30127322540535406,0.27827263589898743,0.8816964515178408,0.839679382511087,0.7672338605339831,0.09916174362834193,0.0908695807261613,0.07752616633606635,0,benign
79.43684257844107,71.0,32.497845416555435,1056.1099567183333,1.028682571406482,0.7421347767836028,245806796.0,6.8467690134593635,18.0,225.0,207.0,45.0,55.0,98.0,126.0,43.0,25.688651089930918,33369.0,879.9310242291876,0.9574153439641067,387.2023886652972,111.79080767110831,0.9812680115273775,0.8142553866425905,3.4636335198906285,206.12309518408568,34006.0,0.8519594462477698,1.177107001745704,2.0132652052666926,0.351983586862437,0.4634778764381079,0.7021710476307349,0.8547817687377581,0.8142338374235749,0.7378627554603593,0.30660288508675654,0.28958691964440825,0.26185691511347975,0.9246073262632982,0.8951724111636985,0.8180848948903651,0.0944267948108792,0.08417697487242354,0.06885271956654476,0,benign
42.96790823559737,35.0,25.110271070931507,630.5257132556596,2.5073504978817973,7.3902613584592505,19217234.0,5.943913645353724,8.0,207.0,199.0,24.0,29.0,48.0,71.0,19.0,16.62875534153047,7759.0,348.35028842544403,0.7773220648834024,125.83426795751176,79.16269775658836,0.9826494427558258,0.7821572580645161,1.5895651806161335,99.39348885918095,7896.0,0.5623396558077461,0.7770457497982575,1.2515838760077314,0.2379933156722339,0.3159010585976683,0.47548792324088573,0.9042484084097873,0.8759640720162751,0.8217568079587193,0.4405473162882788,0.424664684701535,0.3968539905262818,0.8852992108747102,0.8401032548664049,0.7369522285190545,0.19427354772064526,0.18052916823642945,0.1576249117686731,0,benign
68.97941616766467,63.0,32.427411266635936,1051.5370014555472,1.0414885568679426,0.824244348029175,31047020.0,6.77410614696866,14.0,210.0,196.0,36.0,43.0,86.0,114.0,43.0,25.803472303148194,5344.0,285.86500705120545,0.7281389375465682,100.02561485849628,68.56051361217918,0.9809104258443465,0.7558698727015559,1.4589391121586872,82.48752709994832,5448.0,1.2411855820675235,1.682806646850289,2.5419057136006145,0.3357120257056762,0.4464124705309404,0.6695931445198775,0.8856047527380517,0.8513383756999134,0.783120111417243,0.34778157833419754,0.33273450416612615,0.3043301457437786,0.8775382918641091,0.8329276509875395,0.7422489268993491,0.1210837247480502,0.11080728676995463,0.09268214492243107,0,benign
11.845042240995998,1.0,16.13560390267837,260.35771330412945,1.3585524853031947,0.878668939735852,1802181.0,3.902501116167982,0.0,79.0,79.0,1.0,1.0,22.0,38.0,21.0,13.452276600973388,4498.0,263.33809511662423,0.2651199351136636,79.015793759606,76.18824856283969,0.9725405405405405,0.7688888888888888,1.0371126157918458,75.67715290772217,4625.0,0.22212514962514968,0.2998135293196577,0.4688127109792394,0.14619009369009373,0.19161121606687576,0.28445641030776214,0.9342521486197957,0.9147296674596603,0.8759104965150795,0.7432234598631655,0.7309681110269807,0.7057442833886705,0.796925762478451,0.725245536984625,0.565109212350764,0.5524513837433607,0.5343625524221484,0.4981225246289104,0,benign
55.35060804966163,49.0,40.252321784065806,1620.2494090079788,1.284059586762595,2.3517765480067574,184106915.0,7.105649872524451,0.0,255.0,255.0,11.0,26.0,75.0,104.0,49.0,30.50426494214902,39306.0,793.8254685319158,0.8222632995861412,298.3381371568766,169.78639789553327,0.9903998790535944,0.752008877324558,1.7571380325792592,223.70952940221457,39687.0,0.5659575577256771,0.7914608347461647,1.3370357218356386,0.26763512304095577,0.3542149415336697,0.534561293524189,0.8840188694106988,0.850365526874864,0.786744311301181,0.392837954258152,0.37923812179102157,0.354996140756472,0.9494974523284077,0.9290299371144622,0.8786750043317754,0.15446130850424888,0.14392993121793546,0.1260987632020285,0,benign
48.823065668718186,40.0,39.36326946914918,1549.4669833008518,0.9090503229236699,0.4204124503596298,325284026.0,6.968070797056882,0.0,223.0,223.0,4.0,17.0,74.0,104.0,57.0,32.20895323308782,82703.0,1148.0630585851518,0.7723655533488455,410.9924843453311,261.05350079290787,0.9900282512928558,0.7772253965867228,1.5743611294122,324.50073970367487,83536.0,0.44038872768236026,0.6300610918448348,1.1166491694046798,0.21562311491003977,0.29085855068617233,0.4600485829777778,0.9055642870047946,0.8756462955205939,0.8139275809978038,0.4366014235521924,0.42507363037003804,0.4028893584123684,0.9569602561641649,0.9384202571609664,0.8908415934060009,0.1907221248635405,0.18076786567526565,0.16237847107971506,0,benign
91.68768675940237,88.0,38.52314903667642,1484.0330117019835,0.9454305919106031,1.1705832599659622,191977806.0,7.139523831554401,19.0,255.0,236.0,46.0,63.0,111.0,140.0,48.0,29.995373991268966,19410.0,579.0020920410531,0.8290115502195325,213.96951641927745,119.65848960596689,0.9547936445471986,0.7119278169014085,1.7881682872972486,157.20553286481206,20329.0,1.257600299209351,1.7525104089770263,2.9264962591753148,0.3484438190688508,0.46449223257624317,0.7082138442241788,0.8705898551318692,0.833243797138691,0.7643044272568307,0.33856449014717277,0.32630470147929624,0.3047394996264623,0.9271168214219816,0.898210856288142,0.8288338024138119,0.11474396991813379,0.10654972834749134,0.09292765554720969,0,benign
79.60377174125465,70.0,39.17020916148426,1534.3052857544253,1.770655311130509,4.0189238123718205,80552487.0,6.880883083216026,21.0,240.0,219.0,42.0,53.0,97.0,123.0,44.0,28.456375073810268,10234.0,397.60512242138304,0.7675050231163846,143.29585365544744,91.85879403928773,0.9836601307189542,0.7589173155357805,1.5599579240519992,114.1504862049201,10404.0,3.1461126151753875,4.150197688289759,5.761997350400061,0.5495413807433202,0.7117765872952793,0.9971010748253128,0.8492427102286257,0.8106089856548001,0.7399604281999621,0.3216475563706659,0.3069494881593896,0.2802593189077758,0.7847549445237876,0.7149974094719039,0.5996605282115466,0.10361459205002496,0.09433510246096731,0.0786288511986695,0,benign
124.80918727915194,116.0,34.167044239447065,1167.3869120603329,1.9349102969855267,3.1651999785162275,23693779.0,6.271294503425757,80.0,235.0,155.0,97.0,104.0,129.0,166.60000000000014,25.0,23.056849255203588,1415.0,159.74011537017762,0.9061021585587383,65.55220665010906,27.732447954205494,0.9751895244658856,0.7940516273849607,2.3637367591333884,42.445658856946196,1451.0,5.4763306138306165,7.334486005892258,10.043454418523865,1.00395647799494,1.3054598530920656,1.7670530703864036,0.7526243657383359,0.6935903526930345,0.599220042104377,0.31332818975819876,0.29248441005497916,0.26179518187254025,0.7402018452756853,0.6479367384525447,0.49616981168636404,0.09846341132264586,0.08572633364883381,0.068652774560549,0,benign
92.3656220322887,93.0,26.069938482525327,679.6416924826549,0.10226201839932787,0.5983431822051579,290977064.0,6.680434485614882,23.0,212.0,189.0,56.0,77.0,109.0,122.0,32.0,20.436296963679045,31590.0,746.0975464705581,0.8779335406444174,290.748934481613,139.20550655282884,0.9822150363783346,0.7119675456389453,2.088630986528346,200.55332761683061,32162.0,0.6573893405571525,0.9078893010514448,1.497188415165776,0.23916360287063065,0.32000823577785786,0.49593160330392594,0.9042024632335278,0.8739706140142122,0.8118237849031573,0.37014705928721975,0.3567160314853112,0.3322992963943877,0.9512882908085161,0.9325758455523391,0.8880429965484135,0.13719297538427458,0.12740770859574127,0.11056927899347552,0,benign
73.76608793150312,70.0,38.04802785471188,1447.6524236329312,0.7953522031308188,1.3402584380510705,405519285.0,7.189831341348841,0.0,255.0,255.0,30.0,48.0,96.0,120.0,48.0,29.356425326976293,58864.0,936.5239533417509,0.7435870983634081,335.2348094525938,224.15109654278666,0.9908429841098841,0.8182374200722825,1.4955751482955746,273.76627360084115,59408.0,0.7472959848346417,1.0356608412950767,1.7335628019043965,0.3021755164473193,0.39848759875221795,0.5960899336132388,0.8717665875610534,0.8350787607312147,0.7678261343391135,0.31071405413840586,0.29586945033936707,0.27176918338893236,0.9410776507321716,0.9181103760981595,0.861908878651016,0.0967444854955961,0.08766791208491062,0.07394034277539499,0,benign
102.75631673538429,102.0,34.8223942993273,1212.5991447378224,1.3084518272608812,3.7888541519031698,111346238.0,6.852311919989351,24.0,247.0,223.0,63.0,84.0,116.0,132.0,32.0,23.74335960716322,9459.0,397.22034611053283,0.8483364156866937,151.62334265282075,80.27812761433029,0.9808170883450851,0.7396199859254047,1.8887254493682881,109.74321324642314,9644.0,1.3007818708988796,1.834553607783424,3.0666054967416594,0.37043816164292376,0.5004260003390837,0.7825943129030477,0.8639461500557332,0.8227725573494437,0.740850762633375,0.3417866925423937,0.32547580315104013,0.2973790199521179,0.9273028305103066,0.8965043833719277,0.8225098442381583,0.1171127141548977,0.10615767326207312,0.08863421572958158,0,benign
66.82210311383359,60.0,28.607453978674798,818.3864231419965,1.5222318585467929,2.7472484773078625,41402132.0,6.572715913426172,7.0,207.0,200.0,39.0,48.0,77.0,106.0,29.0,20.861215731583734,7836.0,371.4568901432422,0.8809916304049416,145.58504795940016,68.88092302290923,0.9818318506452826,0.7621826670557339,2.113575741587838,99.88545976539696,7981.0,1.1430021338774714,1.6201360310776394,2.7471766860687787,0.4372249294042495,0.5801144036890675,0.878723598444905,0.8261462039925582,0.7787742602864405,0.6911661495089959,0.33774850417642144,0.3184522434629668,0.2866053569731833,0.8678437766342485,0.8112081863662974,0.673422583241398,0.11452672927320513,0.10168968704915322,0.08236884260155028,0,benign
107.33310879083866,100.0,29.549071038123603,873.1475992160752,1.2324231319484522,1.3952809761610308,220778590.0,6.660849654635978,44.0,221.0,177.0,78.0,88.0,118.0,153.0,30.0,22.17565269621348,17814.0,669.1614716074872,0.960934593988339,290.20984991125175,80.3229913481728,0.9648486161512214,0.7177276390008058,3.6130358822580564,150.60374912302876,18463.0,1.5531771435566641,2.0570703146192395,3.2534671668888944,0.36574111668157355,0.4816975504978505,0.7443994238537395,0.8755495574123826,0.8392216719382256,0.7636104193821173,0.36658272373420214,0.35145617703108817,0.3239672045434285,0.9138403148595373,0.8851738475656479,0.8153263308978548,0.13473432441766814,0.12381260278687779,0.10525917790890653,0,benign
13.569407456724367,1.0,26.213602808824266,687.1529722187994,2.875423877862008,8.845136400155319,5234661.0,3.9884653078257584,0.0,185.0,185.0,1.0,1.0,14.0,44.0,13.0,16.896027888248426,6008.0,295.03657992645924,0.6817069355787142,102.42407446323708,74.93604941307692,0.9858877584509353,0.8118918918918919,1.366819778537235,87.46212428685264,6094.0,0.708747358815852,0.9605829779111336,1.4608344161013527,0.22741124686330166,0.2977364012693023,0.42433992547856125,0.9197585682573244,0.8993942754709312,0.867105331354699,0.7941251924038989,0.7849937103735333,0.7686032737747235,0.783741221890434,0.7014369768294599,0.5225185237949521,0.6306654659781229,0.6162589642657212,0.5907850419504472,0,benign
105.62979714912281,100.0,26.44945911260195,699.5738873492023,1.8922069625794378,5.341810609487057,86510335.0,6.4214454514502375,65.0,251.0,186.0,79.0,89.0,115.0,136.0,26.0,18.750726823698155,7296.0,352.4274528917194,0.8521248523543092,133.58282578217512,69.90904210522108,0.9814366424535916,0.7190302552478565,1.9108089849252654,96.38234132032562,7434.0,1.628057192919478,2.246180881135186,3.6093796450735,0.37942314899321367,0.5117808612874757,0.7984326473188458,0.8747226320158066,0.8360609276057138,0.7581322842621392,0.37699791330321963,0.35900884275805195,0.3264130212584317,0.9019642468491756,0.8636082980308561,0.7754901026481986,0.14242195126798812,0.12912398689040197,0.10674364445805258,0,benign
110.12778443869502,108.0,24.602958393573033,605.3055617158858,0.755782650846394,1.3284033345997424,403573472.0,6.586080471578145,39.0,235.0,196.0,80.0,93.0,123.0,141.0,30.0,18.990716556948986,31694.0,708.5584412271572,0.8004205478136176,260.59227023335177,156.20913334124867,0.9879059908983231,0.8135427896709276,1.6682268485804321,200.88318528646505,32082.0,0.9038739659371771,1.2675436514977148,2.138072607227081,0.31090978102128547,0.41855882800341054,0.658061667100845,0.8757381773997844,0.83691505715871,0.7572846113427751,0.33204533816069975,0.3127416735659989,0.27976841909816696,0.9366629486332044,0.9107344513752598,0.8467900438114808,0.11063613983028794,0.09809166926279746,0.07846979301418773,0,benign
32.210942340148264,28.0,28.44406025082555,809.0645635525941,1.587259864633285,3.4509764550419293,86437938.0,6.271329141202637,0.0,181.0,181.0,1.0,11.0,43.0,65.0,32.0,20.66145020215695,46809.0,978.6417023478423,0.9407364550968057,421.79676889495687,143.04752342681957,0.9801905559627264,0.7848065186774864,2.948647825495142,244.12920728480694,47755.0,0.39727039756916277,0.5536771313577163,0.9587806444513978,0.20211164960416972,0.2623268919723455,0.393037327814335,0.9132410340468391,0.8903966059998909,0.8455442618509529,0.4997652296329227,0.4879771340361901,0.4656103261348818,0.9192819515162128,0.8873300758023144,0.8042847227878762,0.249959174469434,0.23831209410479332,0.21700364485953955,0,benign
33.40436616224262,28.0,21.250606734114303,451.5882865679842,1.4285436414473045,2.676856074456876,25273402.0,6.178813331053912,0.0,160.0,160.0,12.0,19.0,43.0,62.0,24.0,16.152225456138392,16124.0,503.44574285494906,0.7924812549747378,184.20240343995314,112.3443588364831,0.9855143328647393,0.7554347826086957,1.6396230780760361,143.28194031108652,16361.0,0.3772222094583499,0.5149315125809458,0.820785412724554,0.2295853098041143,0.30072199409070544,0.4412391776139526,0.8967846943044828,0.8665922650727869,0.8100230841778631,0.4566462825225297,0.43686503075382455,0.40255158080149667,0.8870066645731158,0.8455227789070051,0.7526275027535443,0.20892908223106832,0.1912113275014834,0.16234129356273683,0,benign
51.93902637842773,46.0,31.06444544945958,964.99977108245,0.8730355848266783,0.3347799475615769,112330188.0,6.829845947891351,0.0,169.0,169.0,18.0,28.0,70.0,98.0,42.0,24.674636808215247,30669.0,882.842712474619,0.9626578982400769,382.2413737153883,103.48070418351098,0.9711526282457251,0.6933667932718394,3.6938420233160354,197.60815670787153,31580.0,0.47602269450980417,0.6658087196746971,1.168357761232952,0.2762707894383435,0.35950497402034465,0.5436969524239853,0.8767314332526148,0.8438865723221294,0.7781719579872783,0.4014398798390057,0.3879208286420746,0.36254938967431816,0.9370900978756669,0.9118313531300184,0.8446720454334191,0.16147969534431666,0.15078841182790106,0.13180301193073043,0,benign
27.161436361765613,18.0,30.06063718980116,903.6419082568566,1.645551577687429,2.919353950621611,15952626.0,6.005695916884221,0.0,195.0,195.0,1.0,3.0,39.0,69.0,36.0,22.73860213220004,9719.0,425.8061325481597,0.9024777972295878,169.9029415219804,73.18337728280444,0.9810235187241344,0.7490558766859345,2.321605640928814,111.2412474547146,9907.0,0.49919862024950057,0.720517638547584,1.273379266846773,0.23417358176835246,0.313243674429284,0.48292591020693937,0.9039513926310799,0.8758357693124774,0.8212230288394503,0.5944361823660438,0.5808790636411327,0.5535164651662896,0.8980755555363379,0.8526121103545649,0.7380634574834695,0.35347131269466026,0.3375503740877641,0.30652038688141675,0,benign
62.7789979677974,60.0,35.5396235799512,1263.0648442046231,0.8043822250593646,0.809943868814639,133166795.0,7.068304506732957,0.0,214.0,214.0,21.0,37.0,81.0,112.0,44.0,27.604090301654562,25588.0,627.4284989122459,0.705211724445216,216.0952528801215,153.21083688870925,0.9882207546441123,0.7497655883731833,1.4104436557388615,180.4983475566559,25893.0,0.7156313895918458,1.0293150164512046,1.8363836142033056,0.3230703458666989,0.4358956206105722,0.6865374404808764,0.8635950985426566,0.8218728911759787,0.738956842018624,0.34934819229153014,0.3333549319477382,0.304653188236603,0.9315041633901195,0.9011720015201747,0.8219641285722793,0.12221603546054656,0.11124873449781413,0.09289681697663359,0,benign
36.177535101404054,30.0,23.53151469489101,553.7321838358714,2.4244471505137555,9.200942539898488,35816764.0,6.118740038849326,0.0,215.0,215.0,16.0,21.0,45.0,63.0,24.0,16.47164841726274,19230.0,562.4163056034262,0.8464597904539986,214.79288455188927,114.36704030901507,0.9847902903671839,0.7609211775878443,1.8781012778815267,156.4749067590621,19527.0,0.5767102977345056,0.7716493959932961,1.2037803594328527,0.23796762157954005,0.31102198195811037,0.4524611715854855,0.901623595906122,0.8732179796004377,0.8224328865913861,0.44512157422512755,0.42579347457428085,0.3939218351828505,0.8557030157450347,0.8064911960069979,0.6964636009197818,0.19838108539731453,0.18154103437279503,0.15531554760069038,0,benign
119.43282281160504,118.0,22.052900220985677,486.3304081567502,0.5520284098593592,0.44693353537429514,118461503.0,6.434566270078438,66.0,203.0,137.0,93.0,103.0,133.0,148.0,30.0,17.324673948591162,8031.0,396.49242404917504,0.9197350525339077,161.84697138959825,63.53136511306119,0.9825055052605823,0.7587868480725624,2.5475128875567745,101.12065458534222,8174.0,1.340308438422694,1.8452607019567047,2.960484621760051,0.339166425214088,0.4580957874623243,0.7120671654754709,0.883771562922547,0.8460686345435225,0.7697965835219289,0.3516347266488431,0.3326037421830478,0.29894628123773226,0.9259461415485319,0.8974017806884076,0.8320809300234574,0.12402039885664669,0.11096882459793632,0.08965513470951152,0,benign
131.5078032052628,129.0,28.646597917630018,820.6275722543645,0.6516489343910608,0.8085268949364322,258844233.0,6.779766507615692,48.0,244.0,196.0,97.0,113.0,145.0,170.0,32.0,21.728615282926107,14289.0,509.6700935788387,0.895555145060573,202.60258155815765,90.14812786689917,0.9848369977255497,0.8108614232209738,2.2474408104990697,134.8826150944618,14509.0,1.8021360199580618,2.4706113219239696,4.0243623000644995,0.40343584257512144,0.5400614100035656,0.8489563680602915,0.8609941054357249,0.8185045535962767,0.7290891480056849,0.3134545171902516,0.29471460922311143,0.26161851710671047,0.9116688342317472,0.8777313834504985,0.7952615694360902,0.09874767949923241,0.0872739754075036,0.06883317680188537,0,benign
59.5593849416755,53.0,17.30476892905993,299.4550276881579,2.011353589645549,5.142635421432988,21765055.0,5.613397940567511,34.0,158.0,124.0,45.0,49.0,65.0,83.0,16.0,12.578996434069648,5658.0,304.9360748630709,0.8424765063558503,116.13117272805934,62.56370487999487,0.9800796812749004,0.6998144712430426,1.856206772773666,84.87631792267824,5773.0,0.8082021596824229,1.0803688108930187,1.6102679733662033,0.2806539403578877,0.3680818176529086,0.5300631670334697,0.8957908681219942,0.8656294724240803,0.8132981656961903,0.4326189530073544,0.4162426221387533,0.38984159662011464,0.850378529965822,0.7990231069874559,0.6955159492119226,0.1873873252158361,0.17340642272436899,0.15207762430678007,0,benign
101.38471673254281,99.0,21.572049289735045,465.3533105587582,1.2203663345589353,3.3839560140747933,97858302.0,6.315189882139007,52.0,233.0,181.0,77.0,88.0,112.0,126.0,24.0,15.876857305367357,9108.0,404.0071426749364,0.8917763998628484,160.89955837750608,72.80324584041567,0.979249543059886,0.7740948495665477,2.210060231795119,107.68781627207352,9301.0,1.54648347902296,2.059444995755018,3.090697583264593,0.38264468947257463,0.5044881596769366,0.7524573351005097,0.8689586144400285,0.8310634331528152,0.757471470381578,0.37053565560454704,0.35127760185454454,0.3183222573946336,0.8796729682782489,0.8386812576693896,0.7527474105256187,0.1377383214447147,0.12373679239016568,0.10160777525291521,0,benign
124.60625092633764,119.0,31.683620927731983,1003.851835092216,0.8501558278543355,0.9799137429131792,892254025.0,6.916795190052097,46.0,255.0,209.0,89.0,103.0,141.0,167.0,38.0,24.538271540393787,53976.0,1181.6000717874997,0.9670824328301045,536.0416159168791,136.4029154316588,0.9246582382567582,0.741785198928056,3.929839873440601,262.1533476166672,58374.0,0.9481033180435797,1.297237761752395,2.199915573339902,0.29796907667697653,0.39532154142419973,0.6146818003553977,0.8840150699594931,0.8497504782944356,0.7806609359606593,0.3393414731759265,0.32616753425043393,0.30278335461751144,0.9591073359741793,0.9438799890896277,0.9041218205147707,0.11542130715299133,0.10663400287590127,0.09194556119431832,0,benign
27.143840268030967,19.0,27.554569325888664,759.2542907352046,1.5653084726207318,2.560084137559567,132172350.0,6.094404998062323,0.0,183.0,183.0,1.0,6.0,39.0,65.0,33.0,20.859745112189636,88348.0,1173.7199128346442,0.8018671707651314,435.16703882686824,260.0133218573043,0.991504404915549,0.8113881618221059,1.6736336266096727,335.39255701082897,89105.0,0.2599808431188009,0.367688295311694,0.6450674016113465,0.1786101459396432,0.23438360119348994,0.356066828942269,0.916960401528799,0.8933947765414745,0.8456970824108596,0.5572420668315896,0.5452752475411811,0.5217881057741561,0.9418190485556145,0.9176704948570904,0.8554701232708054,0.31070707832432953,0.2975147486338603,0.2724846685270614,0,benign
65.52292624153444,57.0,46.93023268795173,2202.446740145293,0.8799326317969581,0.24617967796982843,668518019.0,7.338119792675401,0.0,244.0,244.0,13.0,29.0,90.0,137.0,61.0,37.10336687451466,102917.0,1271.0407640085655,0.7658170489928853,453.78361401496886,291.8094147573577,0.9790150585504599,0.7147510243766928,1.5550684490159246,361.99170463632,105123.0,0.5704371053884025,0.7957598152571785,1.3258295619422604,0.23188593558310494,0.30795952324583703,0.4686127128075578,0.9009748824687174,0.8713741695672133,0.8135730666046982,0.40459200961487024,0.39434403431838055,0.3755663615380331,0.9634228490449902,0.9489797270653184,0.9150460073907264,0.1637915510516184,0.1555884177090341,0.14111795478788428,0,benign
127.53156112080468,126.0,25.770412061858288,664.114137837971,0.5279448219433479,0.2926771535201298,164933530.0,6.655608194485463,72.0,231.0,159.0,95.0,110.0,142.0,163.0,32.0,20.178566201570234,9743.0,455.5634918610404,0.933986120212744,188.463231848853,67.3396631752479,0.9605639357192152,0.6946880570409982,2.7986957903009917,111.37851177114322,10143.0,1.8032691316467402,2.460996524754991,4.032878680313733,0.3753388363350412,0.4992467818223841,0.7773710380133583,0.8832380192412399,0.8492994821988145,0.7803976368067854,0.3684779451259493,0.3533745888563571,0.32386003229649096,0.9247931212514624,0.8968309581166329,0.8283980378368225,0.13605328303317268,0.1251439975143006,0.10522990087365346,0,benign
96.97820494497641,91.0,33.34682224008182,1112.0105535116156,0.38926867196406545,-0.38270483695789226,441515575.0,7.009548352390535,12.0,212.0,200.0,58.0,72.0,122.0,142.0,50.0,27.7828765871586,41982.0,821.4467888754755,0.7419275347401846,286.87033769771807,192.34084601026584,0.9819202432464039,0.7753767730496454,1.491468627950232,231.1993567618033,42755.0,0.8494969900652309,1.1807575144542408,1.9763311051983816,0.30727335260345273,0.4120230252842849,0.6373314648595847,0.8756376932825447,0.8368127109820085,0.7609518309026991,0.30824120715593983,0.2934747855551505,0.269184736201228,0.945570661216443,0.9241663984451906,0.8720014686375027,0.09519931864936318,0.08624245314191824,0.0725333086304615,0,benign
36.429875821767716,34.0,16.319659215254397,266.33127690203776,1.0390211570549495,1.426890847977905,4362913.0,5.900711475906868,4.0,104.0,100.0,19.0,25.0,43.0,58.0,18.0,12.255680808639172,2738.0,329.60407640085657,0.9870987578206016,155.20359751289723,24.85005037860378,0.9218855218855219,0.7555187637969095,6.245604944387943,59.043457499412035,2970.0,0.6026259917778419,0.7672566145671472,1.0933403968045785,0.30857785855968267,0.3911674181566611,0.5559989261063476,0.8716107647562625,0.8380477777862751,0.7715193803416147,0.4254812244957026,0.40377742814049067,0.36524072481570835,0.7580293749670239,0.6869361871107453,0.5333735055203427,0.18173092527973986,0.1638161260869639,0.13433909642226596,0,benign
103.7604626982064,101.0,26.129055076746237,682.7275192036383,0.958487058463796,1.585050938453584,352353228.0,6.628855034667579,41.0,230.0,189.0,74.0,85.0,118.0,134.0,33.0,19.880253545935517,30776.0,692.7422074112308,0.8026760923020323,256.9585215661285,153.25396804356552,0.9905374959768265,0.7651533986375615,1.6766842963118769,197.95257065461251,31070.0,0.764434392868075,1.0667852170378385,1.7668415324540594,0.29620155913837337,0.3900360299326901,0.584012271201462,0.8778122109420256,0.8433844294164713,0.778589578435642,0.34430443458479854,0.32873752381431676,0.3038510323349079,0.9490599776882773,0.9287160779853525,0.8808535645820132,0.11878258037866649,0.10818933520198087,0.09239239445148223,0,benign
87.97728269450049,82.0,33.03664697762268,1091.420043524066,0.8111769173481066,0.6104260842612548,503435229.0,6.981488142422199,0.0,246.0,246.0,52.0,65.0,105.0,136.0,40.0,25.859814628860015,57005.0,1036.5828278447966,0.915681167849623,430.963117022026,173.20642982608948,0.9634756447959977,0.7676820728291317,2.4881473364166733,269.4086491700442,59166.0,0.7427788429982125,1.0607048628292945,1.9117330646277577,0.3313815181705984,0.44176767930783556,0.6848979527836175,0.8588202899396424,0.8177782874301945,0.7391270888919892,0.3162857883040807,0.30153477280437296,0.27740488371398475,0.9460431847550212,0.9228158400190187,0.86019924754793,0.10026400424440761,0.09107048143486174,0.07708208888329163,0,benign
76.48646705924635,71.0,28.86375717048787,833.1164779968898,0.9406192787071536,0.6377964438415074,241741504.0,6.725219217031313,14.0,191.0,177.0,44.0,57.0,89.0,121.0,32.0,22.207707857464076,36171.0,760.683332908185,0.8271110396926499,287.058470606758,161.33792564844592,0.9886028205969171,0.7711709022684633,1.7792373953800311,214.6027669267467,36588.0,0.689022325464555,0.9468325539707667,1.5527285890924412,0.26646390157144073,0.35147407779866585,0.531840797937505,0.8912955104659553,0.8595012871019893,0.7969305146755099,0.3441975011742616,0.3293087124642585,0.3036883554423429,0.9326492439557198,0.907149239884807,0.8462714949135273,0.11869413864219582,0.10859825953477305,0.0923403374200409,0,benign
97.4148773006135,98.0,32.14259056702148,1033.146128359178,0.6358087894895113,0.8963257021557993,27443474.0,6.897689900220806,30.0,238.0,208.0,57.0,74.0,116.0,134.0,42.0,25.219096973916972,1984.0,174.29646455628165,0.7517382316666964,62.252985855600706,41.053455034218025,0.9668615984405458,0.7560975609756098,1.5163884697088925,50.26039451451374,2052.0,0.9335424582847621,1.2800859440831336,1.9699498091504304,0.21738379560093857,0.2894459079035546,0.4326322228415825,0.9314817972812603,0.9124497589310576,0.8778403565675714,0.7434269602429309,0.738830952341577,0.728349731289934,0.9228306882992773,0.8941811447011937,0.8369393943624458,0.5526965567248973,0.5458952318838642,0.5305389803125043,0,benign
16.357783211083945,10.0,18.379245421529056,337.79666226479674,1.6743690855203026,3.2231121769463336,5199555.0,5.214256834869396,0.0,111.0,111.0,1.0,1.0,24.0,41.0,23.0,14.065115223381852,8589.0,384.1076477383247,0.8808699164639456,152.79396169637764,72.32630772666292,0.9827231121281464,0.7656444999108576,2.1125641070164916,104.57463578578847,8740.0,0.22797795680188343,0.29493963434903725,0.4257701376528755,0.11739002060408009,0.15172984227438885,0.21797911842436668,0.9505497310369126,0.9363404622108422,0.9092192646572185,0.6956322638924032,0.6863641725479478,0.6683882345275235,0.8623691377887752,0.8207950077233089,0.7373124529082726,0.4839843353796738,0.47118864009031836,0.4468513213014783,0,benign
73.92047838482365,71.0,37.04955343615069,1372.6694098181852,0.3425757154586743,-0.09925784785397251,1143903343.0,7.153735515504078,0.0,213.0,213.0,28.0,49.0,96.0,126.0,47.0,29.070984953839538,167313.0,1630.0834405894345,0.7654412180370728,577.1040927335835,371.369843027942,0.9887189608916098,0.7451632729410507,1.5539874967450222,461.55121920354003,169222.0,0.33014614897356076,0.45898168359824765,0.775337155581034,0.19371066353824978,0.25710286552533596,0.39482088005912674,0.9115264603193993,0.8843519934402023,0.8287170270427545,0.3626789175361776,0.3528076435950721,0.33509046616146676,0.9742870851473715,0.9642299573509827,0.939470435415427,0.13164890503705307,0.12457040317818538,0.11236858369626747,0,benign
114.26634696163539,111.0,35.41225997006764,1254.0281561876548,0.3060576485606723,-0.36014018581566853,408831683.0,7.116271827849014,31.0,255.0,224.0,68.0,88.0,140.0,164.0,52.0,28.89880917150831,28568.0,664.4406922210657,0.7077780044708516,228.8815379177623,161.68991095949107,0.987657735522904,0.727476445123504,1.4155585624331568,190.71944660677403,28925.0,1.0046785795029942,1.40287746826329,2.3258833937128056,0.3151738524771184,0.4186425055604608,0.6344962257447085,0.8780208485850218,0.8426926217598512,0.7762555594197162,0.32760513057137847,0.31588995090228833,0.29599046408727325,0.9540060565010232,0.9356594387948285,0.8926325174205998,0.10744579622293671,0.09985298596158676,0.08765527231800105,0,benign
125.56774247075417,115.0,41.4162575762993,1715.3063916263695,0.8358544570086344,-0.17726776991134585,210717348.0,7.158506275727033,43.0,254.0,211.0,81.0,93.0,149.0,194.0,56.0,33.61970287636035,12053.0,517.5046173579947,0.931453031915158,208.24041095223674,75.7706849306058,0.9645486555697823,0.6848295454545454,2.748297856129355,123.88041101277037,12496.0,1.6259301386940332,2.3053384444459484,3.960399533503212,0.44564940741733267,0.5976411817749774,0.9309974839958666,0.8388267542643986,0.7938705015529253,0.7090742680805646,0.3460963628473501,0.3337669448657133,0.3110961685313225,0.9433373885624002,0.9194125700359228,0.8603467674693321,0.11995945476552398,0.11154295623506827,0.09695675912319564,0,benign
83.31334060341693,81.0,26.21590620913981,687.2737383664153,0.5902999141901945,0.3836894300298819,272813985.0,6.696546515749842,21.0,199.0,178.0,51.0,65.0,98.0,118.0,33.0,20.559683492479614,35763.0,786.0975464705581,0.8487609640630172,298.1048363709868,157.63089935946303,0.9790571616294349,0.7253863940610928,1.8911573656075236,213.38900121225467,36528.0,0.6897282434613577,0.9615732810180507,1.614869614435341,0.2958259466360051,0.39199354858680885,0.593206931984187,0.8756167229705918,0.8391733129746876,0.7700789923730673,0.3517804601109509,0.33763528360450645,0.3147546664439073,0.9391202217999354,0.9149301737595626,0.8561681803590196,0.12395781042830938,0.11412051047295395,0.09915954183803688,0,benign
73.9595709958132,69.0,46.00863250784249,2116.794265241701,0.8158024011689607,0.9114873985567455,1455097512.0,7.306012001840923,0.0,255.0,255.0,17.0,43.0,96.0,135.0,53.0,35.110623855139856,191793.0,1764.3271272970803,0.8065930161774031,645.1697748308509,381.3644905907699,0.9906612052623696,0.7288546531733696,1.6917405546369078,494.1643775135871,193601.0,0.33198066497628775,0.4643503609709601,0.7981759389672691,0.19052595519038532,0.2534276272112142,0.39083308411977813,0.9127486111575404,0.8858709799912404,0.8310837927776699,0.38358681040723125,0.37515076443695894,0.35986928451311245,0.9799647362331411,0.9719733973852202,0.951816316231197,0.14722141543440392,0.14081170595835324,0.12957300391865434,0,benign
76.95460352504868,75.0,29.827813719183055,889.698471266285,0.38389084541385227,0.06064426230164077,549180453.0,6.907726947983397,0.0,208.0,208.0,39.0,55.0,98.0,116.0,43.0,24.08422095724775,80623.0,1227.5361466505708,0.9161611978193862,508.19717132125186,203.69051046257343,0.9859125649648426,0.8022189054726369,2.4949477035879353,320.3941195078072,81775.0,0.4834856606995086,0.6957705569046659,1.2644249804207426,0.3060478845003441,0.40727554720696746,0.6247308505003251,0.8599069278431328,0.8183463510614095,0.7388488291084641,0.30089798103132137,0.2842357883579709,0.25779694307345913,0.9528823002793056,0.9320828086105085,0.8759668445015598,0.09082638531522064,0.08097415143376718,0.06659639713531948,0,benign
87.97421218350725,82.0,35.38684901705207,1252.2290833556392,0.586882907092759,0.0733279114041947,345541697.0,7.108980418944964,14.0,236.0,222.0,45.0,61.0,112.0,137.0,51.0,28.81305018097719,38429.0,770.7249634685274,0.7604560457592118,276.1245206605368,179.31233884565748,0.986294689833945,0.7567147132955262,1.5399080868506774,221.19973432313967,38963.0,0.7726593266953206,1.074453501673022,1.8050330805908275,0.30193261913504243,0.4002007094989871,0.6054083757980705,0.874671725038044,0.8379708468856876,0.7689514231410519,0.3144220113260947,0.3013801079815017,0.27983673185591096,0.9477232462338219,0.92716939713466,0.8769669533332904,0.09900726363156571,0.09091573508528253,0.07836449008938913,0,benign
77.04788524642731,69.0,36.44421026584686,1328.180461901258,1.0371495795635617,1.01594327186395,679650167.0,7.003576152588666,16.0,255.0,239.0,38.0,48.0,99.0,125.0,51.0,29.217873999047328,93557.0,1226.0041840821061,0.8037619346696637,451.5487296421257,268.6493910088923,0.9851216173528483,0.7815630090639488,1.6808105462155298,345.1383376079621,94970.0,0.5141741315548721,0.7053017683408197,1.1524661088370338,0.23848489400405481,0.30963083934014834,0.4509912696735542,0.895768862443742,0.8672388927510319,0.8150395157593356,0.3256428116048376,0.3140005157815764,0.2949155122050669,0.960152645240482,0.9452819499769061,0.9102926230891893,0.10623385655269692,0.09873511475104293,0.08707695835362615,0,benign
128.27315460509323,123.0,30.85442990474042,951.9958447465399,0.690287853570565,0.05503363473762146,336962716.0,6.875452543390244,68.0,241.0,173.0,93.0,104.0,147.0,173.0,43.0,24.829192948958056,19359.0,727.8954903232549,0.9624297790792281,309.0035094348625,83.90393882044411,0.9289793176256058,0.6510509500588532,3.6828248325282487,156.99886734154492,20839.0,1.750430132702483,2.3807178446874766,3.9482946252888524,0.37963759721603385,0.5038007261044373,0.784386933236178,0.874105965654244,0.8376828742651607,0.765294889353506,0.3844512583726116,0.37280838697834967,0.3509973740793633,0.935192527329787,0.911606983151102,0.85226689270113,0.1479892414629627,0.1391601804229982,0.12343140382634166,0,benign
114.98927667440371,109.0,24.750316298684492,612.5781568849271,1.2514759385506324,1.6309643905716191,1317282510.0,6.443504081967049,52.0,227.0,175.0,90.0,98.0,124.0,150.0,26.0,18.5881584826642,95213.0,1322.3300858899106,0.8817538899319572,510.30539231915617,240.7160232710124,0.9665607520277747,0.7060031736145096,2.1199477516485223,348.17948930525625,98507.0,0.6619866336707976,0.9114348374215573,1.4950641605578876,0.24731001089991506,0.32097657767741256,0.468101436152941,0.8967022568219563,0.8690732626449875,0.8193161832092385,0.3907032372816479,0.3784067135508007,0.35955113454091175,0.9660706627033917,0.9532247800649865,0.9229468881421166,0.15283696514406891,0.14329067011913996,0.12933583806341065,0,benign
23.874446272623718,15.0,25.827608585243784,667.0653652325584,1.8181337012286547,3.2861264224667996,29321904.0,6.011334889842143,0.0,153.0,153.0,2.0,6.0,32.0,59.0,26.0,19.01155080626572,23703.0,654.3158005400378,0.8695191650646358,251.94636826474633,124.43611019425828,0.9754320987654321,0.6945323488045007,2.024704628515233,173.7227588108638,24300.0,0.25705234855715564,0.352099970053192,0.5763584309227557,0.14447230630805102,0.19150674433427872,0.28736713743614584,0.9365411803049154,0.916852082999119,0.8794191827710917,0.6601739496041802,0.6490357012815337,0.6285904039116258,0.9267466360569344,0.8994060763283556,0.834410088969288,0.4358919348660574,0.4213080389344884,0.3951708599429661,0,benign
123.81398870555573,118.0,31.30570815987251,980.0473633911082,1.0844935853258533,1.13640580656788,516976522.0,6.818072530026987,58.0,255.0,197.0,91.0,103.0,136.0,171.0,33.0,23.557668989265228,31697.0,774.9015869776647,0.9079734374129187,313.7771313509223,131.48131849316152,0.9805116466111918,0.7666650541795665,2.3864769151006207,200.89269237448747,32327.0,1.0215953934359725,1.4318570978822136,2.4597691372601376,0.34079847215457704,0.45208007927422766,0.6895628895225118,0.8642254328515884,0.8253601882957995,0.7529736331572345,0.32957180805024056,0.3139826039203354,0.28919503453516193,0.9530262035679642,0.9339791062038976,0.8855968720752131,0.10886730940657519,0.09873472553350635,0.08374175635442409,0,benign
96.4059599534688,91.0,33.77515679994992,1140.7612168612034,0.48173734963186504,-0.2072363478901682,421600066.0,7.02213490745155,10.0,213.0,203.0,57.0,71.0,121.0,142.0,50.0,27.86657316063787,40403.0,797.955410846827,0.7510840975708952,282.40254091959997,186.44400505168232,0.9873173354186012,0.7816707939947377,1.514677507819669,226.80982634342539,40922.0,0.773704102240531,1.082181870568876,1.836500075686756,0.30117796487726045,0.40398413276063355,0.6255573748873645,0.8753355681617315,0.8365341209761314,0.760740929897977,0.3056966645763395,0.2906950958878277,0.26584404459775773,0.950081288421704,0.9300060412628832,0.8801967838683872,0.09363944614424768,0.0846227634541645,0.07074916331973309,0,benign
74.32552089124103,71.0,39.02763998999387,1523.1566831885686,0.3552228211267169,-0.10807007209959396,1267721650.0,7.209163478343294,0.0,221.0,221.0,25.0,48.0,98.0,128.0,50.0,30.748087603211214,179884.0,1717.658079738768,0.7707884063826793,602.7713543029596,384.0203422174623,0.9829619348422421,0.7076363865242089,1.5696339178866294,478.5764539393262,183002.0,0.3627937092582512,0.5027858730103656,0.8479982696098243,0.1859290275541733,0.24705548064451735,0.3803938729720649,0.9168598316078508,0.8912638906777547,0.8389573256713574,0.3893902001965442,0.38117179484764047,0.36626332649120363,0.9737128929874351,0.9635629378426943,0.9385097393972582,0.15170088139282112,0.14535684820516367,0.13420675947038752,0,benign
35.348450830713965,32.0,16.070086758937215,258.2476884397692,0.8069000260770904,0.2377346033283021,3357783.0,5.859839688112322,4.0,88.0,84.0,18.0,24.0,43.0,59.0,19.0,12.492238678309977,2227.0,254.9116882454314,0.9775734668645546,118.62651478130776,24.98211225466757,0.9452461799660441,0.7814035087719299,4.748458159663581,53.249455078199695,2356.0,0.5512578274595042,0.741536372071965,1.1518873514439876,0.3167719815763598,0.40937535318191587,0.603739003796212,0.8639096215725848,0.8271742748652688,0.7512739354523071,0.41860509871520507,0.39618357911752017,0.3576261089239775,0.7653751919548835,0.6784910473020824,0.476011366396769,0.17615735070764302,0.1578643884218195,0.12887988952901874,0,benign
105.68150165825195,104.0,43.06179333540423,1854.318045261064,0.22345048126152395,-0.21576586241856965,2285336250.0,7.440339242531044,1.0,255.0,254.0,50.0,75.0,136.0,161.0,61.0,35.0609481880001,175486.0,1743.7392488184003,0.8545796553665169,659.5289560207757,342.5067998364915,0.9907242743988844,0.7889848035248629,1.9255937585345069,472.6898716361445,177129.0,0.39343142313886914,0.5715657948815266,1.0578159794536135,0.25910647677831855,0.3457889940946041,0.5370093045921166,0.8798921812623768,0.8439156722998287,0.7725284884521413,0.2893053057198765,0.27771128467131045,0.25831831784565684,0.9814267301735028,0.9729976185688979,0.9499000793989671,0.08384240381351869,0.0772226182229831,0.06680737858193918,0,benign
70.17627593594139,66.0,47.17056723572947,2225.0624133404744,0.7468472068638052,0.6995321906598133,1495167495.0,7.2562752619641575,0.0,255.0,255.0,6.0,38.0,95.0,131.0,57.0,36.504413181314575,209121.0,1845.0722933011416,0.8140564371279744,680.4220114151162,395.1794256533252,0.982665288285325,0.7446003204557593,1.7218052541328979,516.0049678390335,212810.0,0.32472961317803234,0.45437876379618475,0.7778943498857256,0.18643658570898952,0.24805886148998646,0.3828923149246405,0.9150136366813203,0.8888134363414572,0.8352229207482393,0.39681732918188034,0.38890235894440844,0.37444445568028456,0.9801680232024215,0.972247945695669,0.952482431202938,0.15753730932998436,0.1513104583181705,0.1402701238124758,0,benign
145.5240053050398,145.0,21.145506558557756,447.132447618009,0.3502462061422492,3.1960885170010203,326095478.0,6.295790577874861,55.0,247.0,192.0,123.0,134.0,157.0,169.0,23.0,15.299532255908366,15080.0,583.7888886054566,0.9535906306106342,253.43147162218082,76.30977287574761,0.9679075738125802,0.6346801346801347,3.3210880084105865,138.56569681781366,15580.0,1.392023604404992,1.9149780245898336,3.1832941259573877,0.3278156951096655,0.4362821807983988,0.6817927496285323,0.8927151015097046,0.8613586873813279,0.7955506332636012,0.4323814933295008,0.4193616273595817,0.3947878384541836,0.9569613776568674,0.9407086187371579,0.9009753709189577,0.18721580007674812,0.17611428474308122,0.15614093956670433,0,benign
96.88459351904491,95.0,23.225279943914654,539.4136284732042,1.0451455280571114,2.623634309048728,69839604.0,6.439687819407438,41.0,213.0,172.0,72.0,81.0,109.0,123.0,28.0,17.367646160523915,7036.0,415.03657992645924,0.9589727717327837,178.90153754172286,50.71826187363777,0.9747852590745358,0.7538840672881174,3.527359395466821,94.64942385855608,7218.0,1.9348391740050368,2.572484548082015,3.981061696747955,0.47986400613208713,0.6222596292179794,0.9224767475321299,0.8381464883385158,0.7976085459708229,0.7199537241241695,0.3457958026327529,0.3275156797140208,0.29645561209310506,0.8486523501062289,0.7969099835735017,0.6773887669682714,0.12018807450146637,0.10771170220870953,0.08835101929367653,0,benign
100.882797731569,97.0,26.87258085861062,722.1356020025657,0.8161459800161082,0.9876360812884384,80721508.0,6.652058526216881,40.0,215.0,175.0,70.0,83.0,115.0,133.0,32.0,20.484200466897782,7406.0,408.45079348883235,0.9519956345863686,176.10799385814644,53.90869979397571,0.9751152073732718,0.770495214315439,3.2667824401475642,97.1061896498293,7595.0,1.8211472858230775,2.5012508913632705,4.10643360699788,0.5078776604751291,0.6634958237587328,0.998367854277677,0.8208477485418821,0.775352946050522,0.6888226900917904,0.3176110454505199,0.2992131713142983,0.26849417844368406,0.8715614500340322,0.8222054531656241,0.7014296037927543,0.10152652557258687,0.0899484540223272,0.07251175447206551,0,benign
40.260730421686745,35.0,34.01086402984855,1156.7388720568456,1.644168773514079,4.5430816398948695,29509916.0,6.415987720991225,0.0,225.0,225.0,1.0,17.0,59.0,75.0,42.0,24.93553982259989,10624.0,501.9482681718907,0.9563708996256021,216.04732279939316,63.11936413249342,0.9689010487916097,0.6737696600710299,3.4228374409141655,116.30518872030761,10965.0,0.8054816285182307,1.1220108659474795,1.8454203243985354,0.2453793148669273,0.3270658023090929,0.5020664701507478,0.911263487468286,0.8858043807161489,0.835015255175364,0.508807736990722,0.49675005755302026,0.47138568991880947,0.8792282864465772,0.830722668524676,0.7174544303069048,0.25903992260857067,0.24696752242058703,0.22248732510577693,0,benign
91.65125415533394,90.0,28.22310815941569,796.5438341780765,0.383487371744316,0.6757879751329292,152156030.0,6.812004120299064,11.0,202.0,191.0,59.0,73.0,108.0,127.0,35.0,21.74352957916453,16545.0,548.5168106668145,0.8861681796577141,213.94933635856836,99.13636508472479,0.9787045252883763,0.7195042400521853,2.1581317428344393,145.1404432528827,16905.0,0.9044250207502686,1.277243895664038,2.1916059882094645,0.32434473804022623,0.43659762644279193,0.6830389571689377,0.873541067211822,0.8348311420973389,0.7582777925900016,0.3518635048813076,0.3368539853123015,0.31016055712988244,0.9342544667013737,0.9069309295627292,0.8390326857698566,0.12404481268222231,0.11366430551288917,0.09639181629398498,0,benign
86.6132875060733,79.0,50.497904127001156,2550.0383212198003,0.8980544656142259,0.503385694204725,558594129.0,7.499647575124053,0.0,255.0,255.0,29.0,47.0,114.0,158.0,67.0,39.73469639254147,55571.0,1107.3940110268397,0.9231236675844421,440.6112837628055,169.4164391292101,0.967680707681056,0.6695946597262387,2.6007587340846023,265.9984863499748,57427.0,0.7815194248317934,1.0892424056346053,1.8752636886373313,0.23729867329551307,0.3191228286573606,0.5027431503229106,0.90633874908173,0.8768289170291994,0.8167532101961492,0.3753075325998586,0.3665636161233783,0.3495670346602664,0.963541549385182,0.9491820257669532,0.9124970336711987,0.14093166091569984,0.13445250652515672,0.12229460292291335,0,benign
75.81534076703835,69.0,47.19376352060085,2227.2513152383954,0.7066448458463712,-0.08064133212015134,318992738.0,7.437769624192843,0.0,246.0,246.0,21.0,37.0,105.0,145.0,68.0,38.349319156042306,39998.0,875.2031021678298,0.9299039604150112,375.0948969338835,137.96081298734254,0.9819315559483478,0.8608384986225895,2.718851018718607,225.6701914527416,40734.0,0.8837709255568668,1.2392743016013532,2.1178061665004213,0.35696179350759505,0.4732733621605282,0.7114237551294466,0.8484385138491862,0.8045527647469545,0.725742465354821,0.26814850680330393,0.25140322025382833,0.2245460137850807,0.9485518123116945,0.9277384072112207,0.87600469109047,0.07213523707694076,0.06337280070867579,0.050546910142223345,0,benign
32.26170482164428,29.0,28.917886895519064,836.2441825020331,4.215507623465794,25.00873354833954,128974792.0,6.138923223505125,0.0,238.0,238.0,8.0,16.0,41.0,54.0,25.0,16.896144273694095,68711.0,1220.5655839020933,0.9459171842810588,519.6787301705727,168.58804163680952,0.9894589807467995,0.7667611480605276,3.0825361343844335,295.77958407959426,69443.0,0.9429474737685051,1.3154813713928106,2.233125922683475,0.23359337942216601,0.30941598210999804,0.4758156702391212,0.9131242371213809,0.8873909375734047,0.8354970257949068,0.4895531533271488,0.4731087224280969,0.4429801999692005,0.8231228864831086,0.7533814592618557,0.5823251488552024,0.23991454132649181,0.2240876570497709,0.19646250627340966,0,benign
48.40219704376833,37.0,40.79263438087294,1664.0390197315771,0.8469547178327929,-0.09486561811116356,69666435.0,6.951547561409036,0.0,199.0,199.0,3.0,15.0,75.0,111.0,60.0,33.70805988780262,17387.0,726.333044482741,0.9777662909853987,334.1785720389178,70.07644195181682,0.9132787057464019,0.7034429744710119,4.768771968598126,148.78782196238467,19038.0,0.8730846039003624,1.2673014428795104,2.3512817137900606,0.3544280864651008,0.47549762255898964,0.7608623565836612,0.8607694489831788,0.8219227132445937,0.7425654775466587,0.4734765003373669,0.4590680751116143,0.4280792450608221,0.915649337801661,0.8777720392046124,0.7742390643715539,0.22442540684221385,0.21108428629481452,0.18382112545988344,0,benign
102.33240327380952,69.0,64.27574843541386,4131.371836932608,0.6862038412692328,-1.0470086691145013,78507301.0,7.221834333632409,12.0,255.0,243.0,41.0,49.0,165.0,203.0,116.0,57.13341856110934,4425.0,293.1370849898476,0.9230626233269043,121.82778980236661,46.86102306942987,0.9667904741096788,0.6944444444444444,2.599768033699671,75.0605421340207,4577.0,2.7099576375305707,3.8279676047340794,6.653708996465136,0.5362629935619307,0.7175015017817756,1.1303269404963265,0.8433981268789574,0.8053868922334724,0.73537857441879,0.46667319252549894,0.4575039735806133,0.4376568605559764,0.9120798431192481,0.8755471978990588,0.7828943870691832,0.21785731877798398,0.20937094926373906,0.19163788046267638,0,benign
92.68754879000781,73.0,50.39433253919725,2539.588752071195,1.2797755572082352,0.6443333967093774,57033043.0,7.1168077219481445,29.0,255.0,226.0,47.30000000000007,57.0,112.0,180.0,55.0,39.781973794624,5124.0,288.3086578651014,0.8316771689627498,108.66795186665948,60.33891010329142,0.9806698564593301,0.7777777777777778,1.8009598065433363,80.77177370358395,5225.0,2.915347425556143,4.0568242057170645,6.746311735343194,0.6214984421311665,0.8229100256882416,1.2559266052725646,0.7971125940898321,0.7476859840556096,0.6597992281371008,0.2980887266298855,0.28182894340779197,0.2537668919841375,0.866630580056951,0.8126070891567251,0.6801607667235594,0.08916776952769276,0.07961860073289921,0.06456848436252059,0,benign
125.75054674167247,124.0,24.732038054418013,611.6737063251808,0.5660498382926177,2.1357234436699413,1299289635.0,6.584187864609742,37.0,239.0,202.0,98.0,111.0,140.0,156.0,29.0,18.40703035521508,79105.0,1314.2051942088829,0.9310897286137337,543.6488120300459,198.31777917856655,0.9728695994391903,0.6523585683654957,2.741301431882923,317.3635363211644,81311.0,0.8871049765159789,1.2001111477069295,1.8465009414724116,0.3127643896692671,0.40321238723174874,0.5756097393514626,0.877952083274705,0.8469651155681963,0.7918855995929879,0.40461203185927064,0.39446473939968263,0.3783465069749613,0.9640209854260825,0.9512772493078926,0.9247962849348765,0.1638384346893536,0.15567629355881357,0.14320998047761088,0,benign
77.14509060760393,72.0,36.983763998267285,1367.7987994795315,2.2185256782614746,7.208369005584533,61795700.0,6.704444677564772,0.0,243.0,243.0,42.0,58.0,88.0,107.0,30.0,23.339875292787333,8443.0,350.048773235279,0.680677991597609,121.21374365571347,88.79909651986739,0.9878319878319878,0.7840096573498003,1.3650335240583649,103.68202098820692,8547.0,2.785669738580439,3.5951340077086598,4.780255800579572,0.590577009591223,0.7418830286336423,1.0051072229270854,0.8144046561281479,0.7735423259028489,0.6963276282228776,0.3189560448787493,0.30218824762087815,0.27240201435858413,0.7836319040465393,0.7192897227975105,0.6190476245151912,0.10206532079703469,0.09155287120091561,0.07439528650847191,0,benign
75.72542892853085,72.0,33.03076212163901,1091.031246336302,2.365078294796168,8.684489617843473,120140195.0,6.644145269308957,4.0,242.0,238.0,44.0,56.0,88.0,105.0,32.0,21.699926744439193,17602.0,645.8893936688451,0.9588577896058773,286.4470937526332,81.31856097234571,0.9343383406762567,0.6811919504643963,3.522530284937608,149.70491797675965,18839.0,2.253905648213281,3.0238940394241305,4.223395658446292,0.5032475795298841,0.6433621399684717,0.8924263926151719,0.8390916621892742,0.8031858458913438,0.7354801231958646,0.3700811381365313,0.35797521156497925,0.3353139979385591,0.8135149564604569,0.7490899414673129,0.6464069462905625,0.1372022342179385,0.1283574024519806,0.11269421880755068,0,benign
49.70325581395349,50.0,40.662845223222355,1653.4669816477374,0.9123361583075894,1.2975385036578562,13299515.0,6.514717001750128,0.0,221.0,221.0,1.0,11.0,69.0,103.0,58.0,31.50986695511087,3225.0,270.0243866176395,0.9537300445092776,117.41123853983127,35.30136411951864,0.9754990925589837,0.7072368421052632,3.325968881607974,64.07961869245868,3306.0,1.7590169546853287,2.4398988768124634,3.9406652187902176,0.4471775365347792,0.5937457126088503,0.8978381341868181,0.8496532966474223,0.8092295424994056,0.7340531822846099,0.4804103462059963,0.46601725708049335,0.435812511603296,0.8266975136008746,0.7590839420751336,0.6092984883511814,0.2309698696154227,0.21734170945756487,0.1902243644340332,0,benign
73.7987987987988,70.0,30.915008084340556,955.737724854842,0.7541077575516159,0.03238787878962679,14923063.0,6.764002631007236,21.0,171.0,150.0,38.0,49.0,90.0,121.0,41.0,24.681680393392107,2331.0,187.9177848998413,0.5104741857074732,58.94289446379558,50.68458695129423,0.9785894206549118,0.8144654088050315,1.1629352828787427,54.47863231375825,2382.0,1.7126975170874248,2.290800397996107,3.3977881097609193,0.47643382610230245,0.6314900980550259,0.9370933451593833,0.8364464195950162,0.7871718204505126,0.6931919950887662,0.29794613592247376,0.2772900415445202,0.24313302439022783,0.8236905727876304,0.7619749865304044,0.6344777763750229,0.08897171940471879,0.07698078221201676,0.05913419480764889,0,benign
65.21214317573595,54.0,54.77939792740557,3000.7824372890454,0.728722296508445,-0.4212000724054472,130097091.0,7.264373780098634,0.0,220.0,220.0,2.0,18.0,101.0,148.0,83.0,45.22046607657835,17936.0,558.0731598529186,0.8717091069937734,216.48156627107574,106.08109946041289,0.9835490239087519,0.7130192804611409,2.0407175959923176,151.11857752893877,18236.0,0.9832995194537659,1.396319143314852,2.448403526897532,0.3085068082240735,0.41734230600626093,0.6660294504216625,0.8826126549650395,0.8471587837664699,0.7753898954346663,0.45288486691478047,0.4419410946670461,0.4186902833012019,0.9488330308167019,0.9272942663448545,0.872467271231188,0.20519633440568974,0.19541346917138147,0.1754307148433145,0,benign
57.91121495327103,53.0,41.43959788234913,1717.2402726507946,0.6935151872990191,-0.11034296311295888,20618479.0,7.048025505203065,0.0,183.0,183.0,5.0,26.0,81.0,121.0,55.0,32.69124630512433,4066.0,291.9238815542512,0.9415327910795036,124.31056110255854,41.88288340086951,0.9774038461538461,0.7406193078324226,2.9680516480385823,71.95131679749282,4160.0,1.8018835557854667,2.5290878701253905,4.30985959957754,0.500388692506969,0.6738430743841752,1.0612683381905323,0.8294064134508313,0.7802627235351729,0.6834542980859489,0.3869191624612839,0.3688785786000801,0.3321333234645546,0.8480399085838889,0.7858413149491158,0.6320151251539137,0.14999652623043228,0.13639735272110382,0.1107489494346165,0,benign
38.12152970571905,26.0,42.9685914059344,1846.2998474101391,2.314283857777428,6.245257508748535,47539929.0,6.6171101028290735,0.0,247.0,247.0,2.0,10.0,50.0,81.0,40.0,29.396690880752598,14408.0,523.9898987322334,0.9164792224583749,214.5703647306536,85.845801823109,0.9802694244114846,0.729888551165147,2.4994858242781652,135.44310746783768,14698.0,2.5399992632003245,3.468063357344654,4.86865414184365,0.5140042070297101,0.6499759942324852,0.875911607779215,0.851132654355642,0.8225108526246447,0.7732913639078993,0.5098363698869012,0.49672138397883925,0.47265193420946516,0.7516403565720109,0.6598769900403619,0.517314734132664,0.2600746631188674,0.24690405360350604,0.22363134395630943,0,benign
28.231952291274325,16.0,41.08562700975753,1688.0287467849178,3.4666149683134946,13.734601000324428,7917439.0,5.97240161303887,0.0,234.0,234.0,1.0,4.0,37.0,59.0,33.0,24.571438169739,3186.0,213.5096679918781,0.3930219168328656,66.49790849908669,61.14676221230039,0.9803076923076923,0.8045454545454546,1.0875131583943436,63.69098201100552,3250.0,3.4547935680139075,4.126526162970152,5.229272710059064,0.4908944727588797,0.6086056076098678,0.8245463606497521,0.8775664021947308,0.8447623683402028,0.7816163564554697,0.5697581034200011,0.5525268206334383,0.5198099151864255,0.6318665653257467,0.5546389284417363,0.41397043811552636,0.3247559182260492,0.3053779769260039,0.2702389827842786,0,benign
41.137830439386974,34.0,27.454968878427703,753.7753161154337,1.030385337568094,0.984718496408723,122419787.0,6.611501774913967,0.0,186.0,186.0,12.0,21.0,57.0,81.0,36.0,21.76348372039144,50047.0,876.4234482783625,0.7622974418050475,314.1760713486326,203.34319261017677,0.9913045200649685,0.7799735058053456,1.5450533028215518,252.4318115756425,50486.0,0.42645236138040726,0.5876456293617496,0.9752195578355474,0.26699746064979735,0.3533383855379264,0.5229693583769295,0.878664790801259,0.8419956729424043,0.7765116982481717,0.40346919913210555,0.3845570726277255,0.3541049537626495,0.9216602258001875,0.8918223203174424,0.8196210433251415,0.16298048833108528,0.1480275424220145,0.12545089285014868,0,benign
30.535844155844156,28.0,23.702657824045062,561.8159879237645,0.6559659046365618,-0.14830935110140464,5752877.0,6.205201188876955,0.0,113.0,113.0,1.0,10.0,45.0,64.0,35.0,19.37733756114016,3850.0,236.16652224137044,0.6617334812964422,81.04437212239588,60.76213902883509,0.9841513292433538,0.8020833333333334,1.3337972200737656,70.01408606295148,3912.0,0.5854694092827004,0.7822545197337009,1.1738148459223783,0.29309071729957803,0.38341406688622726,0.5523754338522945,0.878265384219413,0.8428359284662749,0.7794232911351778,0.474518123967394,0.4554724549826393,0.42152983069443944,0.8311758163774845,0.772289368007882,0.6500618339999618,0.22536933839423692,0.20758875729893692,0.1777463171839905,0,benign
124.09272623890128,121.0,40.93145330946176,1675.383870024648,0.6740103680881249,0.8856019543057325,390371746.0,7.245529600420529,28.0,255.0,227.0,77.0,99.0,143.0,175.0,44.0,30.21067445800653,22863.0,596.4579361637687,0.7424233868361793,209.83880850247994,140.57751810761752,0.98828564018328,0.7541562211373533,1.4926910883562492,170.61675096918245,23134.0,1.904398555076127,2.579519457677712,3.902768798454902,0.44581584798280655,0.5795426472292056,0.8364774199211129,0.8476833810997904,0.8087104487080152,0.7374975621484029,0.3075645615707051,0.2952751278291564,0.2743397299134279,0.9266371758077941,0.9003259116023945,0.8476531626566696,0.09474322592310915,0.08726985021745781,0.07532449462749823,0,benign
111.54923164484917,102.0,34.068989829351295,1160.696067992442,1.0518503225657745,0.604104500077943,23902100.0,6.724862466953522,65.0,234.0,169.0,76.0,86.0,132.0,162.0,46.0,27.528440267711975,1757.0,189.05382386916236,0.9349005864867043,79.52525782629012,28.22428519955319,0.9717920353982301,0.7652439024390244,2.817618135021859,47.297799949888585,1808.0,3.670648960678319,5.025464883990178,7.806567925166831,0.6674167634533488,0.8888758030399293,1.3499401312642272,0.8207491417232448,0.7732570597086791,0.679865457206574,0.31757407613279454,0.29811172214291304,0.2619269979203159,0.8001563063573438,0.7215677736131697,0.5456809616295027,0.10121236932484406,0.0891609436390983,0.06887878583224216,0,benign
44.321681780708985,36.0,31.410069743008357,986.592481260649,1.4751822729712833,2.3539689724666424,17897839.0,6.628185520658486,0.0,196.0,196.0,14.0,22.0,56.0,91.0,34.0,23.65255383251924,6065.0,325.4802307403552,0.8841487767054711,128.9879051033509,60.26385337210114,0.9812328102248827,0.8030985169491526,2.140385950876902,87.87603677236908,6181.0,1.2356199568591597,1.71963033018147,2.763440834745985,0.39193294668414647,0.5230478693328924,0.7949529122082076,0.8546241955252747,0.8127487536812005,0.7325734053261899,0.38489143130767134,0.3644896824768751,0.32612045250223687,0.8226975705671663,0.7521555171763471,0.5967099121280655,0.1485143640641117,0.13321740455210596,0.10669442248944179,0,benign
10.032215499485067,1.0,26.10411915932719,681.425037084353,4.100126052506147,19.4580994312241,24300491.0,2.735811690337531,0.0,222.0,222.0,1.0,1.0,2.0,33.0,1.0,14.44243516321283,31072.0,690.4995667241113,0.7468383869543946,244.99628232454702,162.92389525616244,0.9904057629171581,0.7541381486335614,1.5037467766121329,198.9022351156743,31373.0,0.41425889337283434,0.5906652826074444,0.9912423610988292,0.1193044836506969,0.1620112339036641,0.2495882640544546,0.9586296467258942,0.9463374921967059,0.9245711033649242,0.8813573620463648,0.8765429636524005,0.8664045383738713,0.8678290238186587,0.8106287178809506,0.6774427192153057,0.7767986167153633,0.7683397194696323,0.7506665629602888,0,benign
73.71357820883203,59.0,43.31156368708715,1875.8915490206066,1.2584863109174511,0.7660192969031279,17711120.0,6.899356689872092,21.0,215.0,194.0,33.0,42.0,92.0,146.0,50.0,34.07279563421735,2423.0,183.88225099390857,0.5995789038123607,62.25117376817627,49.820588537968504,0.9833603896103896,0.8413194444444444,1.2495069928917912,55.54331118049499,2464.0,2.7233595534319033,3.7820744224105938,5.904048432655017,0.5975173548503426,0.8070765411222445,1.2224485089326682,0.8092324071977608,0.7538322026206501,0.6552679040154259,0.302432452241948,0.28438598017025796,0.25316018075222585,0.8157929895892145,0.7424827769931654,0.5873282995877382,0.09162385695700737,0.08100394729294766,0.06415774398826853,0,benign
78.80560420315237,66.0,45.34262292486775,2055.9534537067425,0.7158090806771914,-0.5410424820947894,18880176.0,7.160780805535468,15.0,214.0,199.0,29.0,41.0,113.0,149.0,72.0,37.9511196444619,2284.0,191.9827560572969,0.8511502225864878,74.936378491816,39.335767411553796,0.976068376068376,0.8073524213503005,1.905044274534873,53.926608647078034,2340.0,2.7861511810450565,3.703806804715944,5.703287322640325,0.6267972989832198,0.8194499621515619,1.232348694227015,0.8033737007200702,0.7515621682990186,0.6499976732284212,0.2646447529058373,0.247134454744259,0.21591092305255674,0.831215954721865,0.7733637505584704,0.641486464248303,0.07046253149310261,0.061373305034201284,0.046951482367332875,0,benign
13.376438952170892,6.0,21.427793735107663,459.1503443543192,4.150430536756061,24.57462624829183,21118516.0,4.5692691595007044,0.0,197.0,197.0,1.0,1.0,18.0,33.0,17.0,13.168395922741391,33097.0,695.2985565973347,0.4630544353518818,218.3460774949978,193.5266445006378,0.9892103532787375,0.7825829944197484,1.1282481441168077,205.28129289367718,33458.0,0.2554805438245509,0.33940092674960703,0.5308921969154206,0.09839161391445464,0.12903886237035167,0.192087500389228,0.9594587511048889,0.94745920772177,0.9243260473011194,0.7735381785526911,0.7659389637920877,0.7513267253374122,0.8885849998502153,0.8507201254251124,0.7625967752193691,0.5984009638872989,0.5866946787395664,0.5645122986878837,0,benign
22.625983288466244,11.0,35.259092741044576,1243.2036209215823,3.0573779059031754,11.03100111434444,251011167.0,5.456366385993148,0.0,255.0,255.0,1.0,1.0,27.0,59.0,26.0,22.423031870902815,143015.0,1544.1229791087242,0.8418350488473937,583.9481957824702,315.1772147017873,0.9920023861050996,0.812465204003954,1.8527614578198084,426.7228063864167,144168.0,0.41189237028439807,0.5709411551602872,0.9510777971417378,0.12984479980685917,0.1736119820067871,0.26825022079548055,0.9491114238887617,0.9334685302455017,0.902710634840261,0.6877992405444477,0.6804065144914628,0.6658314779418587,0.9397939895968728,0.9164958561311038,0.8607094296963973,0.4731109816424173,0.4630015363792943,0.443377231285396,0,benign
86.5761220299208,72.0,45.54469563815787,2074.3193007724362,1.8529577020345072,3.0490214021837323,32623258.0,6.837228092022618,23.0,250.0,227.0,49.0,57.0,99.0,142.20000000000027,42.0,32.459412520874416,3409.0,218.16652224137047,0.5998273534389154,73.80086634205465,59.050247025112455,0.9812895797351756,0.7915022057116322,1.2497977580122426,65.88227081698209,3474.0,5.346438419546901,7.0122481734731466,9.612101273132346,0.9080449762348914,1.139576419962626,1.5444698738379554,0.7667519902473583,0.7231582839015889,0.6412225326811211,0.28838475504722266,0.274327414584043,0.24861188273078633,0.7007189827922304,0.6056320252555627,0.4472924091581435,0.08323734935570709,0.07531767005536691,0.06182786681974088,0,benign
21.899370208105147,8.0,31.185922337935835,972.5617520677653,2.283659134597091,6.17277144465511,21212922.0,5.40667578201757,0.0,195.0,195.0,1.0,1.0,33.0,61.0,32.0,22.557401704298027,14608.0,477.9482681718907,0.7644242631437463,170.7078694800678,110.05767447531247,0.9852961014434102,0.8059141564603333,1.5510764723486872,136.37992253074225,14826.0,0.5048405095239021,0.6985861056922452,1.1697130689193267,0.1808286732987358,0.24134818973059885,0.3745465523520528,0.9301788735858483,0.9096802179543834,0.8687299282422636,0.6825180112863133,0.6732026522247406,0.6537907017363711,0.900937584519281,0.8614706857584682,0.7627594280604019,0.46587673448924166,0.45324475587684293,0.42747223562219333,0,benign
66.89661482159195,49.0,40.441381312757386,1635.5053224838423,1.3944323157785827,0.8951955329248289,6678954.0,6.524295699165849,25.0,197.0,172.0,33.0,39.0,80.0,135.0,41.0,31.662955395266728,1093.0,126.66904755831214,0.7961107802000355,48.09335852386953,29.103739746226875,0.9758928571428571,0.8305471124620061,1.6524803665516747,37.3048364477789,1120.0,3.0779380130097045,4.180002584697309,6.325923830897237,0.7768747338590078,1.0007368458108512,1.4324555792906857,0.752090277572922,0.6999339484823032,0.6042904947733871,0.3360945474322174,0.31875040119732406,0.2909597570780483,0.7453410416571569,0.6477270982826472,0.4339902235536264,0.11331672771016456,0.10180909251110382,0.08478439785079894,0,benign
45.58177570093458,36.0,34.692332790968166,1203.5579544792852,1.2897838798268648,1.5149424841988708,4213133.0,6.696227708415928,0.0,194.0,194.0,12.0,20.0,64.0,95.0,44.0,27.09252627594841,1284.0,152.91168824543144,0.8806976232294479,59.33036593703089,28.103542231457812,0.9567809239940388,0.7517564402810304,2.1111347974711605,40.43314946229083,1342.0,2.093234904010175,2.8861884843500096,4.529864452132455,0.6861666775088902,0.8916666214318338,1.2771403530000383,0.7627979042572529,0.7049848880513766,0.606033846939217,0.36965670122059635,0.344520238067898,0.29968545718758893,0.7444159227313639,0.6477745105473476,0.4440723362729557,0.13742763842019684,0.11923723878763261,0.0903908037512744,0,benign
14.238896775501926,7.0,17.712836906586894,313.7445912793467,1.6614073988963203,2.5434291772500046,2546816.0,4.953248037371829,0.0,102.0,102.0,1.0,1.0,22.0,40.0,21.0,13.722811669832987,4931.0,271.8233764908628,0.731106470598506,96.15680639247358,65.60426837073467,0.9850179784258889,0.8120882740447958,1.4657096067146762,79.23600314938335,5006.0,0.24810324847950266,0.3431724889461616,0.5335780938396808,0.14472348999940976,0.19410479822922344,0.28777008528741244,0.9371286665076487,0.9166349742730969,0.8789876464947207,0.7205572276600526,0.708122316450248,0.6857351571299652,0.8388368863686563,0.7771404433050392,0.6522894552511891,0.5192573878730304,0.5015130303675744,0.47029778565470676,0,benign
46.472,42.0,29.462066468228482,868.0133605783132,1.5988698872873375,4.407825868895852,62823948.0,6.676332847978458,0.0,223.0,223.0,14.0,27.0,59.0,80.0,32.0,21.215528096385544,19140.0,593.0193359837563,0.9084062760040712,244.05883502217506,102.03820505484141,0.9786777113054149,0.8053521837919717,2.3918377914527533,156.10831139382367,19557.0,0.5368936396430216,0.7252725558521669,1.1433893510795008,0.19071234171712162,0.24845564995249908,0.3650414624422086,0.9256045536085704,0.9056675733315271,0.868793254941233,0.5774239844153534,0.569405412929625,0.5538554425231502,0.9025962055068509,0.8678356976465983,0.7895260832373636,0.33347273874009264,0.3242773605296646,0.30681986093769775,0,benign
53.171361502347416,47.0,26.856830139701795,721.2893251527947,1.5212807933673396,2.7931527529407942,31744729.0,6.473223324099018,11.0,175.0,164.0,26.0,35.0,64.0,88.0,29.0,19.830840546670743,8946.0,358.45079348883235,0.5989177569454679,119.67044551056152,95.83335404953483,0.986981465136805,0.8455576559546314,1.2487348136506382,106.72582146416472,9064.0,0.7553899904443383,0.997167635016251,1.5064819938767078,0.2769859955071627,0.36747013367368375,0.5539159441395399,0.8912194251370573,0.8563216744784151,0.7866584708330068,0.36410935674924233,0.3436240896490308,0.3082701637985285,0.8756827991639288,0.8344267104623759,0.7435372491732126,0.13278890519404643,0.11825345841121508,0.09509477076162572,0,benign
28.582561750790934,13.0,36.40512906766651,1325.3334224334567,1.7886103203821087,2.8471806287926507,73808533.0,6.009186710289407,0.0,209.0,209.0,1.0,3.0,41.0,81.0,38.0,27.39568069012344,34453.0,779.6538956566621,0.8764447872278911,302.99617848582454,145.89337886792597,0.9796133067955644,0.7127813637868256,2.0768329641615897,209.44431726537857,35170.0,0.39429684753826033,0.5576235166178903,0.9731281364044517,0.16334239190672048,0.22014695406824888,0.3480375302743102,0.9336472708404214,0.9130693806767194,0.871162068593038,0.6700065124395684,0.6622269066549902,0.6456198900795078,0.9424679194626528,0.9186286521084596,0.8579886691064308,0.4489505283619822,0.43860666311732377,0.41690926081225277,0,benign
23.452205882352942,7.0,30.763787342424536,946.4106116499202,1.3646205684213273,0.7409748049375553,5291329.0,5.333642565458422,0.0,140.0,140.0,1.0,1.0,37.0,74.0,36.0,24.884515570934255,3536.0,231.3380951166243,0.8039730332931516,87.26631677095673,51.89429026369815,0.9844097995545658,0.7942497753818508,1.6816169240877457,67.09824908433555,3592.0,0.7541071787669027,1.05125278549616,1.7254214530062164,0.28174215886977316,0.3767117969826385,0.5750865345626925,0.8947720708696272,0.8638341751765508,0.804852134933554,0.663329317662749,0.6506797834114683,0.6255721676983543,0.8480325410935246,0.7869082578016682,0.6456386318577504,0.440129322481539,0.42351802617800166,0.39155923839422674,0,benign
85.70246085011186,77.0,61.421008143672374,3772.5402413850684,0.2767013499985177,-1.0853893641586077,163993535.0,7.546029924844794,0.0,245.0,245.0,4.0,32.0,139.0,170.0,107.0,53.72291841739164,14751.0,490.7178207935911,0.8122782681452776,181.06826592080427,105.61170643112325,0.9859635051132946,0.7435729408206473,1.714471549031276,137.04581906934771,14961.0,1.323013711296822,1.9636092902973141,3.6248863389568875,0.40055204007381,0.5518093071581747,0.8956482539709794,0.8481818891365682,0.8024572067889983,0.7144811515067842,0.37843200614987715,0.36694902616233416,0.3438596056699235,0.9512426696884755,0.9276368064240768,0.8664167258831807,0.14328413810477045,0.13471665807657587,0.1183027191364305,0,benign
70.40399074609601,59.0,49.33400324823956,2433.8438764973116,0.8473794258248056,-0.03400069519393156,102226306.0,7.3707567157722345,0.0,238.0,238.0,16.0,30.0,100.0,148.0,70.0,40.222746451594126,13832.0,463.9898987322333,0.8206559414425582,175.90272341497595,100.51479740727162,0.989625813837018,0.772133526850508,1.7500181859019546,132.7081360835754,13977.0,1.1558475496558638,1.6499329308578512,2.807668536131256,0.3559476658066748,0.4757700692229155,0.7283634376285548,0.8656508465946036,0.828131338377696,0.7584292139314948,0.33916698448706245,0.3257268555170502,0.3016443139541194,0.9351682310116203,0.9072395649726461,0.8412584321899969,0.11517278368144644,0.10620005477824071,0.09106308797719859,0,benign
53.617242309767946,40.0,47.40130359913146,2246.8835828970327,2.2870221938112616,5.444848385184159,37961983.0,6.8151129887659865,0.0,238.0,238.0,16.0,24.0,64.0,97.0,40.0,31.85173745030375,7412.0,336.72896808188443,0.7445625662445357,119.17863423284383,79.5580170711578,0.9800343778923708,0.7951083458485304,1.498009108576057,97.14551716665585,7563.0,4.17601540247308,5.518245863933911,7.441793467363121,0.6679110454072081,0.844488417104208,1.1389889141843406,0.8225376591758592,0.7872403830436749,0.7227865291257816,0.34057107877000026,0.3245884927162299,0.29433690690310055,0.7179488170373758,0.6257191067485313,0.4883302977531094,0.11611536858572,0.1054395835860073,0.08667921359130273,0,benign
85.3831891223733,67.0,54.40233623599408,2959.6141879341544,0.8611929432548738,-0.24867596645293766,24876515.0,7.358429857026862,3.0,226.0,223.0,26.0,45.0,119.0,176.0,74.0,44.35537064228501,2427.0,199.9827560572969,0.8370917009771032,75.41584479757394,41.25718784917561,0.9750903977501004,0.8199324324324324,1.8279443832495936,55.58913900279658,2489.0,3.8348880756415,5.313557846025065,8.590775649329531,0.7542532917532918,1.0192040901457586,1.585132789462072,0.7657739938838776,0.7004700184216349,0.5829850230872018,0.2607760986921792,0.2415961872121522,0.2076662741945413,0.8276233075271491,0.75821672123861,0.5956664304976813,0.06833570851733603,0.05865771703320807,0.04341399718725415,0,benign
127.90837628195116,127.0,24.11054929357848,581.3185872380777,0.23551355520449155,-0.25275583865839035,325436406.0,6.604598676356398,66.0,212.0,146.0,96.0,111.0,143.0,160.0,32.0,19.48603020722639,19209.0,553.9898987322333,0.8369663678805261,211.79790897168033,115.9073222536332,0.9906142024650612,0.828009828009828,1.8273039602124133,156.38944470397527,19391.0,0.8208043794915806,1.142816194765408,1.895461014932027,0.2848602681587131,0.38174926205407955,0.5922103039008991,0.8875868625824972,0.8523006945359268,0.7799708401964744,0.32687962343305615,0.3083340748217087,0.2756478615648743,0.9527058601354014,0.9338475907443922,0.8883503536955147,0.10724562444494208,0.09543139380846843,0.07630177966298604,0,benign
30.51184586299827,25.0,23.04676120977308,531.1532022603012,1.7532151588241605,4.228660039644861,72699826.0,6.204426192101192,0.0,188.0,188.0,8.0,15.0,39.0,60.0,24.0,16.75052556766525,49721.0,867.269119345812,0.7348665292951607,306.2667915029756,207.71373805089695,0.9905568283693595,0.8049376720090659,1.4744657449086482,251.6083134631625,50195.0,0.2827463090398432,0.37153754240657144,0.5567125874926256,0.16706189118486864,0.21671085420412944,0.3067717071241246,0.9238959446800147,0.901809359893217,0.8635993500761081,0.4903854601922403,0.4735428636672855,0.4463100039805942,0.9213480950800128,0.896421028033963,0.8440572892159959,0.24063041765920404,0.22435001609450736,0.19922194674434893,0,benign
23.52063813623702,16.0,23.11569089074057,534.3351653562665,1.906845120184367,4.078116092800793,4294757.0,5.938726546393756,0.0,143.0,143.0,4.0,8.0,30.0,54.0,22.0,16.878308973727506,3949.0,249.92388155425118,0.7932373248588075,91.1964875318541,55.530689735715995,0.9740996546620622,0.7552113214763817,1.6422718314121485,70.90855351901601,4054.0,0.7204447402588511,0.9401150086819777,1.3802593255318087,0.26993070254116003,0.35064723061557546,0.5123829322842588,0.8989706505780753,0.8706056606455185,0.8150507537275705,0.6203900917357599,0.6046257100993317,0.572213481447749,0.76583286376786,0.6911068688368098,0.5319135699361149,0.38509050249198795,0.36582569640455564,0.3277853155442494,0,benign
75.8323187517933,73.0,38.18382175249768,1458.004243626515,0.6249364244672353,1.0701718028374243,929563479.0,7.206132341140012,0.0,241.0,241.0,27.0,51.0,98.0,122.0,47.0,29.431759890852646,128953.0,1433.2661607529815,0.7961976483640099,522.9131862229696,316.3816238066616,0.9893130590888864,0.736520755751525,1.6527925355820217,405.2012574168958,130346.0,0.7816196032198891,1.04500461216956,1.4963003972005546,0.26904389825393016,0.35015393200265554,0.49887995283140285,0.8923905482917451,0.8622229223224513,0.8073996527147165,0.3553508366003259,0.3448784027318821,0.3273793100948294,0.9429346230941038,0.9236561652728923,0.8904509231372584,0.1263644848198951,0.11899993083611153,0.10721167682891378,0,benign
18.87368795587974,3.0,31.541596683981684,994.8723213749643,2.6007017743188734,7.622986537356706,15188936.0,4.819628221720059,0.0,200.0,200.0,1.0,1.0,24.0,58.0,23.0,21.767583635983208,11242.0,427.2558800164656,0.7920490964110308,153.48209461642975,93.69427937763567,0.9818340611353712,0.7938144329896907,1.638115962211724,119.64012270936828,11450.0,0.6432963883538919,0.8936214123052357,1.486599718803034,0.20005653865492404,0.2663860241503275,0.40626927842247207,0.9271039805870966,0.906653243405918,0.8684214524734174,0.7335667432987708,0.724944377131621,0.707422175060846,0.8729909025896807,0.8223320856562764,0.7006758821497279,0.5381630969717609,0.5255919468464375,0.5005098772557872,0,benign
50.76749218562154,40.0,33.84023310379576,1145.1613765192346,2.46169933548024,6.850278482212236,30963752.0,6.346505615095846,10.0,231.0,221.0,25.0,31.0,54.0,91.0,23.0,22.567291761057707,8318.0,346.99494936611666,0.6541029814762802,118.81340596551924,89.87111446809936,0.9902380952380953,0.8921063921063921,1.322042200864141,102.91164430280513,8400.0,1.3732455268599855,1.9260786010208069,3.1779649744479976,0.40608960940286254,0.5370519999463497,0.8004662166286376,0.8494470277893384,0.8100791957057252,0.7401007163810984,0.39370360718120395,0.3739257166338068,0.34266063670699315,0.832227158452052,0.7623934797459941,0.596975395708876,0.1553675530826545,0.14009260024193265,0.11758431972299377,0,benign
42.15097197106691,27.0,44.31083813856052,1963.4503765417098,1.497841566645824,1.580354758878082,165464449.0,6.782306745201039,0.0,219.0,219.0,2.0,10.0,57.0,116.0,47.0,33.622973772027635,44240.0,834.4995667241114,0.8239540999816758,316.01037060825576,179.0693451087018,0.9901743548423196,0.8343234323432344,1.7647374005663874,237.33545343897444,44679.0,0.4636286125431779,0.6399549674737394,1.0753272673821261,0.22546358997626192,0.296408786895922,0.44405787818560627,0.9027755731273169,0.8748521509572212,0.8220666900349226,0.47565295532543855,0.4635180817284465,0.44120238601457057,0.9622041937577345,0.9477570186769713,0.9120536081816288,0.2263920190986251,0.21499556035436496,0.19479916639923167,0,benign
18.444500593779214,8.0,28.803128166417356,829.6201921710648,2.8159253837857507,8.808049019791884,92595916.0,5.260489369824025,0.0,228.0,228.0,1.0,1.0,20.0,49.0,19.0,18.506197809631278,79154.0,1065.1463197058372,0.44103991175591595,335.2857375901458,300.9147553487118,0.9908741534494198,0.7847285561327676,1.1142216578964483,317.4618133318826,79883.0,0.3303107984216659,0.45458923083012015,0.7305227760125885,0.12205009501395478,0.16276359471394958,0.24651152044026003,0.9509214295121268,0.935822372033343,0.9068162334787468,0.74867249636594,0.7406093971043259,0.7251891444763539,0.9242018477118429,0.8954768459536461,0.8312536311104772,0.5605524761679906,0.5485440209548483,0.5259294959298255,0,benign
40.54329339002706,30.0,28.877906356043773,833.9334755084334,1.4860987007453557,1.8930357435535532,12819579.0,6.317574238320086,6.0,164.0,158.0,15.0,19.0,52.0,83.0,33.0,22.294708728441947,5174.0,300.40916292848976,0.8903495382754584,120.553189271267,54.88516756167028,0.9771482530689329,0.8051665110488639,2.196462079409898,81.16490254081336,5295.0,0.9081471642773586,1.244392223450724,2.0574731065822984,0.34229534119016625,0.4548981106623433,0.7021428498071521,0.8701622247511246,0.8311869980268478,0.7526428410530747,0.40995795240700555,0.3895402627905815,0.3520512170756058,0.8455766455163027,0.7853720192188307,0.6341508157985088,0.16842668333544586,0.15206369119570862,0.12422526225095123,0,benign
72.4328493647913,60.0,42.905083810021914,1840.8462167450043,1.3914608101073591,1.7857781364041543,15620550.0,7.029573867893474,13.0,237.0,224.0,32.0,42.0,91.0,130.0,49.0,32.873800646242934,2204.0,184.0893577750951,0.6456733009471607,60.80479223753313,46.43137658322486,0.9704975781594012,0.7916666666666666,1.3095625568745515,52.97376668310739,2271.0,2.7729320588399338,3.5821600335862795,5.1075244777503,0.5830922607938286,0.767285860730299,1.13598108278112,0.8147301887606064,0.7610416283231175,0.6593658560476205,0.2950566512650765,0.27648132117020174,0.24299064166639137,0.8066999065517085,0.7480400687622085,0.6297357537135746,0.0873906177833665,0.07661914348554491,0.059216626417858444,0,benign
33.42975679542203,23.0,35.74087518349538,1277.4101588821961,2.739204309844305,8.083925880028186,8370381.0,6.230388659128235,0.0,217.0,217.0,8.0,13.0,36.0,68.0,23.0,22.275044218083877,3495.0,274.3675323681471,0.9374154165375673,114.29268760570031,39.79820676302967,0.9638720353006067,0.7496782496782497,2.871804960616263,66.70811201682591,3626.0,1.1342004183467598,1.615253195328435,2.8275470714690933,0.38144642108056737,0.49529194255223563,0.7380089136587611,0.8618561927859082,0.8291118165968596,0.7673000776204197,0.5119978638585195,0.4922611222096225,0.45281499216932297,0.8387781989193765,0.7633321829706001,0.5609494212526935,0.2626399766957557,0.24289192578149998,0.20575317728522255,0,benign
48.46436285097192,37.0,45.21574779636079,2044.4638487841057,0.4714450759057006,-1.1379465567083444,10170393.0,6.3144652616319075,0.0,162.0,162.0,1.0,2.0,88.0,114.0,86.0,40.21526619987032,2315.0,187.1959594928933,0.6348963275552802,62.164745614522765,48.02831724363099,0.9722805543889123,0.7391443167305236,1.2943352834783401,54.2913395125033,2381.0,1.31533300527639,1.8813977490970217,3.2625042452945596,0.43216397520464467,0.5899844489988268,0.9337747041854545,0.8453131770133163,0.7967188970950698,0.7043305396756689,0.5050827964826977,0.4882951820300216,0.45302020043796376,0.8909386333127713,0.8439826826573629,0.7294838036165249,0.25522871330622315,0.23850739000264143,0.20529262611941415,0,benign
49.995987430505195,42.0,29.3866908740963,863.5776005296947,1.9164844987790404,4.371858165693543,69567303.0,6.453457095787137,1.0,232.0,231.0,24.0,31.0,58.0,91.0,27.0,20.85404832750007,20685.0,554.6589462905455,0.7258655047084809,195.87609914188013,134.73076155617605,0.9862680589329137,0.7839978775015161,1.4538335334815837,162.2866599041549,20973.0,0.6876251223533645,0.9851373859300929,1.669505454457168,0.3253943012105638,0.43019360901095,0.6375719908926569,0.8601397566681354,0.8218734061051254,0.7545382152064837,0.3701081494384286,0.3517979817476797,0.3220039048824398,0.8984653117942675,0.8535768744824735,0.7479680321502672,0.13731280703562196,0.12397666739552426,0.10381397531114259,0,benign
37.03950060070786,22.0,38.068896518657276,1449.2408821482363,0.9362101879091094,-0.10026020918260947,173766867.0,6.163505894851322,0.0,198.0,198.0,1.0,2.0,63.0,96.0,61.0,32.07655788202857,61594.0,950.7249634685276,0.6338328391138726,319.88135892234294,247.41865353620486,0.9908466451104355,0.8236253744116389,1.292874867559388,280.042704811994,62163.0,0.40417288443464094,0.5609273743112881,0.9259475830189865,0.19859306772251983,0.262620738532823,0.39156758438378203,0.9142565877508435,0.8889898087994743,0.842535346238189,0.5361390810604916,0.5267650562953043,0.5097828086490909,0.9531893590702295,0.9350151209385567,0.8926125416214704,0.2874979114738509,0.27751797856803684,0.25989464730626743,0,benign
74.39421252371916,60.0,40.32232214170961,1625.8896628998052,1.2448441271199238,1.1652397151355194,15094099.0,6.836583826361204,24.0,222.0,198.0,36.0,42.0,98.0,128.29999999999995,56.0,32.44309695782579,2108.0,182.5685424949238,0.8281175439496774,69.72020951871082,39.081976311818174,0.979098931723177,0.8107692307692308,1.7839478987051074,51.807228842138656,2153.0,2.675095537475346,3.6768812054173883,5.903456285804547,0.6137693386341224,0.8156984006490582,1.2348998591517688,0.8023757526646902,0.7487821670188071,0.6523843751995074,0.3105678068442184,0.2934848879130262,0.26455476484816626,0.8017856687990993,0.7262612410344647,0.5511446305113825,0.09669087689435493,0.08634313461155331,0.07017085012893476,0,benign
40.63697514692346,33.0,31.916480715192264,1018.6617412432397,1.4079094918983444,2.271805904754455,37708770.0,6.688087710971497,0.0,195.0,195.0,8.0,18.0,54.0,86.0,36.0,24.176721287096367,14123.0,471.9482681718907,0.7921172676240437,172.40450437069188,105.23035337152068,0.9819231036640478,0.7877621597501115,1.6383533728334991,134.0968384798639,14383.0,0.8236261133776426,1.1331685070652031,1.8392718139989253,0.29846805011670063,0.39633836831269204,0.6012806814456431,0.8837833886850126,0.8494482980130651,0.7831282863311639,0.42685847226691004,0.40871647146608586,0.37499276465239395,0.8795030760889992,0.8341361245347527,0.7294126542579914,0.18249716474955824,0.16734731912891593,0.14091909897272026,0,benign
14.274968332846147,5.0,19.748629913279842,390.0083834516914,1.9812416355785025,4.064239518364706,6093996.0,4.673659181550449,0.0,119.0,119.0,1.0,1.0,21.0,43.0,20.0,14.737894305422651,10263.0,385.6639969244288,0.5880943511425887,127.31278157623302,102.96960133540288,0.9859736766259968,0.8180296508847441,1.2364113284418485,114.31210542902696,10409.0,0.2515384255926827,0.34541662144680835,0.5432484742648431,0.11878533385713855,0.16103501090871603,0.24668012512850773,0.9517134749988366,0.9349573104822344,0.9018489316055088,0.7455947516140796,0.7372095930375032,0.7200979738003361,0.871201337331158,0.8229826849736954,0.7203103293955241,0.5559328500494922,0.5435073666000964,0.5185557784274575,0,benign
10.272328698484278,5.0,14.374589766039882,206.6288309419385,2.612316709239724,8.627274783921285,2491890.0,4.577875285258998,0.0,107.0,107.0,1.0,1.0,14.0,27.0,13.0,9.880732903404953,7983.0,337.4213562373095,0.4121943743213493,105.82466403558401,96.41642093543403,0.983128078817734,0.7986194477791116,1.097579260968941,100.81801072041048,8120.0,0.243509034725455,0.3310991623755589,0.5033927123480969,0.13973094086057414,0.1832332494023944,0.2620296534682453,0.9392459310509744,0.9215753038480217,0.8908744180789654,0.8081435778869551,0.795907256685126,0.773701123541478,0.7402340320365014,0.6446848027156044,0.44952798331521515,0.6531438310841944,0.6335085132614535,0.5986240311555213,0,benign
37.35175017158545,25.0,40.05519294470294,1604.4184818373799,1.2801807290250953,0.8599551160570562,17481504.0,6.379006087464189,0.0,188.0,188.0,1.0,4.0,55.0,103.0,51.0,31.514407053916695,5828.0,286.30865786510145,0.5268459406324643,93.70397030221847,79.6447011920642,0.9852916314454776,0.8278409090909091,1.1765248522466065,86.14197621784938,5915.0,1.0233681616470243,1.4367537569497588,2.3559170417786417,0.32511338009073687,0.4400503513173285,0.6818308530740911,0.8812095823375024,0.8445048551404165,0.7735922942954758,0.49960535067405204,0.48517170134538007,0.45637237679327075,0.8916653583472012,0.8471887802688342,0.7449690231685859,0.249707752653904,0.23548750138466007,0.20834440672903923,0,benign
16.211861245803803,2.0,36.476238744553726,1330.5159929496824,4.485156724329215,22.10779787903186,29902220.0,4.334031394204176,0.0,237.0,237.0,1.0,1.0,17.0,41.0,16.0,19.34046853096137,18767.0,527.5462479183374,0.7251058777029604,186.37691093029636,128.3461110168957,0.9876848586916478,0.8074953745535907,1.4521430330348022,154.57970932837466,19001.0,2.369517531935242,3.1820391934855063,4.3489895241220005,0.28375568022021025,0.3719439182209096,0.5132101473288578,0.9435240492016939,0.9282920745752848,0.9000560021950279,0.7720852368842692,0.7647410630518221,0.7511509678993958,0.6702811081802325,0.5576517546089237,0.3975369107695038,0.5961366123639146,0.5848527898313508,0.564249860358434,0,benign
93.05529146860145,87.0,28.622406026423,819.2421267414157,1.167460549541024,1.4341059572482697,37885682.0,6.60105517995769,48.0,216.0,168.0,63.0,71.0,110.0,131.0,39.0,22.51000872620941,3997.0,243.19595949289334,0.7287343591492669,86.50260209244387,59.23667835692034,0.9815815324165029,0.844853096596914,1.4602878569800526,71.3381977646369,4072.0,1.7482683576779154,2.3259046741602982,3.572530308190053,0.4391045752789261,0.5799522317193022,0.8806022423915049,0.853856046153925,0.8116235591439104,0.7271238516834123,0.32164643410900257,0.3016466140253826,0.26792912119552975,0.8372388336771175,0.779321028713128,0.6409846876188464,0.10384225492996436,0.09130643300691864,0.07205477022467449,0,benign
22.67525433773417,15.0,24.39456160160246,595.0946357343772,1.8649638105069912,4.8290210011123165,67383217.0,5.84590197215138,0.0,216.0,216.0,1.0,4.0,32.0,57.0,28.0,18.11286857608348,60746.0,949.8792924010783,0.6554932111419564,321.0212270261014,242.43557287133714,0.9896870265074375,0.7741302408563783,1.3241506732036823,278.10826917674024,61379.0,0.29306101054048744,0.3958332960787934,0.6055681277078622,0.1427193849376121,0.186611937782223,0.26922797198087106,0.9381196709228433,0.9201862106817283,0.88806947973558,0.6267902825387597,0.6155567957002823,0.5959203808316532,0.9115387308821743,0.8804666048382489,0.8169252740139815,0.3929475501818469,0.37896984326972505,0.3551463858220558,0,benign
64.62602842183993,52.0,41.525879452833735,1724.3986643312792,0.9749147879806861,0.36139219548871004,23668599.0,7.102976621988757,4.0,211.0,207.0,21.0,32.0,89.0,125.0,57.0,33.870083150170245,4011.0,244.40916292848976,0.7412002456143596,87.39492631416566,58.66681488560112,0.9806845965770171,0.7948870392390012,1.4896824803695865,71.4630241029075,4090.0,1.522732335382695,2.073587790115412,3.2823433919022196,0.46442104325234335,0.61032381593164,0.9192618740286086,0.8328526745535733,0.7869590840662486,0.6967084751686535,0.3102796350422712,0.2922556686394595,0.2587138365955532,0.8818100736752662,0.8371173006788332,0.7350443556393816,0.09651164364664082,0.08558191045630581,0.06705084482612363,0,benign
22.80151567344127,16.0,27.80702554070905,773.2306694216454,2.6215591297906182,11.124153714348324,18769924.0,5.3955341557624665,0.0,222.0,222.0,1.0,1.0,35.0,53.0,34.0,19.799988309574154,14515.0,464.53405460951757,0.6943298246833135,160.6838651873615,115.63725685983535,0.9844682582745523,0.8108485559465952,1.3895509937781336,135.9451065387456,14744.0,0.41268239781137445,0.5520426185856849,0.860163458122223,0.15900999051954534,0.20629996811256046,0.30475086905928017,0.93717849359093,0.9202326824228408,0.8872337650876365,0.6094206176934907,0.6000102784467854,0.5821338383656314,0.8992713599800733,0.8636377514926286,0.7813484625109843,0.3714637621932997,0.3600754229169177,0.3389583567920609,0,benign
77.21905211035133,58.0,45.782292145882984,2096.018274130979,1.8519747619492644,3.2346361504911014,34177372.0,6.6616293810158425,29.0,255.0,226.0,41.0,48.0,91.0,145.0,43.0,34.08537234987432,2383.0,190.05382386916236,0.7234264092816428,66.62120352847404,45.99537880693095,0.9782430213464697,0.8332167832167832,1.448432543802314,55.082935970261175,2436.0,1.233846676039994,1.70377673579124,2.81626345377184,0.26852545938348693,0.3561275747050149,0.5493550403619222,0.9180411969909523,0.8973552361354876,0.8575903662699942,0.665120923387428,0.6593753286723846,0.6456582490436479,0.8988459577530464,0.8602255328827462,0.7685648254169289,0.44241397765468193,0.43482242775800717,0.4169696092883701,0,benign
25.700228782123897,12.0,37.49101557156305,1405.5762485871826,2.4107022796379307,5.465999764191578,93016898.0,5.82554151548876,0.0,210.0,210.0,1.0,3.0,29.0,72.0,26.0,24.7430223161233,45021.0,955.0508652763322,0.924579716055735,390.106689522707,148.6262195788093,0.9832274126973727,0.651138237250875,2.6247501324344205,239.42121364557855,45789.0,0.5576613081038572,0.8040534525244013,1.433120165295221,0.16166555495881496,0.21663693365591935,0.340085424193732,0.9420102082103928,0.9264809179083612,0.8966944333310667,0.7237032913883106,0.7170808653821593,0.7035668865124077,0.9165228520957108,0.8796881474928692,0.7857819187647128,0.5237915541123671,0.5142597286179805,0.4950820370819975,0,benign
61.7679174817713,57.0,37.26661498743932,1388.8005926220367,1.030579567923871,1.8035600149931232,146312603.0,7.081417964837469,0.0,255.0,255.0,17.0,34.0,83.0,108.0,49.0,28.90083821215354,28115.0,656.031529292576,0.7808287499906709,240.6691141622954,150.35685426557174,0.9860068738163709,0.8351899711849805,1.6006527626416502,189.20129439364072,28514.0,0.6793798375165501,0.8930278215292795,1.4229682768844276,0.3081085829709422,0.4026051585141932,0.598307448664177,0.8676179036345227,0.8294702242947142,0.7577226018838835,0.3161878880917909,0.29924805017865597,0.2705097103195584,0.937673153190486,0.9176725204798135,0.8672393390365374,0.10023488938488545,0.08972167977655904,0.07329780909823494,0,benign
50.37215354586858,40.0,40.31988332887035,1625.6929916537172,1.0332391701098973,0.23527428070427092,12797206.0,6.9421065784012175,0.0,174.0,174.0,10.0,20.0,70.0,119.0,50.0,32.02163548539623,3074.0,238.12489168102786,0.9141089618929212,98.49273473039574,39.93571371483664,0.9681889763779528,0.8005208333333333,2.4662820710727504,62.561476649100044,3175.0,1.2709911999550156,1.801351254953054,3.157018432703195,0.43699491115609523,0.584675839686163,0.9239771200688098,0.8371301870576037,0.7905827608022927,0.694619667331762,0.3751807713152315,0.354290053899621,0.31255283182244586,0.8838426773379366,0.8337141021363876,0.7028838228227023,0.14124261134646635,0.12606670079990503,0.09839741543987619,0,benign
7.009915492957746,3.0,8.0573796281255,64.9213664717318,1.286614378169603,0.7189559503425227,1012285.0,3.934426921233605,0.0,32.0,32.0,1.0,1.0,12.0,19.600000000000364,11.0,6.593611921444158,8875.0,549.9838020778234,0.9608542604576693,206.40618701963825,57.185723527317734,0.9159872019816286,0.7039181472081218,3.6094006386233377,106.30146264057034,9689.0,0.06977198058338636,0.088215756533661,0.11926460851267018,0.06977198058338636,0.088215756533661,0.11926460851267018,0.9651140097083069,0.9558921217331695,0.9403676957436649,0.8697578717821943,0.8607226920295162,0.8461659185997843,0.6104100020846532,0.5075431762760705,0.3350894672971192,0.7565865900003752,0.7409321656924148,0.7160736548128381,0,benign
26.904824561403508,22.0,22.373733481290554,500.58394989182193,0.9732023177666151,0.6545313982005143,47459819.0,6.139224345156664,0.0,140.0,140.0,2.0,9.0,41.0,59.0,32.0,18.26993371263556,38758.0,750.5168106668145,0.48131533517943553,238.6972398657027,209.22947272327346,0.9900125162839408,0.8596841451512732,1.1408394656779701,222.14458866883396,39149.0,0.2343833925540315,0.30990839175746615,0.47389736710838826,0.14346620460337497,0.18711661391342252,0.2752118565075692,0.9355292715188904,0.9163780906701694,0.878886925416649,0.5293328446301008,0.5169557479363309,0.4936323637296306,0.9253867278393256,0.9011121533383849,0.8479348708104808,0.28035078595341606,0.2673988891459713,0.24381099514335866,0,benign
43.28802387762716,34.0,31.45938162203317,989.6926920407184,1.5177899927093184,3.0439327152259645,23025771.0,6.651158280954647,0.0,196.0,196.0,13.0,21.0,61.0,82.0,40.0,24.216822375674127,8041.0,344.6934341759516,0.6771435830086908,118.30585314819913,87.05547019923108,0.9850545142717139,0.8130434782608695,1.3589709282765332,101.18359145244571,8163.0,1.0327171226108447,1.3915185688518334,2.149403003109704,0.34198942234549085,0.4530099946470258,0.6787242789506254,0.8719040677631179,0.8334456320922456,0.7599028303517072,0.3895344652746115,0.36940556273461167,0.33257761816040343,0.8503439171770264,0.7969157299691934,0.6800887530002032,0.15207630692452542,0.13676581794358852,0.11085044010752884,0,benign
8.288592805165521,1.0,20.55467385381668,422.4946172367751,4.408463438824737,26.574649684765088,23962967.0,2.616856037297739,0.0,242.0,242.0,1.0,1.0,2.0,27.0,1.0,11.580892229291072,48785.0,857.2935059634514,0.6146938109000795,281.8057671865139,222.27875704289974,0.9902165749893438,0.7455376245491778,1.2678034146651516,249.22879285890085,49267.0,0.31572304164029147,0.429687126736096,0.6772781971052517,0.08844526603690618,0.11880331076088702,0.18166586404965873,0.9690016875197696,0.9591665695669852,0.9401777351968292,0.8840943992672633,0.8796734338202302,0.8700748655984232,0.8308498935967445,0.7694602224323809,0.6344287476775118,0.7816286567886135,0.773835100059598,0.7570360121397226,0,benign
104.50471554609067,94.0,31.74962744647999,1008.0388429902756,1.5897664166466825,2.2240354294738616,39211525.0,6.514356368547281,61.0,240.0,179.0,76.60000000000002,85.0,114.0,152.0,29.0,23.540563821913157,3287.0,216.71067811865473,0.3589173473808095,67.22022795402212,62.741300264512184,0.9785650491217625,0.8419569672131147,1.0713872309089412,64.6926455135704,3359.0,2.8292897767315037,3.7426967266629347,5.616562731838192,0.5338943676001823,0.7049246135914968,1.059758538010115,0.8366164176835331,0.7886398290898455,0.6961362630021851,0.34874563784955587,0.3278221470115079,0.2932925044004241,0.7971209152246281,0.7284592710812867,0.5744391437043187,0.12201910814871524,0.10774340233798879,0.08621506588692161,0,benign
15.340233236151603,11.0,16.432048858350264,270.01222968321025,2.0057449906112876,5.6467665268191585,1733299.0,5.25779051128311,0.0,127.0,127.0,1.0,3.0,22.0,36.0,19.0,12.073653154722948,3430.0,244.46803743153546,0.8843406413352688,97.04846569526534,45.30631823208187,0.9730496453900709,0.8293036750483559,2.1420514727798894,66.08488207178408,3525.0,0.36710041872170174,0.4781009319109725,0.6964585634163828,0.18298288305151722,0.23720016686814338,0.34515668123607934,0.9237560516222165,0.9016325418564353,0.8578079806435611,0.679766788284673,0.6653111327624174,0.6367623233662303,0.7534881814124107,0.6779255073410874,0.527961510788657,0.46229387751755346,0.4428661727719873,0.4057278080484789,0,benign
52.68880672268907,38.0,49.86986054398919,2487.00299067693,1.2223667084958827,0.8363067822172763,156577622.0,6.9682183384720275,0.0,234.0,234.0,1.0,15.0,74.0,136.0,59.0,39.00896197500177,23395.0,600.8427124746189,0.7027905435655727,205.33578588518435,146.07522747323037,0.9763782813738993,0.7366647773789281,1.4056852036928302,172.5903796539052,23961.0,0.7263874361722871,1.0068496297144258,1.640220019592768,0.19325860529044264,0.2617012293101715,0.40756480820402585,0.9310546101842422,0.9088363154027369,0.8654863653051502,0.6132243255141789,0.606184735967565,0.5918011374483078,0.9410933334011182,0.9183473907481163,0.8669969737150551,0.3760703749126937,0.36749132923328925,0.35025789370197885,0,benign
80.28921668362156,66.0,46.01744854284662,2117.6055703935367,1.0729469021258908,0.5016466765917698,84183765.0,7.238188670291047,12.0,248.0,236.0,33.0,46.0,106.0,152.0,60.0,36.76793156084774,6941.0,353.8061325481597,0.8880312063052034,139.54669536834962,64.16122396457403,0.9777433441329765,0.6715363777089783,2.1749381752037475,94.00827452946237,7099.0,0.604960501574778,0.8453815803589393,1.4042353633112414,0.157954170447556,0.21165446184144454,0.3257260186969982,0.9453642767060464,0.9297570347796498,0.9006959480140795,0.7555216218519674,0.7528589988222236,0.7470726150565746,0.9407073887527576,0.9170710956830354,0.8620247278181639,0.5708174399415636,0.5668017152587167,0.5581246865398728,0,benign
127.4276905289527,131.0,22.47729685382764,505.22887385508994,-0.1470691412345888,-0.7636911210194839,173776066.0,6.390353367333938,76.0,201.0,125.0,95.0,108.0,144.0,154.0,36.0,18.999647069114566,10379.0,443.2914139223983,0.8877692394293916,170.05795339950092,78.27577095296232,0.9650395165039517,0.7316368250387706,2.1725490701547048,114.95631011304361,10755.0,1.0515612080634633,1.4374518296442567,2.362592462037208,0.2892942102441218,0.38935765212971296,0.6168420442215062,0.9016300220337392,0.8695749106598225,0.800637029058388,0.37553411138472,0.35932794915004185,0.3274625199382158,0.9517601427985828,0.93373348583918,0.8893451494420677,0.14128493886086577,0.1294108335304444,0.10757421023818023,0,benign
32.743258749282845,19.0,31.690798622327048,1004.3067173208858,1.5951213461318074,2.156630720359641,7238427.0,6.27934837490715,0.0,180.0,180.0,7.0,11.0,45.0,83.0,34.0,24.551834088258616,3486.0,225.53910524340094,0.5629582732962517,73.66105737333388,60.87978250128976,0.9792134831460674,0.8258706467661692,1.209942847147546,66.62216637836671,3560.0,0.9074695009336323,1.2188009053185427,1.9298331873274135,0.3710243642838732,0.49019875305935756,0.73309209330569,0.8530991784691312,0.8091379495198695,0.7275907398268819,0.5064166225434619,0.4854103226111906,0.4468191372252357,0.8582388613320167,0.8083595256501049,0.6897089950476778,0.25670607183031413,0.23575632060720814,0.19972459248808522,0,benign
37.29630117802125,28.0,33.505040624576814,1122.5877472545428,1.7664876219578782,3.6483518211156287,152563063.0,6.607967356484899,0.0,214.0,214.0,6.0,15.0,48.0,82.0,33.0,24.429644520539576,60695.0,972.6610383315985,0.749148432264462,342.16852643618046,226.65317225136016,0.9882764796873728,0.728351653626458,1.5096569045886234,277.99150017167915,61415.0,0.4623485539514857,0.6482245132437773,1.0761575746126266,0.1806839785327804,0.2420044458931811,0.3717441443180936,0.9258079401602197,0.9028864504301155,0.8573894684374981,0.5094417797430436,0.4971160200399801,0.4733270691766684,0.9325726870516591,0.905453288994951,0.8429573468858007,0.25963988255366943,0.2472422393837066,0.22413296981603092,0,benign
70.96040055563618,62.0,38.20167308223598,1459.3678262820326,1.7532171243832622,3.966744110322116,313261097.0,6.9433193236313375,3.0,255.0,252.0,34.0,47.0,83.0,117.0,36.0,27.13386102878762,48233.0,872.517856687341,0.7900475247359966,317.9116567796186,194.89434263134177,0.986359918200409,0.7777759860676622,1.6312000260621928,247.8147755102813,48900.0,1.3223897181082707,1.7565701799764954,2.423323291085751,0.35398936156099897,0.45728392400483264,0.6395401820023559,0.8702772206424709,0.836123708342452,0.7743003738401127,0.3246154630411407,0.31010868233901523,0.28633768770830453,0.8959569366052066,0.8615424321995194,0.8078000626743354,0.10559240754970138,0.09631199372937176,0.08209132399353931,0,benign
43.760982995905366,27.0,47.922252667744964,2296.5423007511895,2.005640878938233,3.635630636578858,592449403.0,6.795497162949299,0.0,250.0,250.0,6.0,14.0,51.0,108.0,37.0,33.73797063417059,118439.0,1417.9392129246505,0.8770599128182084,561.077564966557,269.53100416929624,0.9897547319600551,0.817311076300953,2.0816809802487,388.331325595667,119665.0,0.49697861039550606,0.6904093256633437,1.1801746567551685,0.1731040092832356,0.22919475055395738,0.35019016593213026,0.9290885738784767,0.9084213027837709,0.8684237129905852,0.575664884726226,0.5659617732053709,0.547999321241465,0.9580302614605103,0.9417040804937452,0.9004400702720514,0.3314797743517395,0.32040843245645934,0.3003851935713837,0,benign
17.055055775458797,3.0,26.589086417938656,706.9795165406099,2.228391033726122,5.4524179050062,11092150.0,4.727630602500981,0.0,176.0,176.0,1.0,1.0,23.0,55.0,22.0,19.395473310922757,11116.0,419.56349186104046,0.806277794211305,154.960693283128,91.66499622208256,0.9804198271300053,0.7959899749373434,1.6905110965989127,118.96777201946782,11338.0,0.5766500086665846,0.7968170579929973,1.2923580513984305,0.19230160486781345,0.2555880332223328,0.3881563627791623,0.9295890270609092,0.909754145062396,0.8716011166292866,0.7372579457014029,0.7288462753031228,0.7115422808313479,0.83532720711054,0.7711865384637895,0.6241787753874737,0.5435937861059117,0.5312597619220486,0.5063537166704998,0,benign
71.13075443705698,64.0,36.2741868331332,1315.816630405054,0.8794458167570858,0.26719848637652577,580129601.0,7.046199747721873,0.0,214.0,214.0,32.0,43.0,91.0,126.0,48.0,29.020971308340332,90993.0,1396.146319705837,0.8204650926360872,456.3087776802251,260.87018844869766,0.9245940618204727,0.777239647396474,1.749179468891142,340.3760947747163,98414.0,0.6349798767382525,0.8879538846382011,1.5072160223563171,0.2758076987954397,0.3664101634649099,0.5564344216970284,0.882310343911769,0.8472912827537009,0.7810277806081998,0.31929111943309024,0.3052360242393146,0.28204229340738324,0.9468445870416611,0.925589462722203,0.873272304010738,0.10214536450104904,0.09329805251243173,0.07963151885511066,1,malignant
69.96635582373378,60.0,42.65375489487663,1819.3428066322117,2.031764699340165,4.651935070414522,36722332.0,6.9185183365085585,0.0,252.0,252.0,32.0,46.0,78.0,116.0,32.0,28.574258187765608,5469.0,335.7228714274745,0.5974381125136113,95.22407462896189,76.36161585392571,0.8939195815626022,0.7011538461538461,1.2470149245023665,83.44667201366754,6118.0,3.307398905807998,4.640786909651831,7.054841146226847,0.7803167623622176,0.9922371750392094,1.3814056532233512,0.7622032805030544,0.717287968864565,0.6372658924249044,0.3374015862051144,0.3211569260990643,0.2897760702513629,0.7712328224312103,0.6785886505036657,0.5087371837554967,0.11401569515403336,0.10323050618975754,0.08405015650599224,1,malignant
97.75875290715948,90.0,46.37112225212173,2150.280978921219,0.7225632165364273,0.045598224432175094,186247534.0,7.402409282314977,21.0,255.0,234.0,44.0,60.0,127.0,163.0,67.0,38.17556153659959,15909.0,665.422402257836,0.9129138491187242,229.19275927378385,93.54555298983124,0.8376684919966302,0.5617584745762711,2.450065790927528,142.32346228641188,18992.0,1.1380952671367852,1.6093815990323441,2.7891369849769885,0.32189052018210806,0.43168163418099326,0.676416828162664,0.8846280272943308,0.8516130403148402,0.7875207921199103,0.4468816219202185,0.4391506543340025,0.4228341548231385,0.9487516133860351,0.9275437194509573,0.8744316551074142,0.19975995359049487,0.1929118919928129,0.1788769830970089,1,malignant
41.12565116516613,37.0,30.760747593368198,946.2235925029074,0.8483034172563655,0.6419514092731613,180753444.0,6.621655650489313,0.0,196.0,196.0,3.0,17.0,59.0,82.0,42.0,24.58142388449341,68531.0,1638.2123368838193,0.8126913788391527,416.6489495602833,242.77899500534215,0.7745628807486692,0.6079970900315838,1.716165558520066,295.39190787874577,88477.0,0.3315501708103139,0.45342426999612767,0.7417680567418818,0.149150913867608,0.19617853195668145,0.2956457153167149,0.937715379648457,0.9194243155480006,0.8832242287762253,0.5518859540557209,0.5441576092950293,0.5287103971309961,0.9423740706672932,0.9212235595485501,0.8713005332155283,0.30463463639220445,0.29615707034023286,0.279586521906919,1,malignant
37.19564263322884,30.0,30.97484974033857,959.4413164365524,1.0596688377519516,0.8815427341031499,149480666.0,6.592952807674353,0.0,203.0,203.0,3.0,13.0,56.0,80.0,43.0,24.838241359656447,63800.0,1386.714862200761,0.7210357527102629,361.82714744123246,250.70925587020164,0.8391645183353501,0.5653021442495126,1.443214157312801,285.0134785481265,76028.0,0.3241968339928737,0.44633771967379426,0.7332179038665083,0.14406436539817102,0.1905914950061751,0.2894835721020889,0.9404510994921831,0.9226649756914337,0.8872713441319713,0.6122271545678977,0.6047001428154111,0.5894700651363507,0.9376629386380482,0.9142304858702084,0.859408085892537,0.37487061853838055,0.36570735478841343,0.34751763582948897,1,malignant
75.60090970350404,55.0,68.3545430339512,4672.343553380287,0.7917467433766645,-0.5400250050495194,554960023.0,7.545228684206869,0.0,255.0,255.0,5.0,16.0,124.0,187.0,108.0,57.747711431419006,53424.0,1150.3940110268397,0.6506344829785271,313.19604192124285,237.83827169527365,0.8637113202056456,0.7162162162162162,1.316844592288831,260.80941209613457,61854.0,0.9423849681983143,1.2999640831267951,2.151569269205319,0.240264966672369,0.31899978784688143,0.48071747510188556,0.9098888337549593,0.883114926993078,0.8348573415662704,0.46872259871392846,0.4605848610168756,0.44501801216791426,0.968118260638731,0.9560431825559645,0.9273774386630009,0.21973130852595113,0.212154413373869,0.19804644424780848,1,malignant
60.80597392201883,55.0,44.480576461433714,1978.5216823414512,0.6520738707876587,-0.20317810581541007,269451438.0,7.252927848738459,0.0,245.0,245.0,8.0,22.0,90.0,125.0,68.0,36.85725244347057,47473.0,1342.6904755831215,0.5356302520611292,296.54817745775904,250.42088640285354,0.7765654648956357,0.6087999179255688,1.1841990567060778,245.854633690749,61132.0,0.685843465202646,0.9397359173224369,1.5410501578891382,0.21272725404881432,0.2821798057514455,0.4264113943979688,0.9193308196094059,0.8950677673112637,0.8497417555235642,0.5132921845467892,0.5048739624351201,0.48834812441846837,0.9472863166952329,0.9277933946908739,0.881733783866509,0.263510105115959,0.25493127705553975,0.23851172512794175,1,malignant
83.17487922705314,78.0,30.106586427399332,906.4065463104656,0.9012985288087674,1.2568646301105133,56688264.0,6.822513738796014,24.0,220.0,196.0,48.0,62.0,100.0,125.0,38.0,23.514036200211372,7245.0,395.0782104868019,0.5593370072996564,111.07337029863278,92.07319901426983,0.8610648918469218,0.646875,1.206359412812606,96.04488795144827,8414.0,1.1394643100893103,1.5701354222132282,2.616218011511803,0.3622233028483029,0.48098553259395094,0.7406874956460492,0.8674521280517553,0.828984932438235,0.7537330304096286,0.38680195127106654,0.3732764166082127,0.3476758291687393,0.912729164498539,0.8796018809964534,0.7984544725730527,0.14974019645751444,0.13938068483746013,0.12090010200810192,1,malignant
105.58724202626642,105.0,44.39583027910498,1970.9897461710946,0.2283402169362726,-0.6039152487000918,286703830.0,7.433377749094756,9.0,249.0,240.0,47.0,69.0,140.0,163.0,71.0,37.0102273858012,21853.0,855.8132752230962,0.6579646871873632,207.06285976856933,155.92843466824655,0.7711553391206154,0.5808878256246677,1.3279352172624346,166.805586750257,28338.0,0.6625653351415793,0.9764316677956444,1.8366577648396794,0.31536593055869017,0.42095653899565294,0.6571360937203918,0.8673761247002199,0.8308039814302631,0.7609638439753883,0.42753411898430216,0.41990046746150234,0.4043599601147646,0.9725148124014626,0.9595089628823947,0.923913104675891,0.18284000197677747,0.17634580727767196,0.16354166823843566,1,malignant
107.33773269915268,105.0,44.967986929476965,2022.119848489611,0.4495637918982682,-0.15979288449437323,429965771.0,7.454873308620272,16.0,255.0,239.0,50.0,74.0,136.0,169.0,62.0,36.169764964670236,31747.0,967.6427483683689,0.8789865202444973,306.3748945698355,146.093832357634,0.8179686694836649,0.5288698607316585,2.0971103955972454,201.05107765616978,38812.0,0.8599284810520117,1.2328720237015318,2.1939019807622824,0.278158659582352,0.3719372338162204,0.582182746942073,0.8939467808133497,0.8645225113196978,0.8074011351363382,0.47862779076219875,0.4727910426999966,0.4607320241723584,0.9649788337792343,0.9498141191707804,0.9108161931930302,0.22911658177217475,0.2235608165000889,0.21231508441276173,1,malignant
51.30983890127754,49.0,22.510377614077008,506.7171003283393,1.435410267584371,5.17721090308479,150638630.0,6.378829060671251,0.0,213.0,213.0,26.0,37.0,62.0,77.0,25.0,16.38696106277027,47983.0,1111.9797974644666,0.9138468604431791,404.15863059999657,164.11225146160174,0.8770265577306209,0.6387853453325523,2.462696276484634,247.1717076751045,54711.0,0.37372185313699274,0.5116330537472367,0.8544203427178085,0.21810012116420152,0.2851460698299043,0.42699176972470876,0.9013959645592833,0.8737569979157966,0.8198266679146528,0.4393755315254529,0.42703399951095705,0.4048643037687906,0.9300091288350895,0.9039381960695446,0.8388006845511167,0.19326223594246913,0.18253182915352628,0.16408930293024454,1,malignant
95.81044448873828,89.0,32.8404728636005,1078.4966579048812,2.216319801246805,5.900935830245656,205860312.0,6.530623592397072,33.0,239.0,206.0,67.0,77.0,103.0,129.0,26.0,21.71909442517724,20068.0,764.1208870676711,0.9537706069729373,297.2923624524919,89.34692982356121,0.9068642957205477,0.5565632193471448,3.327393152059876,159.84796271377763,22129.0,1.3574415114047247,1.9023929979774223,3.235767743473457,0.35129441709436154,0.46629795007613845,0.7188686810169806,0.8839638881639931,0.8522799337113021,0.7915118218546214,0.4737067327954059,0.4638131824147408,0.4451999530589563,0.9224375011525227,0.891294478722741,0.815043373915745,0.22451011171098192,0.21522039039132007,0.19832346339320917,1,malignant
62.53188908145581,55.0,27.983591479626334,783.0813920986155,1.4870930720598616,2.410916214272059,54160896.0,6.526483195683548,12.0,194.0,182.0,37.0,44.0,73.0,103.0,29.0,20.822497739758326,11540.0,586.9371208835975,0.7345094092004272,167.63030911700758,113.75367676521431,0.7591605815406881,0.5072527472527473,1.4736254148777428,121.21544598871786,15201.0,0.6064607683593248,0.876867110124746,1.5637124160587907,0.2561660781969523,0.3405142233822196,0.5247283621761047,0.8987331740493603,0.8710933358420043,0.8179069746050416,0.5154092810277658,0.5064053368362346,0.48823659498668426,0.9238601916463309,0.8899418312813003,0.8039366579804508,0.2657127337184946,0.25648673750157547,0.23841492510849663,1,malignant
70.81559725811888,60.0,40.41297989847695,1633.208944274702,2.2519267681067645,5.932978550731219,59161066.0,6.716741035973807,11.0,236.0,225.0,37.0,45.0,81.0,113.0,36.0,27.390185000666918,8899.0,405.9066376115481,0.7403875747120621,134.78428702347858,90.59933080694151,0.9015297335629622,0.7719465648854962,1.4876962757119143,106.44509715622516,9871.0,3.485817140874394,4.602865388739236,6.378782941716187,0.5536505051936748,0.7165416572185568,1.0069393208754824,0.8588441561174629,0.822369720411366,0.7524608456896791,0.33489697361774845,0.31901353266722177,0.28902694948198693,0.743305775479127,0.6606285259358107,0.5264683251932862,0.11232919717446604,0.10192090028249065,0.08365293058510159,1,malignant
45.944232147122044,41.0,31.93366092874417,1019.7587003120021,1.9922378954437052,8.03953110293962,131079527.0,6.669601135764626,0.0,237.0,237.0,11.0,27.0,59.0,83.0,32.0,22.321460239876075,41869.0,924.3523804664969,0.7123439361384092,283.8852988416519,199.23937456007414,0.9241176860087845,0.6808963913418223,1.4248453623611206,230.88799557039889,45307.0,1.33476929570684,1.7327632581951058,2.2286950211220895,0.31612430254038343,0.40495158522628244,0.5500721250653451,0.8886991696493638,0.8599901450484557,0.810039347737402,0.45105485431743586,0.4393753584640326,0.4191037837046131,0.8094698781465531,0.7526724461293535,0.6819585587455581,0.20358624020722466,0.19314533955052765,0.17572599750040588,1,malignant
73.2563903950426,57.0,51.67555891013524,2670.3633886748576,1.8071178434227568,2.6809658654412587,41502356.0,6.952745295407157,0.0,241.0,241.0,31.0,42.0,80.0,143.0,38.0,36.45843205748431,5164.0,299.3797256769669,0.8725768351269332,116.8504836254046,57.07876020669767,0.9679475164011246,0.731859410430839,2.0471797775960323,81.0864292530654,5335.0,5.461868694731599,7.396950113100628,11.001834935631367,0.8428215802207744,1.1035298241687057,1.597796254229552,0.7906588324675785,0.7405994722063098,0.6487975098795487,0.32447226020263853,0.3074282875152788,0.27526926412836017,0.7191301755161437,0.6194446286043594,0.4315871128787314,0.10551746731571773,0.09468715484014381,0.07595399565594226,1,malignant
68.69323810020333,60.0,30.710832917457633,943.1552584839994,1.251619051872865,2.054425209292697,108601215.0,6.735062849571252,15.0,244.0,229.0,38.0,46.0,86.0,110.0,40.0,24.105694500194303,19181.0,744.2569260369921,0.45760375761564265,187.38910110883802,166.61818665006322,0.7754912266515728,0.5555201575532901,1.1246617483744348,156.27542259602166,24734.0,0.7872013263350353,1.081129326133421,1.8162751109011808,0.2645797753020121,0.3479541811909854,0.5307647067915204,0.8990758482125316,0.8716099055860621,0.8183805964402309,0.4726470750796918,0.4642929516171247,0.44764608897290414,0.9213800916732666,0.8919404251945111,0.8181732322124086,0.2234674967372698,0.21561297593005063,0.2004328766504282,1,malignant
57.9267900528798,46.0,49.32695973237282,2433.1489564391295,0.975672431354557,0.7330446653610605,162013071.0,7.1196568013380155,0.0,241.0,241.0,2.0,18.0,88.0,128.0,70.0,40.00942120624227,27988.0,780.9259735953042,0.6868376418857736,231.4663564444956,168.23226596342735,0.86526927595375,0.5415844266418979,1.3758737369370924,188.77348430870194,32346.0,1.6111310529523388,2.0852440309202476,2.7782061853224467,0.29781364147065204,0.37937424544567433,0.5182474820332207,0.9113696270735232,0.8900649742062571,0.8517114154406263,0.5791264372241967,0.5726578002319489,0.5594609196472615,0.8790347974705928,0.8433995918948801,0.7913103318368755,0.3354110859372748,0.3279552743392765,0.31301241714543565,1,malignant
94.86707852695594,85.0,37.0739962461208,1374.481197657379,1.0090468056164357,0.6180330577223678,214943957.0,7.033849231444343,32.0,237.0,205.0,56.0,67.0,115.0,149.0,48.0,29.473783728169842,20719.0,883.4528855298854,0.8622010645271792,264.3346082471285,133.9029804666222,0.6921792002138109,0.4607498665717844,1.974075612999658,162.41998069008577,29933.0,1.0136794760970267,1.4130869538103332,2.339140648563069,0.23008012884349316,0.31121501970641563,0.4870819143841833,0.9246811114527638,0.9008055820981856,0.8540925893465602,0.5478285481456204,0.5417178159535058,0.5288143063217163,0.9419904243676588,0.9191662017063654,0.8662851195880493,0.30014030914459133,0.2934846877186137,0.2796779675483811,1,malignant
102.43366219997056,98.0,32.22189180379184,1038.250311415268,0.3906500163294133,-0.3589809781228377,156612758.0,6.981746996159042,17.0,215.0,198.0,65.0,78.0,124.0,149.0,46.0,26.464916633600897,13582.0,549.303607231218,0.7381210075481629,171.42137377038338,115.65257485321563,0.8628422590686742,0.6479652688325939,1.48220974749545,131.50338207283104,15741.0,0.8184988893478717,1.1494734541611848,1.9843133669244148,0.311883960461807,0.4125162827615476,0.6257837194351082,0.8772057289532906,0.842639239459342,0.7789112399188232,0.38520472860189886,0.3738654058462045,0.35257624813901695,0.9564211245925667,0.9387344392465338,0.8938247586898048,0.1484725876068237,0.13980427698665046,0.12432767878057116,1,malignant
100.98437291304928,86.0,46.164587250603056,2131.1691160185424,0.9011167449216455,-0.040097779120725985,276921954.0,7.24532291900885,34.0,254.0,220.0,52.0,65.0,130.0,172.0,65.0,38.105202109015146,22461.0,786.9848480983499,0.8872817814068373,267.6490293788025,123.4471604844159,0.8026085402894407,0.5287927300122423,2.1681262519812337,169.110122152095,27985.0,1.0818873990439775,1.4803655895735843,2.436506302835453,0.24479348643435156,0.32658211819531235,0.5035158145353672,0.9165740790474061,0.8912951923731774,0.8428269061617123,0.4851510660164527,0.4789661565873237,0.4663360819790682,0.9525776424138162,0.9351080704347967,0.8931592865015614,0.23539883731051126,0.22943111759918638,0.21749477049879656,1,malignant
39.58366540318139,35.0,28.477406278564644,810.962668354433,0.8354419974386114,0.5824489359690164,73396455.0,6.616135055791875,0.0,167.0,167.0,5.0,18.0,57.0,78.0,39.0,22.882253284501193,30867.0,728.3574311003805,0.6301519838078842,227.3972212764385,176.56753281031783,0.9437429296480876,0.7397900488927236,1.2878767554662824,198.2450126165606,32707.0,0.3693301075279596,0.5018197028527277,0.802296103103566,0.19690037321445225,0.2588794952563646,0.3840961599133633,0.9144866524526308,0.8890311445517227,0.8405943815295168,0.463462310920589,0.45043906290490987,0.42617855858607445,0.932209387774406,0.907919597551026,0.8528562421611323,0.21491540616693525,0.20297468087982612,0.18167768304372536,1,malignant
46.66474248185275,41.0,39.536586834102735,1563.1416984905457,1.8636446144810976,5.672964526061191,108219605.0,6.829433317419854,0.0,238.0,238.0,5.0,18.0,65.0,91.0,47.0,28.702513482070323,28930.0,775.239682094289,0.44257021520785556,208.05776027170066,186.5724371883844,0.8844390094772241,0.5821862674072286,1.1151580769758733,191.92399544920968,32710.0,1.6976880334408329,2.192936720163048,2.7932805022672214,0.28815917463903773,0.37031985517854515,0.5032232140240879,0.9168921668860677,0.8948154521843084,0.8543450683703093,0.5541116058068873,0.5460027768391758,0.5298044900674979,0.8075775957618118,0.751124994936829,0.6817325325411274,0.3070772299398643,0.29814701845491254,0.2807135515615569,1,malignant
63.58105302887337,56.0,33.687472570877794,1134.8458082136435,2.479673500549072,8.226623535649354,27435022.0,6.58862545772386,2.0,244.0,242.0,35.0,43.0,73.0,96.0,30.0,22.245131155041378,5299.0,332.0071426749364,0.7713956121921604,109.09067194272825,69.42049084220409,0.8464856230031949,0.7349514563106796,1.5714477183789477,82.13949322677628,6260.0,2.711773367008263,3.604253561674013,4.860798150570514,0.6141952404994643,0.7515865318525289,0.9780034825703865,0.8157848087546555,0.7852600138527084,0.7279063974390552,0.3420427622497248,0.3274586756844074,0.2994353531268411,0.7289218805153952,0.6385585421896572,0.5066409598573368,0.11710888244421039,0.10732371572706328,0.08971940672631944,1,malignant
60.03127214741318,55.0,38.788612664577094,1504.5564724425908,0.7788405002465104,0.5964745746983735,230650418.0,7.1081217338260405,0.0,237.0,237.0,14.0,31.0,83.0,112.0,52.0,30.71883878585589,45152.0,920.9919907732864,0.8290455588484699,324.2218633776759,181.29872625074438,0.950488379925901,0.7213701431492843,1.7883295160566233,239.76928895061198,47504.0,0.6511412285288426,0.9136127330585215,1.533499673596851,0.25120777434303765,0.33493796580655344,0.5102222934036325,0.896866962862267,0.866114259553802,0.8076739045268254,0.3962479312066182,0.38497690613030416,0.3644323917489899,0.9420969042308144,0.9187236374036106,0.8634912599619977,0.15711699306657215,0.148294883625043,0.13288448159199853,1,malignant
104.50654897494306,94.0,42.75867230561209,1828.304057338718,1.2889631112257138,1.3323847030609928,44777729.0,6.981021948187427,36.0,239.0,203.0,62.0,73.0,122.25,161.0,49.25,32.75021485074278,3512.0,245.37972567696687,0.697085569188836,80.09058178708685,57.423981423364076,0.9276281035393555,0.6532738095238095,1.3947235946008512,66.8701523933503,3786.0,4.3742902448797425,5.961022319416099,8.85624443898836,0.7466553430274382,0.9923338208543961,1.4546818692873313,0.813200791176228,0.7614920587169901,0.6657508338185747,0.36043423213956044,0.3449627911558593,0.3125491749000861,0.809598752762217,0.7396560386787655,0.6084866054586169,0.13005106611049094,0.119080277527665,0.09775710803064555,1,malignant
68.93800352342683,63.0,43.05926606952741,1854.1003944463546,1.1431639699551739,1.9340851955554559,333756235.0,7.246929325016456,0.0,241.0,241.0,21.0,39.0,89.0,122.0,50.0,32.24179342305019,50519.0,947.5361466505706,0.8044123366042271,330.8501510941368,196.54860254337058,0.9617903514449987,0.7061150324970299,1.683299432368801,253.61937733634568,52526.0,1.4183405581244246,1.8843030246276125,2.6310145214826126,0.33591787163461784,0.4373887485286192,0.6234638027127714,0.884056585113999,0.852619429974307,0.7943429411673328,0.38197225484436936,0.3720119834135683,0.35408224175640346,0.9018757779235332,0.869463317650324,0.8168955198471275,0.1459881095406524,0.13845666833649906,0.12542387245239267,1,malignant
59.935862481712995,50.0,49.51524061360551,2451.7590530232487,0.9449267910531475,0.72225936186888,181781349.0,7.144765852286221,0.0,239.0,239.0,2.0,20.0,90.0,129.0,70.0,40.072432048324586,30076.0,772.8082245892127,0.7574784541136078,248.5062215524533,162.2398121420083,0.9127492337106613,0.5562521962677319,1.531721580982454,195.68840677836477,32951.0,1.6394445091995493,2.1444896947629397,2.917485902079123,0.3025335928897377,0.39128006687451033,0.5435785515932103,0.909695615090546,0.8859487990687345,0.8443080518384544,0.5608138185979187,0.5538188463454664,0.5403214055358395,0.8828720866879813,0.8468158413582643,0.7918188834741152,0.3145388210266578,0.3067396796762122,0.2919693337106042,1,malignant
40.20373378429496,26.0,44.96409407740726,2021.7697562019307,1.400646685227929,2.437796064726422,163500300.0,6.039707181814108,0.0,251.0,251.0,1.0,1.0,68.0,102.0,67.0,36.33107814937785,44941.0,857.9797974644666,0.4220053656094495,253.61592649037217,229.92650809274502,0.9499059415357951,0.6844501979896436,1.103030392598628,239.20839947615332,47311.0,1.5767851632196368,2.0113435972573996,2.5457468332363815,0.2610802703270107,0.3276753110787416,0.4337076093512713,0.9248677837920161,0.9078177578708366,0.8770219825992842,0.6079061656262004,0.6026579640302296,0.5922598039794638,0.8518466879154658,0.8109776306702707,0.760843473221078,0.3695617770694802,0.36320238729132054,0.3507727588015545,1,malignant
104.09053939998465,101.0,42.46300529103366,1803.1068183463528,0.6295370030125478,0.11477924818578078,164710366.0,7.228409474858484,22.0,245.0,223.0,54.0,68.0,135.0,156.0,67.0,35.28158524387235,13033.0,445.0609665440988,0.48357946006616376,138.21037644900946,120.97560691361402,0.9605689858490566,0.7436380235079311,1.1424648321682107,128.81820906429874,13568.0,2.5900027242244232,3.3962074715575135,4.853827047007224,0.5294185571892375,0.6744051867097829,0.9489236481859341,0.841272421664902,0.8045807944129619,0.7361260692022599,0.3033883442224547,0.2914421869699832,0.2686798300495227,0.8791936998364165,0.8412002426884253,0.770974232605024,0.09211924652882553,0.08497232945646244,0.07219861846501785,1,malignant
113.16987731381833,107.0,41.48216550207725,1720.770054741728,0.7115172204710767,0.11432284388621827,269991905.0,7.257103321512162,29.0,255.0,226.0,65.0,79.0,139.0,170.0,60.0,33.64938399558292,18584.0,600.0559159102155,0.84148558876838,212.7463350560683,114.94249648104113,0.941295649090817,0.6148349103420896,1.8508936343762044,153.82419737921035,19743.0,1.9969049510010772,2.699806958364947,4.026885437476677,0.44174366203728155,0.5714800712323934,0.8175772490749642,0.8610513733699567,0.8278621555676275,0.7669093717622442,0.40271745756073724,0.39478748442055234,0.37920899863299007,0.921756655679267,0.894119936464568,0.8415709083022096,0.16223082091572763,0.1558967507539038,0.14384310617470555,1,malignant
58.181935419870044,49.0,42.15601663639343,1777.12973864788,1.284518108075484,1.947340583924615,416305888.0,7.159566870134966,0.0,247.0,247.0,12.0,29.0,77.0,118.0,48.0,32.02424353676627,80644.0,1211.543289325507,0.6906559049613579,385.06690103929174,278.4740415461656,0.9461482506980783,0.6707812084109662,1.3827748500409331,320.4358435718802,85234.0,1.0903344971540074,1.4117323075194101,1.8935307652092954,0.27532436304223423,0.3515735154498582,0.4869025850109714,0.9003990890851108,0.8749313105240762,0.8283634430214003,0.44110033453826736,0.4323757496282309,0.4164915550686532,0.91050633709879,0.8841078021129514,0.8445032083104562,0.1946195695226137,0.18699059351778893,0.1734903957219261,1,malignant
59.5925764811575,48.0,48.81180736660554,2382.592538394607,1.074889679695447,0.7086096839821217,627476841.0,7.291170176940712,0.0,248.0,248.0,7.0,21.0,85.0,131.0,64.0,38.58936633647238,105745.0,1338.95750288788,0.7114078452047028,442.7938238429771,311.1863755496564,0.956959665523389,0.7195887092383908,1.4229216271466225,366.9314863268343,110501.0,1.044413655801267,1.3683956689448191,1.8755913865382214,0.2749682216442586,0.352916102132625,0.4925356053621006,0.8978789631359035,0.8716827195103702,0.8247178700883033,0.43902431093265265,0.4309471367245433,0.416511829849056,0.9329946923880557,0.9121988592524084,0.8795991760006553,0.19279014575138861,0.1857479359485835,0.17350232805651844,1,malignant
57.44966669886968,45.0,48.01438446425828,2305.3811154816067,1.1246893692005928,0.7613240273004669,580261049.0,7.241898733119153,0.0,248.0,248.0,7.0,21.0,81.0,130.0,60.0,37.77541326210704,103510.0,1309.5189027078675,0.6456860425663997,421.3163223664751,321.71840572887174,0.9579380870852806,0.7624203587080617,1.3095810337986677,363.03309115773,108055.0,1.0432604785678161,1.3549684885277988,1.8199736590383961,0.2820691137183133,0.3593864741688322,0.4963472058973114,0.8935440932647662,0.866908739882094,0.8191621109684982,0.4157487978184284,0.4066731831198346,0.39061924873120357,0.9314387163406921,0.9109405453744642,0.8803282618983629,0.17290763479416088,0.16542225724903242,0.1526062727408457,1,malignant
96.13362682895249,89.0,31.790628537573774,1010.644062814,2.061853900532268,5.409130960363873,158357308.0,6.597215500403426,36.0,246.0,210.0,67.0,77.0,105.0,130.0,28.0,21.66655366981381,15446.0,680.6000717874998,0.9696069158186003,288.8180661035314,70.66453775501621,0.9231412861582596,0.5094999340282359,4.087171235801784,140.23714917231925,16732.0,1.240746114748101,1.761997316044363,2.94159882318767,0.3519571380842482,0.46303863773960274,0.6896589069005583,0.8809167332681043,0.8512518904785287,0.7976764712327764,0.5084525189284479,0.4999717922209207,0.483374658951361,0.9273989752533849,0.8969063917580609,0.8279247937676971,0.25859785430036775,0.25005281105190846,0.2337751632478371,1,malignant
75.95021557740624,71.0,31.55000683214409,995.4029311083387,1.9720593952127417,6.214818886938607,218059379.0,6.69485382478406,14.0,244.0,230.0,45.0,56.0,87.0,110.0,31.0,22.079710056501575,32239.0,731.2691193458118,0.7755879146191552,259.31070607344685,163.6871769473998,0.9594654920984494,0.7511591602786645,1.584184606939463,202.60298537464078,33601.0,1.5882460979092514,2.0749968809637753,2.832924129622846,0.37450301110515133,0.4733849219096238,0.6466401903687637,0.8747519413278264,0.8461204277603924,0.7942166701114877,0.3499194574324457,0.3373615340871029,0.31575580034415013,0.8581442853097039,0.8142992253751251,0.7446611159365442,0.12256936009071975,0.11390793163007915,0.099759115899735,1,malignant
62.89011551396403,55.0,34.88020759227053,1216.6288816798865,3.0491576055782295,11.257456484604193,70739819.0,6.352691865185386,7.0,250.0,243.0,37.0,44.0,67.0,97.0,23.0,21.227228992796768,13678.0,459.16147160748704,0.6205754672751296,149.5691154753816,117.28413235567454,0.966848095002474,0.7486180285698648,1.2752715347869905,131.9673084248048,14147.0,2.398038351607588,3.1075217732704776,4.059605097043914,0.4444607498829355,0.5605704618009193,0.7480847174618143,0.8731966047558642,0.845075048765076,0.7956076813021025,0.3879119331155316,0.37480771901094284,0.3525813352693432,0.7669449017002687,0.6973443407729201,0.6013776302415936,0.15058200026865612,0.1405605271426711,0.12434251393334195,1,malignant
75.14678931540774,68.0,39.30861441025457,1545.167166854073,0.938988549743807,0.6620149547856204,609863202.0,7.180094547079266,0.0,242.0,242.0,31.0,47.0,94.0,135.0,47.0,30.414578226233115,84795.0,1191.625504425666,0.7373468328692455,404.70265105578636,273.382451566823,0.964741620588436,0.7306827288472972,1.4803534343054374,328.5792860114863,87894.0,0.6263795364437722,0.8703574693991188,1.4672043880632366,0.25647567292125617,0.3406503077564459,0.5168223575687368,0.8913370296554578,0.858625047005501,0.7965975452642593,0.34219318472353333,0.33026641847142046,0.30996131597300436,0.9555223659088141,0.938174817039273,0.8956464476678364,0.11722680992811205,0.10916407169285011,0.0961371751151939,1,malignant
66.2846944603084,60.0,33.279095811836875,1107.4982180534187,0.9246937142504614,0.7220606748048883,481626465.0,6.94655069038626,0.0,217.0,217.0,30.0,41.0,85.0,114.0,44.0,26.46684895406101,87550.0,1191.596067174143,0.7263016446781757,405.52965261771897,278.751396385967,0.9642282869666733,0.7293584478119246,1.4548076094880302,333.87441073188506,90798.0,0.4894975573903372,0.6804164858758283,1.130020077531238,0.23155194017680525,0.3065723582652007,0.4603673379808117,0.8989941718314807,0.8688641193417375,0.8120443334557065,0.3546364835134168,0.34259510867248943,0.32244151219214495,0.9526738819975207,0.9341701497434086,0.8904056003057212,0.12590727699685786,0.11746851676341631,0.10403196239940452,1,malignant
93.54628140081672,83.0,46.11273657881617,2126.384474787291,1.0156993092537545,0.6684986067930332,175798781.0,7.319753308308362,14.0,255.0,241.0,44.0,58.0,118.0,163.0,60.0,36.53041065265418,16162.0,608.3158005400378,0.6078479585140549,172.11375204938943,136.66751620925407,0.830780302251465,0.6745127498852301,1.2593610890378881,143.4506797544358,19454.0,1.660169036804996,2.293803764676558,3.796205176698826,0.3628486743139237,0.4867672333225042,0.7557749597249701,0.874990753552054,0.8376094845172469,0.7660835598705475,0.3576284473210978,0.3464418136570865,0.32497760658419467,0.9214680773078786,0.8913183442541786,0.8191485666389555,0.12797870030692754,0.12006064104900724,0.10563571210467398,1,malignant
58.89240258212895,50.0,40.37470977591468,1630.1171894893403,0.8106761711310745,-0.06242617627788194,195081314.0,7.060145912939181,0.0,179.0,179.0,14.0,29.0,79.0,125.0,50.0,32.198349453934476,38263.0,771.4112549695428,0.6681712535375083,257.6450137175576,191.68982529474474,0.9736875588467313,0.7432595182595183,1.344072453096555,220.72146406772842,39297.0,0.5873864397976074,0.8265072427387239,1.384854144607322,0.21074014322745294,0.28662002667585806,0.45621742439322466,0.9161190220264616,0.8878652493639699,0.8273474939985608,0.394454214679579,0.3825354369143368,0.3589018646162614,0.9501185575985707,0.9297431960091245,0.8819253356437438,0.15569427966132304,0.14643082481410244,0.12889616056029038,1,malignant
87.39810903238785,86.0,33.05506808488435,1092.6375260963396,0.31032164628096387,-0.26780144340705014,43402134.0,7.0161023685448995,13.0,207.0,194.0,44.0,61.0,111.0,129.0,50.0,27.109063022177192,4971.0,351.27922061357856,0.8360653019644818,111.80534255686835,61.33975835691342,0.8216528925619835,0.5512920039924587,1.8227222530991127,79.55673307067413,6050.0,1.6465654318361107,2.295194205045951,3.828949088418822,0.38360695984430515,0.5206918617392229,0.8210675779646648,0.8801640572535349,0.8423676294822945,0.7696681915579349,0.45265262897172365,0.4410527557053895,0.4162373317239777,0.8912297137062817,0.8483261231234733,0.7466064869529305,0.20499034926843057,0.19460798244412486,0.17337211951510867,1,malignant
46.42703924865209,35.0,41.318876395375156,1707.2495465762902,1.2136616964477895,0.9758149345724885,133256098.0,6.844687024296047,0.0,211.0,211.0,2.0,16.0,63.0,111.0,47.0,32.11373481449229,34498.0,916.7665940288701,0.6934051278415888,257.13433849885666,185.27761698876338,0.8744961849476539,0.6862815309938728,1.387832716536133,209.58105308990517,39449.0,0.42365730842858906,0.5993587905849425,1.028546550755992,0.2099341168430747,0.2782568913474833,0.4197789586129987,0.9097531644076204,0.8833304264095014,0.833759444910732,0.49602534825910627,0.48537488791609484,0.46570094819056673,0.9585426060211357,0.9413894250426025,0.8996923308679257,0.2461033504495988,0.2356256236928743,0.21689446146882,1,malignant
85.88382783117426,83.0,33.87144918714029,1147.2750700370266,0.3555019667921021,-0.17904185653605387,265151556.0,7.0892863061323865,0.0,217.0,217.0,43.0,61.0,109.0,131.0,48.0,27.404506191694555,31109.0,782.6417023478424,0.858602874740185,281.14866593085895,144.12841787636467,0.9331393604895315,0.6714365881032548,1.9506816911848164,199.0206245522463,33338.0,0.811888063904193,1.1324186058075667,1.8973924772580393,0.3081117767609702,0.4079914750089711,0.6182808539506303,0.8742671313435326,0.8383601457134487,0.7706623167553074,0.36978162942189063,0.3591318249192048,0.3401261912842516,0.9447752955155894,0.9229103961497404,0.8704654407339021,0.13685883506064395,0.12905417938060704,0.11575969628206317,1,malignant
76.68640399380708,72.0,36.10689512753549,1303.7078757508461,0.5318370117499696,-0.25275647296095727,227382634.0,7.1347402384009,2.0,192.0,190.0,34.0,49.0,100.0,128.0,51.0,29.190937107959535,31649.0,734.9137802864846,0.7841748316186056,256.9164935835015,159.4269488918775,0.9530821814677628,0.7543019209685876,1.6114997832502014,200.7405249353582,33207.0,0.7222674654654607,0.9983902788413254,1.672791933119391,0.29316288157289155,0.3882720095825501,0.5887964489611061,0.8779676843154932,0.8417107988418141,0.7726367487238592,0.32090392107870325,0.3071855172097272,0.2833227267175652,0.9441896744360264,0.9227503721898701,0.8698892871562264,0.10314967242765363,0.09447848866063044,0.0803588631412516,1,malignant
53.7220390140294,44.0,44.71091520179547,1999.0659381821456,0.8341892971864809,0.23463777425543153,87399743.0,7.041576419767835,0.0,240.0,240.0,2.0,17.0,82.0,120.0,65.0,36.69671206952068,17891.0,614.8782463805518,0.7323575545627337,189.2335368415324,128.8529507460193,0.8782151973296681,0.5375901442307692,1.4686007246704706,150.92888621750575,20372.0,1.24770638399253,1.6437777840464012,2.230338479607271,0.31220646316395895,0.38836399661879956,0.5178447384538861,0.8980814297354801,0.8775774904482165,0.8415276885772521,0.5838419325578248,0.5770183999392757,0.5632853514640315,0.8858134144823023,0.8496623323880325,0.7964711932205222,0.34089487118307893,0.33296801937844617,0.3173072346957367,1,malignant
70.90078257910854,63.0,30.367944746367524,922.2120681184308,1.0068622822917015,0.6806763074701321,174845020.0,6.758919315753657,10.0,217.0,207.0,38.0,49.0,86.0,118.0,37.0,23.82077866140849,29390.0,816.5655839020935,0.897243644399543,306.23953751782926,135.21571222014092,0.8522546034507757,0.542200903975648,2.264822131168079,193.44381670078377,34485.0,0.6082320367034155,0.8421043619546188,1.3726522334331084,0.2108533043331024,0.28079427302223325,0.4257751651326307,0.917969860497108,0.8932828181304687,0.8461760358547614,0.4854842713943075,0.47825027662265274,0.4648396177591683,0.941284066700328,0.9186755611139287,0.8671014612300502,0.23573246354949307,0.2287510960828552,0.21609759338285314,1,malignant
87.19906236047031,75.0,40.70264916158502,1656.705648771078,1.1984685690313255,1.2038455723300876,124441015.0,7.087126317626554,5.0,255.0,250.0,47.0,58.0,109.0,145.0,51.0,32.2131882670139,13438.0,621.7888886054567,0.9534135998420804,254.7603770934263,76.85259968784824,0.8806028833551769,0.5963697687835618,3.3149220472460925,130.80440742632152,15260.0,1.4590681438791315,2.0710182272513533,3.691484267212545,0.38381832459479276,0.5170016005661757,0.8227198616388605,0.8675647137136516,0.8295052062648922,0.7552168473264,0.423796374319131,0.41342928779300475,0.3924189922939264,0.9161889476413552,0.8809526720609995,0.7875385475913894,0.179715086108646,0.17103764137137317,0.15415447170617166,1,malignant
63.554207610998894,43.0,56.283463563640595,3167.828270719658,1.4402006630178465,1.4448529174897642,581594915.0,7.255385268689402,0.0,255.0,255.0,14.0,22.0,87.0,150.0,65.0,43.652174559549685,80699.0,1180.874241767195,0.5075568345620554,356.33016806286366,307.0205863652507,0.9479501938212146,0.675192436412316,1.160606760222102,320.54509514354277,85130.0,0.5250565011985602,0.727668272848821,1.1996060134016546,0.20411634665860234,0.2680695892915374,0.39514892836317644,0.912873129301853,0.887791344018489,0.8421703471527756,0.44426802890902817,0.433936852598681,0.4154889805182237,0.973366001424098,0.9631057121760728,0.9392809713039582,0.19746565505228808,0.18836662589566425,0.1726687137592916,1,malignant
82.3169385601818,71.0,39.567062299776204,1565.5524190343713,0.703430139552017,-0.5158468833560268,102777233.0,7.0680326359858245,19.0,217.0,198.0,40.0,50.0,111.0,143.0,61.0,33.55007754877457,12321.0,522.5340546095175,0.915713096834174,201.82845069518743,81.10127266017197,0.9083603656738425,0.6597237095737846,2.4885978243631603,125.2500875476019,13564.0,1.3111878202120173,1.8421332632212746,3.1960134592359317,0.3760704015754841,0.5041366865852798,0.7963919180151622,0.864428257324503,0.8249127180937816,0.7455268415374099,0.37370980177247337,0.3622061575934753,0.3396875688770455,0.9169187093362623,0.8829979852558526,0.7957585720758348,0.13980773941947333,0.1313270349445143,0.1155701747092196,1,malignant
25.5737459559157,8.0,35.0994450863937,1231.9710453727669,1.7648248312291133,2.936671771769362,124750531.0,4.972644160733334,0.0,196.0,196.0,1.0,1.0,39.0,76.0,38.0,26.888187122858486,66146.0,1087.77878733769,0.33885658942453223,307.1416219246326,288.9705206423757,0.9318963088193858,0.7089603429796356,1.0628821972631082,290.2063109686832,70980.0,0.292047468471528,0.40319303193355127,0.656332755248075,0.1189703038352207,0.15772711095324524,0.23714365991656353,0.9506541037485564,0.9358115907123641,0.9075839195524098,0.6934317384873,0.6879916137754464,0.6774242733420415,0.9516395508837214,0.9332425156857055,0.8914302615061915,0.48086331498942086,0.47334270016938024,0.45890738976276735,1,malignant
39.122081712062254,27.0,48.29742965046455,2332.641710841572,2.5458179760209814,7.1710516232661075,15885392.0,6.422492136970922,0.0,235.0,235.0,1.0,7.0,51.0,81.0,44.0,31.730818691426062,4112.0,250.06601717798213,0.4229680400559993,76.55490113856865,69.3698103117307,0.9578383414861402,0.7628942486085343,1.103576624969132,72.35717661677374,4293.0,3.6338989147770584,4.558821507675255,6.3869135903288665,0.5302938051650864,0.6797471081213845,0.9862389187586731,0.868762656674034,0.8309946685908395,0.7550275522282575,0.5127993786525982,0.495080597782278,0.45907257271634777,0.731560450943318,0.6613263745647565,0.5156123204606581,0.26310591810955913,0.24522328483807448,0.2108459536547764,1,malignant
61.26554959507881,57.0,26.932349904123146,725.351471358122,1.1782172502392483,1.8623924160283707,216241862.0,6.6245419565950865,5.0,190.0,185.0,33.0,42.0,73.0,98.0,31.0,20.21378300397783,48281.0,893.352380466497,0.6623580771290154,288.1871034672818,215.90615009585434,0.953416271721959,0.7391796928824043,1.3347795018314088,247.9380536734093,50640.0,0.5332423267854001,0.7433358735052095,1.2299853498816329,0.25683937105308063,0.3382940986206515,0.5041263934874809,0.8893424537604904,0.8573817001412961,0.7974446136009125,0.3662076912944673,0.3514194958122799,0.3266835361098632,0.9299141617094319,0.9021974831583033,0.8375460884656255,0.13432149738578628,0.1236201504949926,0.10679239077777011,1,malignant
48.54265064291117,44.0,23.044848801637585,531.0650562903372,1.0669795312944528,0.9812076959340787,34357815.0,6.374896560653046,0.0,138.0,138.0,24.0,32.0,59.0,81.0,27.0,17.64814000482999,11899.0,561.9726547895301,0.8423394878122122,182.0553162554858,98.11822031808553,0.8030640480529122,0.4842897842897843,1.8554690012241146,123.0864628738827,14817.0,0.3778559225439895,0.5190903692331486,0.8344392427530551,0.18323920609814554,0.24390647365721138,0.3675831899802682,0.9235550725203523,0.8998170544937398,0.8541896593959202,0.545310983385951,0.5359618874345138,0.517833333467107,0.9200573557187095,0.8902827623965711,0.8241897662316455,0.29741717690625036,0.28730069174392975,0.26818634624237575,1,malignant
138.06337535014006,128.0,38.45772137952339,1478.9963337050508,0.6175013921669346,-0.5979261440251533,58663645.0,7.038444729700638,76.0,252.0,176.0,95.0,106.0,169.0,197.0,63.0,32.546804506116175,2856.0,217.09545442950497,0.4430948587255452,65.02985742298452,58.297624043587895,0.9150913168856136,0.6868686868686869,1.1154804074753215,60.30233942197952,3121.0,3.3059596765241936,4.618373746319854,7.612689614538755,0.585526973026973,0.7920702161898122,1.243465558244052,0.8291556873885388,0.7803599998632316,0.6855851378160827,0.33972712408816913,0.32467480395652587,0.29536819532173114,0.8954934909458279,0.8532309758431224,0.7533163687530393,0.11554286788752599,0.10544832219709768,0.08725519273662029,1,malignant
60.518276686293945,59.0,22.408764245090858,502.1527149920625,0.7443329051961587,0.7674648388564949,142871266.0,6.427634443214256,12.0,190.0,178.0,34.0,43.0,74.0,90.0,31.0,17.878408784878264,34306.0,757.0203820042826,0.4796682414966604,224.41134185557036,196.9097160032074,0.9689591865555712,0.7597555033884041,1.1396661699106558,208.99702347565741,35405.0,0.421872389296828,0.5796737262055539,0.9566741736609409,0.20298234139646668,0.271350703140005,0.42028960101546137,0.9132854440671311,0.88555001885656,0.8281268105740491,0.3737452207517119,0.35839819798695816,0.3298773769683346,0.9317803695689708,0.9061043708709906,0.8440986643867658,0.13988037573266146,0.12861785395754757,0.10894545484125691,1,malignant
49.500159574468086,43.0,33.39046637373289,1114.9232446553872,1.5580884170458063,4.427596593698846,134051108.0,6.828056983041524,0.0,249.0,249.0,13.0,29.0,64.0,91.0,35.0,24.29822041647805,37600.0,897.1097397793778,0.7993396346858749,287.2735838208755,172.61680140948536,0.9212073696589572,0.7317880150250092,1.6642272448288438,218.80083839428522,40816.0,1.205165162535105,1.5975896669817016,2.222334664183762,0.38164800758059225,0.4822861211552714,0.6573243577047435,0.8567442069002383,0.8233386237251501,0.7659581455012103,0.395814445609209,0.3822628507977075,0.3599555426865107,0.8496940194278425,0.8005323451169781,0.7218881732118486,0.15683102017072706,0.14624732081853062,0.12967143384372226,1,malignant
51.91892870422921,44.0,30.3470778978588,920.94513693871,1.6325514720197032,3.437132845440251,369586675.0,6.653174597916485,0.0,225.0,225.0,23.0,32.0,64.0,91.0,32.0,22.40340535324645,102194.0,1382.7737367038067,0.7877421134614457,468.30484402240205,288.478202473842,0.9204510655161854,0.7639530537489722,1.6233630132414112,360.7179535796149,111026.0,0.4577164264114004,0.6340576839163387,1.0538986716041232,0.23885723615977683,0.31305449187844026,0.46440998753524176,0.8943467880521296,0.8642044081138691,0.8075320793528762,0.37182057286722614,0.3565481519574783,0.33113811963174977,0.9380854765425921,0.9141207697583535,0.8567554973671414,0.13853874570334698,0.1273404002354795,0.10980494041708926,1,malignant
55.18590006844627,55.0,30.732458992642957,944.484035734481,0.3627865855872361,-0.3030091790495759,174880280.0,6.896284596774404,0.0,193.0,193.0,15.0,31.0,75.0,96.0,44.0,25.136418403317027,43830.0,1049.0924958366745,0.7192128013133084,307.6935567712971,213.7823625385693,0.8056096754034482,0.6022341609530222,1.439284107059042,236.23312478512022,54406.0,0.3636350498559504,0.49831638195335853,0.8145231086359216,0.17479472549346403,0.23009101415077665,0.343822981606259,0.925044741888749,0.9028063080212241,0.8601785405652296,0.4846060883813636,0.4758850869221589,0.4593211519899496,0.9529505078271423,0.9355436685933307,0.8947592174448815,0.23489111398587423,0.22649235797440218,0.21098829404355235,1,malignant
86.26927635683094,86.0,52.559858538494474,2762.5387295865507,0.16900312711696358,-0.7963006020931251,981509857.0,7.564594012571558,0.0,239.0,239.0,13.0,43.0,124.0,159.0,81.0,43.87407042731663,96180.0,1646.8641404994282,0.7748101039343003,476.0391176684678,300.94909248098594,0.7907003510387294,0.4991825613079019,1.5817928332797484,349.94310882288846,121639.0,0.36344432744666133,0.5080592070687121,0.8611955822364856,0.1444074114919875,0.19418108102498843,0.3043295255104869,0.9393829017025659,0.9199020360690584,0.8795673632430121,0.5625485423315132,0.5580440239390743,0.5486298056305138,0.9820212928419132,0.9748781500416472,0.957477428527397,0.31647532483748286,0.31142955631268365,0.3010132956462105,1,malignant
22.65787058117768,12.0,26.320131361783275,692.7493149015274,1.4952356623049852,1.735758334086393,166876309.0,5.6240064253101085,0.0,138.0,138.0,1.0,2.0,33.0,63.0,31.0,20.44346497406051,138357.0,1646.5209947489204,0.6162532420185927,497.58123315353225,391.8691332487677,0.9047671985351818,0.5986370716510904,1.2697637832006943,419.7160989179744,152920.0,0.11079502848444187,0.14934515388084035,0.23667251231826109,0.07350131875371128,0.09561802572103136,0.1395925341760473,0.9660737644689821,0.956302948315842,0.9377746560055379,0.731963357895532,0.7274039562889179,0.7185023099721196,0.9639355826560531,0.9514001903112709,0.9230775811309876,0.5357888498184367,0.5291334699045589,0.5162603513245899,1,malignant
89.66503600096462,82.0,35.8544368185896,1285.5406395782331,1.2110684542207684,1.4646322608001459,541374410.0,6.980441956181779,24.0,237.0,213.0,51.0,66.0,105.0,141.0,39.0,27.043773461175913,58054.0,1053.0275246792191,0.8685537510032618,389.8554215762221,193.21038884299793,0.9490134536478512,0.6640966391361047,2.017776703989852,271.8761639608282,61173.0,0.7424019717279746,1.0151507049074726,1.6657322372270318,0.2655279250901409,0.34808259397679164,0.5172918214240838,0.8923916024005976,0.8623024724353693,0.8073049903852423,0.38612524867180625,0.376537788287009,0.3605957766365465,0.9544299021250107,0.9375980108205891,0.8971846806056484,0.14918415703605306,0.14183440431139926,0.1300679053223755,1,malignant
59.63656636146601,53.0,28.739907348722138,825.9822744131328,1.0268728410217192,1.0060246387713567,167047841.0,6.719590487388311,0.0,199.0,199.0,30.0,39.0,75.0,101.0,36.0,22.43278094425577,38117.0,877.9381669041239,0.5318676539371296,246.09428875092163,208.3994089735226,0.8836265850661845,0.6981135531135532,1.1808780550917406,220.29995852625618,43137.0,0.5137497781294773,0.7163035372582642,1.209589408441667,0.2521310371874281,0.3356187228561974,0.5092532394178688,0.8924085900919523,0.8596510550122495,0.7977168838659684,0.3836710629171102,0.3700638963984087,0.3464409613937615,0.9357317790248522,0.9103273105548405,0.8481480615133158,0.14732416639315446,0.1370301286868147,0.12007150145997002,1,malignant
72.16061020496204,67.0,32.10006968035654,1030.414473483745,0.9567586563790013,1.445192303132627,679564336.0,6.936414063640159,0.0,245.0,245.0,37.0,50.0,89.0,115.0,39.0,24.714495770483417,108947.0,1560.7564927611036,0.8505237466004583,536.2224985973884,282.019062861984,0.8870677512070805,0.6981320688218897,1.9013696916644525,372.4454707474126,122817.0,0.4886197504066604,0.6794444247724607,1.1613481767846587,0.24901453998717393,0.3258778984276753,0.48698758713295054,0.890192269037613,0.8596376483674634,0.8018998279120816,0.3719176533966993,0.3609720700931675,0.342443033699555,0.9559922083104508,0.9387795212185852,0.8952245835708272,0.13847601360334857,0.13039755719243595,0.11734414022719185,1,malignant
105.8681861348528,98.0,41.166515037559634,1694.6819603376237,1.2038535960984678,1.3996256343641882,67933004.0,7.000064528732622,35.0,238.0,203.0,64.0,75.0,125.0,159.0,50.0,31.77447095036206,5265.0,296.59292911256335,0.7262450849548353,99.97337224360443,68.725282213558,0.9464317814129067,0.6664556962025316,1.4546811453308497,81.87555314641014,5563.0,2.625783701179272,3.61303468532673,5.752624937625775,0.520091850835522,0.6875792777646307,1.0433725527015785,0.8508816929705122,0.8111617796120228,0.7315469760144216,0.36207279286466637,0.3493144390646321,0.32452410078450245,0.8844939855835279,0.8408754552504659,0.7453435847862843,0.13123539165002732,0.12208567182052453,0.10536238370648116,1,malignant
86.09243163639513,88.0,29.8397291292111,890.4094345046894,0.1678616915972311,-0.28761276960303395,287517513.0,6.872910168928094,21.0,229.0,208.0,45.0,62.0,107.0,123.0,45.0,24.444270573542063,34631.0,922.0681092190351,0.8312902294922798,295.67507593948073,164.34762162174175,0.8529172721227496,0.702141032399335,1.7990833881368777,209.98466294880544,40603.0,0.7933597347579733,1.106271480994503,1.829566322838137,0.353961855355303,0.4610557855440146,0.6653776957913792,0.8515906347144075,0.8128598593048717,0.7488511745745867,0.3454505837293231,0.3335356347166993,0.31461468872559384,0.9400383253231077,0.9162787176072332,0.8608978388172042,0.11949354459214634,0.11132040950685035,0.0990397464817564,1,malignant
68.86303795249364,64.0,37.484867292437926,1405.1152759316826,0.3655375328949859,-0.8422529689512737,350668922.0,7.109001868127271,0.0,202.0,202.0,22.0,37.0,100.0,121.0,63.0,32.234207746995146,57045.0,972.9087296526012,0.655613800929395,314.29932798103937,237.3262849909232,0.9435788011115522,0.7382172528923053,1.3243342514423133,269.5031536539366,60456.0,0.5067413158209295,0.6997835488930029,1.1541300411637756,0.24853125131205767,0.32916247660146386,0.4889428225976562,0.890757050497697,0.8577600035344123,0.7982107785681585,0.34519557430803305,0.3323809884164358,0.31088422229548884,0.9586312122531773,0.9428538364615476,0.9056509848977513,0.11926632855221478,0.11055101039488918,0.09669071981875813,1,malignant
32.01399587274993,27.0,21.502020130248525,462.3368696816127,1.153410706877496,1.4598794833375708,72789635.0,6.250228987711816,0.0,154.0,154.0,9.0,17.0,43.0,62.0,26.0,16.623042498597286,48943.0,1315.0519112968586,0.9153774259266553,423.32363993023984,170.42873477411428,0.777564184036604,0.6018938695197688,2.4838748025167923,249.6320553093554,62944.0,0.2598235202785128,0.3569474480271351,0.5828370261661454,0.16337426048303058,0.2137247609467064,0.314348608618324,0.926392653819513,0.9052527107107474,0.8658813735403006,0.5577312560183769,0.5453463398416565,0.5228654513624991,0.9120323785452141,0.879231522406328,0.8029855711230597,0.3111996419554814,0.2975308396048868,0.27350238866741394,1,malignant
60.08642942990019,53.0,32.733193164913494,1071.4619347715393,0.5647683364770243,-0.35176137516541983,358385560.0,6.951160264560965,0.0,176.0,176.0,23.0,35.0,83.0,108.0,48.0,27.110230817020465,76548.0,1500.3656197958435,0.7549814724888992,401.6613179414305,263.38785149963724,0.8204501607717042,0.6402261550299421,1.5249804258416366,312.1921534414138,93300.0,0.35856187130265604,0.4955213468824765,0.8343787784197432,0.17745537808558487,0.23650573588337392,0.36484337850321746,0.9227594252434363,0.8984315880765843,0.8488779681326143,0.4307444442269206,0.4216155162250915,0.40431648112498864,0.9609038573862967,0.945974783885737,0.9090526756274838,0.1856145084316668,0.17782040563617998,0.16352509145877284,1,malignant
54.980399311890736,46.0,43.94595131081692,1931.2466366126919,0.9030874207985401,0.30137937549085914,475171633.0,7.152578595396137,0.0,239.0,239.0,6.0,19.0,80.0,119.0,61.0,35.636945625616086,95915.0,1391.679328294828,0.7625705431244164,445.9864031852107,288.51086439509834,0.92124093550401,0.6873853342506593,1.5458218674720652,349.460685819268,104115.0,0.47983785627873843,0.6780577403513562,1.1815458154828067,0.2101573917687746,0.28232974122047466,0.4411774029445471,0.9094521457191196,0.8811088124237751,0.8244269011660708,0.47423654019328765,0.46458113456921046,0.4458084890000528,0.9614814416629527,0.945593709633615,0.9053289202403602,0.22497176625036958,0.21590021940570883,0.19880407430098881,1,malignant
49.96114309808369,42.0,39.30924454529821,1545.216706722057,1.528492918522202,2.3292745870010636,555909537.0,6.896717475358818,0.0,229.0,229.0,10.0,25.0,62.0,103.0,37.0,28.266028874106297,137556.0,1611.526045382804,0.8240111912566119,562.4092038305987,318.6461638425731,0.9305893813930833,0.6916323924258118,1.7649959975932945,418.4993892654923,147816.0,0.3660325246944258,0.49870777251262755,0.8241112924454586,0.17590789769906476,0.23134916728929925,0.34824994872488635,0.922181229502743,0.8990745764484374,0.8537743726562144,0.45660034426663537,0.44654698928952186,0.4283839440793999,0.9634368755232416,0.9501963664121347,0.9177836412640349,0.20857550417971432,0.1994841107601179,0.18357693844799686,1,malignant
83.4991308814833,81.0,27.012173722523368,729.6575292157819,0.4856286082950918,-0.05550590303289882,1289359743.0,6.727664375080025,12.0,210.0,198.0,50.0,63.0,103.0,119.0,40.0,22.272519722446727,167411.0,1625.0062761231593,0.6650302961934037,537.3044538256624,401.2677670591364,0.9669335089178449,0.730446354552991,1.339017229725501,461.6863712777954,173136.0,0.42141524448222123,0.5782153795319835,0.930658792115911,0.21773280705663572,0.2850951946119864,0.4121204099646829,0.9025047308025236,0.8742832994576997,0.8252699418708624,0.35577228968396235,0.34411466060993934,0.3266925277692548,0.9635440953586827,0.9499332927987724,0.9191784930615889,0.12668068408993066,0.11847521747209841,0.10675416031288755,1,malignant
61.48492614732365,57.0,35.65457669038186,1271.2488389703212,0.5397528922535592,-0.1891666020266225,741131887.0,7.073989217735537,0.0,225.0,225.0,19.0,33.0,87.0,110.0,54.0,29.840437012079626,146711.0,1635.337228564847,0.4740163567728161,465.7491463912512,410.09959317133115,0.9442442107431102,0.7745275050153099,1.1356976552685114,432.2016275393239,155374.0,0.39438801894972203,0.5433944037058839,0.8946980128429982,0.2279421295438816,0.2988084141413607,0.43985187368119705,0.8961588605462596,0.8660323620597179,0.8106530173767005,0.35186614344455525,0.3391805960838642,0.31784908194116096,0.9620163998594674,0.9476483829018519,0.913715463682702,0.123950290708308,0.11513160402593724,0.10107527077071096,1,malignant
20.095112266670434,4.0,29.64101007783856,878.5894784345269,1.6782787790738785,2.037718307524651,90754379.0,4.722042403722944,0.0,182.0,182.0,1.0,1.0,31.0,69.0,30.0,23.22079396365985,70769.0,1298.271211386865,0.7866039987130546,400.30049677033634,247.16866875151834,0.836730591879685,0.6215985946420729,1.6195438474961537,300.1764303561536,84578.0,0.18023223999403204,0.2493591706805622,0.4078610767359968,0.08067178567409863,0.10658636311198708,0.15994767404872762,0.9665005131863891,0.9566002451160125,0.937590902342728,0.796567750584944,0.7929960201643151,0.7857387838772603,0.951521467550535,0.9329903814353051,0.890755862980976,0.6345273031308117,0.6288476978585121,0.6173880161644523,1,malignant
87.03016434366549,79.0,40.74675227707893,1660.2978211296374,0.35934836257030156,-0.9981676571647338,88780938.0,7.152161381268881,15.0,201.0,186.0,38.0,51.0,123.0,142.0,72.0,35.553320302213386,9614.0,413.60512242138304,0.5344889540222569,123.72458202291351,104.5689805129576,0.9214107724746022,0.6388888888888888,1.183186270115565,110.63871376278674,10434.0,1.1226440249675673,1.5931745808328104,2.75894666432457,0.33618912084181396,0.45205014781229774,0.7052505415877506,0.876880623733617,0.8402762530427311,0.7702310886174004,0.38517342546206323,0.37472974706407214,0.35431804392473676,0.9356970888999452,0.9087288159330222,0.8418131475174537,0.14842146762195646,0.14044618370704898,0.12555068441553086,1,malignant
69.63307690971921,61.0,35.69321660512988,1274.0057116207192,1.277944002287197,1.9792878263909603,352592020.0,6.953224694518251,6.0,252.0,246.0,34.0,43.0,88.0,118.0,45.0,27.66664229535559,57587.0,1002.5239533417508,0.6969826180044919,325.2763402548028,233.25176718807793,0.9425966543359413,0.7274484291904046,1.3945289425932739,270.7804381092988,61094.0,0.6607385875228484,0.9067681615090153,1.4951387074379416,0.2458385773689029,0.3234444972768346,0.4819887328457153,0.8991347705685413,0.8701871793926511,0.8170316140828099,0.35789884361915575,0.34631048712643603,0.3266659756655457,0.9436182090692646,0.9225509850464038,0.8719559822598972,0.1282045358017222,0.11999915510497616,0.10674807462965154,1,malignant
50.22081861541839,39.0,44.950038152522154,2020.5059299131974,0.9614949227919894,0.28457514215668134,227626975.0,7.0284330820768846,0.0,227.0,227.0,4.0,11.0,78.0,116.0,67.0,36.92872773658281,50109.0,1032.619407771256,0.4964910057356645,280.2622254279893,243.27934514513262,0.8628176871685378,0.6604586793198893,1.1520181676779582,252.58812392338297,58076.0,0.5372406599204232,0.7469028624918975,1.2298334139442233,0.1973979962633487,0.2615766744978982,0.39230378572152624,0.9193376303748172,0.895704079611855,0.8519770103746719,0.545522898749308,0.5370845243130162,0.5206522906835054,0.954984928047982,0.9374582100300523,0.8972559101457165,0.2976391063584869,0.2884944103560397,0.2711035222604314,1,malignant
107.05747126436782,95.0,36.9072638154216,1362.1461223411284,2.107958630082094,4.191937576044464,16734600.0,6.331742069792285,58.0,233.0,175.0,77.0,85.0,116.0,138.0,31.0,25.15419914563791,1305.0,155.05382386916236,0.8561614028329886,57.35057895476424,29.633530423070358,0.944967414916727,0.6359649122807017,1.9353272504485508,40.76245338395847,1381.0,5.269763184236866,6.800922851402824,9.006410020148412,0.839496770852282,1.0754593655054316,1.4743896726481864,0.8151912556220202,0.7695241318193388,0.6847549683657328,0.3899556336325849,0.37228383152679384,0.33772722179792897,0.7513217843795086,0.6765306625396129,0.5592954760866752,0.1523366542732043,0.13880183971030435,0.11441595699207863,1,malignant
65.55733797010404,64.0,33.901738104356,1149.3278464963437,0.45801288466546136,-0.3117126569467419,194226974.0,7.015618607655079,0.0,189.0,189.0,23.0,39.0,86.0,114.0,47.0,27.250060004287374,35657.0,808.9432175380074,0.8326318366769428,291.7267765241846,161.56613349455884,0.9254347261873864,0.7257388260197021,1.8056183571045799,213.07252860615725,38530.0,0.6498781610697781,0.8740845401773503,1.401565509643808,0.24402348744957814,0.32386176255996457,0.4960395222933355,0.9025118578918089,0.8722417434884336,0.8114174387117405,0.3656584765150862,0.3530092736591438,0.32940239375832736,0.9377835712493197,0.9161530425366403,0.8646636560420253,0.13384290930230963,0.12473888983262951,0.10862146373444607,1,malignant
64.86804354709078,61.0,28.76266164807115,827.2907050814229,1.1489125438794365,2.226966566728888,413476758.0,6.7418494938529845,0.0,219.0,219.0,33.0,46.0,77.0,101.0,31.0,21.20909171352867,82118.0,1443.5676759431467,0.8852514790213534,485.98904410455634,226.03967396053264,0.8967000808054336,0.6705042785289699,2.1500165682835477,323.35102432892046,91578.0,0.5342829444664143,0.743527986303562,1.2366126249211629,0.22724785446372592,0.300074668437998,0.45083867318619497,0.9042359968688112,0.8764049532324099,0.823620362983566,0.40304071457939705,0.39204713898924226,0.3730629073004822,0.9400497203062331,0.9165540546255154,0.8610920133753289,0.16257240800786144,0.15379539359677985,0.13925003593149368,1,malignant
96.93921990906915,87.0,36.44750922760188,1328.4209288961242,0.669691493060711,-0.31893985919803436,358579372.0,7.05725335229012,28.0,210.0,182.0,55.0,70.0,120.0,153.0,50.0,30.02091142594088,33432.0,907.3107499061543,0.8690450000304063,299.21844482135407,148.03325296385222,0.86974166861781,0.6571271326362136,2.021292100460829,206.3175815571372,38439.0,0.9416113773981429,1.3012892874106399,2.175501152560879,0.2557004663221003,0.3433489922050591,0.5365953942860655,0.9074917090294055,0.8781503727419844,0.8188672232149814,0.3861137154591869,0.3761001330678322,0.356961335348733,0.9490458112542557,0.9295292690428915,0.8818648863684061,0.14916564282862427,0.1415212843491231,0.12748974380536546,1,malignant
59.24517788255465,54.0,28.81858846001598,830.5110408277662,1.0621868794695444,1.4404172163121496,81011132.0,6.734042934814909,4.0,190.0,186.0,28.0,39.0,74.0,98.0,35.0,22.105767543670286,18664.0,608.9015869776647,0.6347949264521389,179.62761780803626,138.79478616736776,0.891351067386217,0.6689605734767025,1.2941957170597866,154.15493136107284,20939.0,0.6824488023420694,0.9431995685831449,1.5519140254196055,0.26636751256560753,0.35455913864013205,0.5387379756300474,0.8929186315930637,0.8603690311130422,0.7979509636916371,0.4012671872784283,0.3874511813294807,0.362309416785761,0.9144392104452559,0.8817161408929493,0.8051499964077306,0.16113697640067534,0.15018664326088432,0.13130147901194797,1,malignant
5.464566929133858,1.0,9.702479471935739,94.13810790333443,2.7915355807795423,8.692515643172555,1858258.0,3.1078063319042752,0.0,80.0,80.0,1.0,1.0,4.0,19.0,3.0,6.448523608911623,14986.0,579.5462479183374,0.9118565853021356,219.57133609512613,90.1359905568301,0.9079122743244881,0.6496726925911476,2.4360007000387705,138.13315249208333,16506.0,0.05982082279546286,0.08241304685474973,0.13491185368731307,0.050212220653191926,0.06530937365777537,0.0973794521235068,0.9758547498876311,0.9690541371737584,0.9550494076924196,0.9105080975665968,0.9053184132544556,0.8943892553801703,0.7912414048159156,0.7123274117299294,0.5294950308408379,0.8290652201625812,0.8196642671919393,0.8000245221476355,1,malignant
68.8801176510362,68.0,37.06054764020931,1373.4841913922235,0.707660575267249,0.9298539792323166,180962985.0,7.11056029438144,0.0,208.0,208.0,23.0,44.0,88.0,113.0,44.0,28.50418505582975,29579.0,826.1980515339465,0.9111417613804241,315.91729005034523,130.1873229816323,0.878732063812721,0.5501227495908347,2.426636348417096,194.06481518740426,33661.0,0.6499039727082705,0.9222152566657915,1.6076671792099058,0.21865202396555877,0.2944490508946871,0.4624437307745275,0.9158122329299934,0.8900411909039783,0.8388688230191507,0.49922054697067036,0.4913190426425288,0.47547070405470915,0.9443142468997501,0.9210210861796237,0.862546300192633,0.2492660457536769,0.2414293071440602,0.2261085070482672,1,malignant
21.94019361526433,17.0,22.2331617492603,494.31348136877136,1.61383910595003,3.474431961114279,55533096.0,5.7616451916650435,0.0,183.0,183.0,1.0,3.0,32.0,51.0,29.0,16.885614804024407,56917.0,1079.2173875177025,0.85662645617291,388.50963480911923,200.4465431264093,0.8586579368192379,0.6453174603174603,1.9382206784384908,269.20062252470973,66286.0,0.22619233214048812,0.30876937552728306,0.4984551588332573,0.13164075992387395,0.17215367284875546,0.25285802666570273,0.941250717673483,0.9243617386445298,0.8929325862362922,0.6667595107479778,0.6566302421505328,0.6384382250415684,0.9058447375417373,0.8714090404761285,0.792258960200287,0.44464733350134933,0.43122973025449635,0.407649044678986,1,malignant
49.294847492676205,45.0,34.935001598855706,1220.4543367120507,0.849764247277938,0.6725195656466552,148284374.0,6.85562374632177,0.0,186.0,186.0,5.0,24.0,68.0,94.0,44.0,27.411153805123078,40621.0,956.1808075912431,0.819769630285169,313.99724966636796,179.82415876854412,0.8704810886103075,0.5718609660298735,1.7461349565968005,227.4208951408974,46665.0,0.4208449457064856,0.5825994893006609,0.9714965699733022,0.17400941036994788,0.23262959502456976,0.3593847637016788,0.9280647944983419,0.9053142286636423,0.8596256516157429,0.5406532871189053,0.5323822087060959,0.5159789554698252,0.9450444682157655,0.9239236336340558,0.8731820311428169,0.29234053618447703,0.28345132576641785,0.26624229006061423,1,malignant
114.60456536776573,114.0,27.749882706508426,770.0559902249754,0.2512817303061031,-0.03492433636620529,241211144.0,6.803115793525029,40.0,220.0,180.0,79.0,94.0,133.0,150.0,39.0,22.206945544578932,17348.0,646.2274887854692,0.7593460291445125,193.0615486445967,125.6226452515128,0.831201188251641,0.6388275150979525,1.5368371543049624,148.62085863722362,20871.0,1.0189660484993195,1.4031597422026705,2.314408558360503,0.28327973119171845,0.3812520905832485,0.597818872175317,0.899332893716784,0.8671203455645022,0.801026064093183,0.40165188003128555,0.38985252237030515,0.36743428266843836,0.9527967723768852,0.9349065514665379,0.8920593888516979,0.1614038454338113,0.15201308150423276,0.13501296678913088,1,malignant
43.8998872213065,39.0,35.540252149452385,1263.1095228466547,0.675186659248979,-0.17286075304821447,73549398.0,6.652379494548336,0.0,188.0,188.0,1.0,13.0,69.0,95.0,56.0,29.30740539245937,23054.0,721.2274887854693,0.8760423271600628,251.8735026963327,121.46202161131951,0.9087468958177303,0.543098777356357,2.073681133863654,171.32794420153544,25369.0,0.2955912941611443,0.4287616349619825,0.7677313660970656,0.18288103359223312,0.24182881393541392,0.3658628677713903,0.9178403099280695,0.8948195703827618,0.8514790590245622,0.6036396475872527,0.5959889329504653,0.5806705642389612,0.9566436196707707,0.936986319626345,0.8868597550847849,0.36441294924320516,0.3552250068356507,0.33719198576592724,1,malignant
70.93239125466596,59.0,43.310372161930744,1875.7883368049454,0.7564368377294151,-0.14765919511922743,181341431.0,7.250827103886616,0.0,233.0,233.0,23.0,36.0,102.0,133.0,66.0,36.2652411314192,26254.0,838.0914498161482,0.7208983457613245,230.18292190406572,159.52616043030437,0.804276567717428,0.5150266792215945,1.4429164551016114,182.8322482700384,32643.0,0.7015228732333635,0.968096797041092,1.6013178579395684,0.22991205093971437,0.3023355760380356,0.4521858014220948,0.910408091063249,0.8854140653523824,0.8394904651287051,0.5092554649573997,0.5017744489040369,0.4869021013569881,0.9487357298043524,0.9293027762175173,0.883293760441843,0.25938872213955066,0.2518147143882269,0.23711001207736493,1,malignant
91.31269527181837,84.0,33.94971690157337,1152.5832776969762,0.7189679640697939,0.06246547081784248,182257321.0,7.000856682424833,18.0,228.0,210.0,52.0,66.0,113.0,140.0,47.0,27.542541566120818,19204.0,684.0142853498728,0.791541197323879,209.05649208880067,127.75772744851106,0.8546886821843429,0.6484770716552982,1.6363510549532485,156.36908971115125,22469.0,0.7771092860399613,1.1035988893533042,1.9176583347232699,0.3044473071750578,0.4082756240440348,0.6349657895001151,0.8773731108856151,0.8407572830681848,0.7696680051900335,0.38606296455647726,0.37498451107178327,0.354053715281783,0.9520747255061704,0.9318853087817315,0.8812509948181213,0.14914345684293445,0.140689651133786,0.12543455870760167,1,malignant
75.67811034980166,72.0,21.303769344395466,453.8505882792041,0.9891682558493077,1.2514041887355845,171399878.0,6.324725486202328,32.0,184.0,152.0,52.0,60.0,87.0,104.0,27.0,16.487289133053533,27730.0,703.2447327281724,0.8417853058954892,259.01437357997804,139.81918781068882,0.9490724895612294,0.7416024818142918,1.8524951949418853,187.90139056299202,29218.0,0.6605396352234625,0.8981134509898856,1.457769299061268,0.274785613137535,0.36119424617019535,0.5387995351811086,0.8873886155309301,0.8547456290718629,0.7937030645017398,0.3765899100177263,0.3601354697423628,0.33303834447831426,0.921910347539541,0.8935241358148498,0.8255726468550043,0.14209107820887293,0.1298770780967521,0.11103936675696763,1,malignant
62.901834945313205,61.0,25.660673435148077,658.4701611453141,0.600001756695072,-8.836015571045408e-05,51056973.0,6.576478329013661,18.0,155.0,137.0,31.0,42.0,79.0,97.0,37.0,20.977805101004645,11063.0,434.3919189857867,0.7052736658385005,143.6029064078032,101.80514894357118,0.9427354069024286,0.7257281553398058,1.410566242454002,118.68381980457616,11735.0,0.4446477270169853,0.6109022665202394,1.0086519853746054,0.2391150285006856,0.31494761338681176,0.4693269905105094,0.89589821130051,0.8651354199030438,0.8077250994554104,0.3597637700001217,0.3452421871047937,0.3191060845074179,0.9414238856336972,0.9194237469691559,0.8663786766402295,0.12956140735344726,0.11927798378657187,0.10188208939581841,1,malignant
44.7916317200808,34.0,36.751639353790466,1350.6829951910802,0.9992686124832783,0.23089059211708252,284177858.0,6.857184665041081,0.0,203.0,203.0,7.0,16.0,66.0,103.0,50.0,29.840085425662814,84653.0,1397.6143571373727,0.7034250351719775,399.6241114147065,284.0406123620771,0.8714446011467867,0.6405438944293951,1.4069259606625928,328.30404685362276,97141.0,0.3260289866359929,0.445698445377327,0.7310978152074727,0.14799456515788506,0.195808273180025,0.29601632018094737,0.9370840970314765,0.9178402068052594,0.8800813537012735,0.5339306740935351,0.5252998929951064,0.5088692290428662,0.9601164173073956,0.9454853990457408,0.9106304133693275,0.2851436112145181,0.27599437367870117,0.25899053429165686,1,malignant
38.37780986147155,30.0,34.72343318745717,1205.716812323802,1.3678309910210673,1.8684571097588218,146566163.0,6.602281120175511,0.0,235.0,235.0,2.0,13.0,53.0,90.0,40.0,26.474216213344725,54718.0,1027.5950211536162,0.44249854116482423,282.65370253342064,253.47514147428487,0.913611166766847,0.6906919795006438,1.11511409319835,263.94908866828587,59892.0,0.41843950835779575,0.5700048687167071,0.9285245072983144,0.17889568913808074,0.23565470689397355,0.3519831836717976,0.9251316237847529,0.9028249590823274,0.8607657072367941,0.5325525697490617,0.5223462809660298,0.5034834609359903,0.9407042124976988,0.9192115740144944,0.8683708412161342,0.28368562361198346,0.27289565787072056,0.25352399237511425,1,malignant
54.61905922495735,48.0,32.25912728604789,1040.6512932574396,1.0163189117710316,1.2986918342430265,148590294.0,6.87617740270063,0.0,206.0,206.0,19.0,34.0,70.0,99.0,36.0,24.668993632238337,36927.0,925.2518754031088,0.7455027673781731,288.31445664648703,192.16231507922316,0.8626594402653833,0.5207733965137925,1.5003693961931246,216.833845763145,42806.0,0.4490965126056977,0.6241102578137928,1.0318048273148692,0.17903735712071073,0.23803308308745738,0.35864537918735906,0.9270987390587402,0.9051659827064429,0.8644656424017217,0.541016239603799,0.5342583632174247,0.5214581335115733,0.9409424629441865,0.917971448524697,0.8646414005082341,0.29272185672819556,0.28544562384838745,0.2719242755716255,1,malignant
63.08770195499815,56.0,39.0017901393918,1521.1396340771596,1.0062008632987471,0.9231288356317222,372843679.0,7.132406412361797,0.0,214.0,214.0,21.0,34.0,83.0,115.0,49.0,30.608309545506433,67775.0,1042.9331162702406,0.6506306429574384,338.82691538022647,257.3032424086857,0.9649060364464692,0.7267005489792417,1.316838887098256,293.75808098574186,70240.0,0.594790573963196,0.8240008585919544,1.3695838499815092,0.2292003217044191,0.3047019797402173,0.4671695637989447,0.9055304340506948,0.8768924015393691,0.8195254769410929,0.37243668745580244,0.36069442231613275,0.3390477328618456,0.9500564688891274,0.930739027040569,0.8845153009228907,0.13884306356207307,0.1302035841476564,0.11503636363384108,1,malignant
38.05328311221048,25.0,38.4885584398439,1481.3691307772792,1.2167277515397346,1.2076164050335692,260542747.0,6.517564433618258,0.0,234.0,234.0,1.0,6.0,62.0,92.0,56.0,31.236877925702053,88940.0,1340.111831820431,0.7573264584371284,421.6748841613965,275.36907919674485,0.9212666121129882,0.6362491773256645,1.5313080371675265,336.5143757831831,96541.0,0.32948465432987734,0.4528590035498888,0.74790558819232,0.1445366230878945,0.1907183287112647,0.2857923982078078,0.9377037628918038,0.9191458324868348,0.8840855020868397,0.6188937925592559,0.6117386608443014,0.5979633543448518,0.9575676146334731,0.9416870311093513,0.9037744026113874,0.38306250982339785,0.37424889408831014,0.35757612313804527,1,malignant
112.63121296075445,109.0,46.04990503914918,2120.5937541146573,0.18615485606608045,-0.784565086632111,806992341.0,7.488752460354908,3.0,232.0,229.0,52.0,78.0,148.0,178.0,70.0,38.43235629916639,54503.0,993.3107499061545,0.8165707009598601,354.0795312043747,204.3907924336524,0.9329191058163021,0.7773926686635287,1.732365372179439,263.43001899309155,58422.0,0.7437709647286894,1.0277965964917184,1.7457549289186245,0.25177857794885533,0.33698701916010715,0.5272679789440552,0.8988613219646729,0.866711181461057,0.8005986787370036,0.28919818457112245,0.2777261375596179,0.2564476235909798,0.96977885666405,0.9581808031200383,0.928610793962656,0.08374894780721535,0.07721764441277768,0.06583602718681383,1,malignant
23.079876774122567,16.0,25.488164288739366,649.6465188097686,1.562065644817223,2.3427061618049727,53730861.0,5.659603834895467,0.0,162.0,162.0,1.0,2.0,34.0,58.0,32.0,19.40485846488099,45445.0,1065.0691552395617,0.30737353336325657,260.9970549871159,248.36191093361924,0.8500271215607056,0.5587866417469998,1.0508739202641815,240.54598543831378,53463.0,0.1992806174846663,0.272782642144412,0.4457165543626749,0.1087861171947051,0.14281358576709569,0.21496490651124114,0.9524862740055849,0.9385839408705634,0.9106829942650889,0.7197499230120604,0.7127034598374351,0.698352952824888,0.9286284469515683,0.902385814924642,0.8409807586257081,0.5180796771405516,0.5079781349438989,0.4877229138917185,1,malignant
55.82415254237288,48.0,23.34281809824365,544.8871567676913,1.535459633310475,2.6911068154963402,10368584.0,6.185465197373209,20.0,171.0,151.0,34.0,39.0,66.0,85.0,27.0,17.746642487790865,2832.0,258.2670273047588,0.8389074105973322,83.09043334865478,45.22397544857385,0.9129593810444874,0.731404958677686,1.8373093591283352,60.04843370721655,3102.0,1.2254463743286919,1.6769080750511183,2.7102196499184417,0.4379655111661927,0.5762192356894643,0.8719895682709733,0.8395316504189269,0.7950674241662762,0.7067449347179826,0.3855215471111021,0.36468265805097816,0.3262369199669772,0.7853191564107217,0.702573346610574,0.5048526186196441,0.14911871134637855,0.13337282992150185,0.10683436602598442,1,malignant
55.31843382590875,47.0,43.787207325485205,1917.3195253650254,0.9422136999605881,0.5186549007983996,230729632.0,7.166056860235323,0.0,242.0,242.0,6.0,20.0,81.0,118.0,61.0,35.33431297609077,46346.0,1002.4062043356595,0.8738394726330757,356.1351694514013,173.1580965528777,0.9217031601137562,0.5590051623486274,2.0567052684287703,242.91883405840696,50283.0,0.494642090395348,0.6759038033094044,1.084286220599254,0.16595276156229605,0.21987746323975138,0.3297065519111092,0.9334978385000703,0.9135409229517317,0.876158830907595,0.5620440956031852,0.555746355330372,0.5433551812521209,0.9560812444699712,0.9399958603818793,0.903784014776954,0.31591934651305253,0.3088744478740323,0.29525204549550593,1,malignant
52.287483905341205,48.0,21.607002674264763,466.86256456568464,1.7891244053316613,5.792638978314265,72092599.0,6.212819962432471,12.0,214.0,202.0,30.0,38.0,61.0,79.0,23.0,15.627095154137544,22523.0,668.2569260369921,0.8581620312629059,239.74275877585578,123.07888151982189,0.9154574645368451,0.5897462753004634,1.9478789197255186,169.34336203722327,24603.0,0.40245133864193317,0.5522340621704622,0.9116722463260805,0.19015015553264078,0.24975259495099475,0.3743609382940943,0.9205336486415159,0.8976148104628232,0.8533842152148142,0.47159407900945877,0.4615006213418274,0.4427405130239851,0.9238642538350704,0.8954917846899598,0.8272453597039886,0.22248299783395734,0.2130272948954614,0.19605385542136128,1,malignant
44.52742650020137,42.0,22.845941539074744,521.9370448068208,0.552136098683366,0.2952576319191933,31094966.0,6.480796393145879,0.0,151.0,151.0,16.0,28.0,60.0,74.0,32.0,18.434417020840385,12415.0,522.8183258569795,0.8329780033807268,176.3952709742888,97.6005803317451,0.8784405292577655,0.6205328135152697,1.8073178496963844,125.72696189714856,14133.0,0.3896610805893395,0.5247787100978124,0.8256141299101907,0.19185957201997567,0.2523476903151127,0.37700755098139266,0.9197633264029272,0.8956286475208655,0.8482775439196973,0.47474871805273317,0.46171889390761783,0.4357610527283244,0.9137041079879054,0.8837316429968005,0.8168899554119723,0.2254729475413698,0.21321606780703356,0.1898941363688615,1,malignant
112.59507406131588,109.0,27.8451286892087,775.3511917185934,0.5661567142235283,-0.19092810406016225,78108129.0,6.733014219181088,55.0,204.0,149.0,79.0,92.0,129.0,154.0,37.0,22.249772379624627,5806.0,395.86500705120545,0.9342905981322731,150.72648762189667,53.735859073878196,0.8431600348533256,0.6446813235620698,2.804951669511264,85.97923468333708,6886.0,2.3044730744663795,3.1758763722996157,5.304347149035909,0.5193691012179321,0.6879183579367534,1.0752193109086905,0.8355848882029635,0.7927440141805153,0.7057785141787338,0.37968966487089906,0.36476749320657675,0.33440033366398514,0.8885203511633721,0.8457067434965907,0.7389192674286338,0.1445263977025289,0.13341442990208152,0.11237799032827622,1,malignant
117.87535254445126,115.0,26.688575243766287,712.2800485421748,0.6291588634288792,0.15866418101506508,238238193.0,6.693167412589968,59.0,214.0,155.0,86.0,98.0,134.0,155.0,36.0,21.114975642451718,16310.0,561.2031021678298,0.6844736845474292,171.79351371166743,125.24392538819062,0.914699119510964,0.7238593999644949,1.3716714258132476,144.10599215379804,17831.0,1.3352853399721245,1.84415709256527,3.0616092691191756,0.3442802315479303,0.46436509518862146,0.7304947475457011,0.878733155230803,0.8400527056160694,0.7625021783042526,0.35083063333399284,0.3347327454324537,0.3059509283548754,0.9339447393966328,0.9084991305810239,0.8463490537283177,0.12327200558168272,0.11216328903600836,0.0936853481573175,1,malignant
22.383945623242454,14.0,26.078905487451742,680.1093114234407,1.888570922013267,3.8952438724229,78545316.0,5.738098883234379,0.0,169.0,169.0,1.0,3.0,31.0,56.0,28.0,19.114693348205236,66499.0,1110.0458146424487,0.5855077039637061,327.0058540311247,265.09280297890285,0.9263763512760503,0.7036931216931217,1.2335523648944524,290.9796496068816,71784.0,0.22291966760431176,0.30556854052136534,0.49585936686959986,0.11075397459397736,0.1470758903432357,0.22451677157345995,0.9517975250708428,0.9367481862860694,0.9059151371710111,0.6773670797356934,0.6688869489347742,0.651672142202685,0.9347974672308421,0.9106546335338969,0.855258810878473,0.45887825898746915,0.44745921090439317,0.4247176506336129,1,malignant
66.0078620394173,60.0,33.897607209371174,1149.0477745208127,0.9387193952986632,0.6884754363617644,257024077.0,6.9271521472841595,5.0,223.0,218.0,29.0,39.0,86.0,114.0,47.0,27.20248176154591,46680.0,1047.9209229614207,0.6703467007383659,294.0304098000213,218.1846907073523,0.8305015389542227,0.6366612111292962,1.3476216358112845,243.79257976451498,56207.0,0.653456907853609,0.8975680523553756,1.474141079423872,0.23635925905722727,0.3135566790647438,0.4671235705505399,0.904290256095087,0.8755363494087566,0.8246266883902148,0.4077662887010794,0.3983276399605798,0.3820616449107458,0.9381670972616111,0.9150621524622771,0.860451162751461,0.16632538326980187,0.15869810528818604,0.14598833048066828,1,malignant
50.025469067892395,40.0,36.47232763070139,1330.2306828012245,1.0519786431223803,0.43908538411045583,101729600.0,6.927132976152496,0.0,191.0,191.0,13.0,23.0,67.0,108.0,44.0,28.933895832658248,26542.0,690.2396820942889,0.5890562552400996,206.54254169758264,166.90538170118208,0.9091905593806735,0.6531807555063369,1.2374828156671704,183.83232576552115,29193.0,0.7400231261121815,0.9857812437523785,1.5442738986527966,0.25337776224586206,0.3318246345742359,0.48696118852502485,0.9025635318592176,0.87413883858106,0.8236461155242898,0.45979184679005647,0.4467851392215413,0.4239417278800765,0.9166069401279536,0.8889205945457566,0.8260785466556391,0.21148248589916754,0.1996612263957084,0.17973128117961823,1,malignant
41.753793744193246,31.0,39.117141580548804,1530.1507654327002,0.9449352263312841,0.420336647523079,95132057.0,6.625676437717455,0.0,212.0,212.0,1.0,7.0,70.0,94.0,63.0,32.7767177697548,29061.0,835.938166904124,0.8630230060843805,278.6548703021614,140.76658102452922,0.8500351000351001,0.6578905666357278,1.9795527338523944,192.358037028736,34188.0,0.4107611910525425,0.576340224399501,0.9467675115231641,0.17220874821159526,0.22982676287536719,0.34266465139451785,0.9286638770518334,0.9067231487582587,0.8672181522170408,0.584410846816499,0.5758075570912221,0.5594159781009942,0.9521665460093066,0.9329232597709197,0.8900287414367991,0.34156104076276894,0.3315689592030671,0.31294762109691815,1,malignant
100.5552797631508,110.0,41.66234793604484,1735.75123554406,-0.5592997194211091,-0.16817082822206464,396155696.0,7.185168891938274,0.0,234.0,234.0,33.0,76.0,132.0,145.0,56.0,33.5139469402971,33438.0,857.4051583151329,0.8784324131456597,310.26083357560236,148.26329229628547,0.9095310629964095,0.5951834250013349,2.092634183217686,206.33609450809706,36764.0,0.4534028603141617,0.6148614656834993,0.9962559964696456,0.18571961428375097,0.2442087546714998,0.36564384004151423,0.924754334693858,0.9024410400226677,0.8593803690098125,0.45204233528574456,0.4450948586650333,0.43169676363095866,0.9789501809660683,0.9714593838555448,0.9537773007265027,0.2043819473417597,0.19814421165161936,0.1863948261014945,1,malignant
112.35959876348495,99.0,41.25282706405089,1701.7957407764898,0.7721688853489184,-0.43017085421965895,227088958.0,7.119537571237504,42.0,249.0,207.0,70.0,79.0,142.0,177.0,63.0,34.5178900789802,15851.0,539.0437226013958,0.7047982740449806,172.75658839581226,122.55486719414185,0.9139710546041631,0.6130966194786106,1.40962649914299,142.0637885725883,17343.0,1.3017530428104345,1.8509652476784715,3.157592214738225,0.335644916461357,0.45202289266023205,0.6991636383104389,0.8788524626698431,0.8431875832876193,0.7777647589602652,0.4125017233274825,0.40314873845774646,0.3855270685986377,0.9482070297223305,0.9263063286552535,0.8739641505833672,0.1702180965934209,0.16256761378626103,0.14866251684145504,1,malignant
75.13299039261669,62.0,48.307646048512716,2333.6286667483864,1.0811446279086865,0.4641887886581313,738283323.0,7.320739750282134,0.0,242.0,242.0,26.0,39.0,99.0,153.0,60.0,38.188786419438536,92533.0,1461.8275605729689,0.6014065632105052,399.9562920420974,319.5423370218858,0.8712760348009491,0.6519943913248734,1.2516535235038477,343.2443368694942,106204.0,0.6726601028046516,0.9373619279151664,1.570611020682769,0.22840554811877817,0.3051219240694045,0.4692513985349885,0.9075659031836993,0.879097960688518,0.8233008891887519,0.3967787538178974,0.38789395138077265,0.3718398676948288,0.9620733211181285,0.9471523023214485,0.9114897530011279,0.15749726610219214,0.15050732416467985,0.13829680895826613,1,malignant
40.66220136684904,37.0,36.278809231968715,1316.1519992895783,1.140260871853283,1.3638965971330572,152513972.0,6.464629978821749,0.0,206.0,206.0,1.0,9.0,58.0,89.0,49.0,28.133452048236922,51359.0,1057.5950211536165,0.80994657748632,347.51573692617404,203.81925114812896,0.89684978870534,0.6546968016622688,1.705019201908515,255.71920103514563,57266.0,0.34482643080958575,0.48491215366856566,0.8305170837113004,0.17908444006591778,0.23726116397955616,0.3580322967085385,0.9215190919636618,0.8983200099791093,0.8544498237015745,0.5531028077197798,0.5444377725266105,0.5280386795574139,0.9535165194739985,0.9346714920588488,0.8883560439828139,0.305979683333976,0.29645778496652775,0.27886054908680813,1,malignant
119.85015000789515,109.0,41.10454832110891,1689.583892682377,0.852034445044582,0.11111064279177141,203335434.0,7.1838679233389655,47.0,255.0,208.0,76.0,89.0,147.0,180.0,58.0,33.457418026115164,12666.0,724.3746750430835,0.9684564565848728,293.2153494707636,73.06423583589525,0.7353692522062238,0.453393470790378,4.013117308573996,126.99154331535455,17224.0,1.8884682229376883,2.6108639391546946,4.4765601713708225,0.38293599669349593,0.5066822366401029,0.78929403496115,0.8817324676216298,0.8518036134962126,0.795751026047379,0.5455913478095658,0.5391386116996995,0.5246436949721709,0.9297868885383128,0.9029256920245514,0.8335192802271767,0.2977236261175429,0.2907408473943053,0.27538281142527726,1,malignant
25.755605123956407,19.0,23.792918339993562,566.102963133602,1.7554612900296604,3.6159074070819877,96456826.0,6.079245399711045,0.0,188.0,188.0,3.0,10.0,32.0,62.0,22.0,17.231195575897225,78455.0,1367.827560572969,0.617614714961756,373.9252043244986,294.08499742546456,0.8649849505518131,0.7212263283691855,1.271486840872491,316.05697031104563,90701.0,0.23691587221542867,0.320115445948478,0.5057672516065468,0.14070750567670567,0.18560833233564336,0.2766311128083344,0.9362543740419605,0.9165132844087953,0.877890024134593,0.5929751119615618,0.5789276560963117,0.5527275409471455,0.9270589397855583,0.9014284273276684,0.8442368234016366,0.35175801888304464,0.3352861379025976,0.30558920979660203,1,malignant
52.94318677722016,47.0,34.57566508754924,1195.4766162463713,1.0798419090801552,1.2568929771596418,146599451.0,6.923142389485509,0.0,194.0,194.0,14.0,30.0,68.0,104.0,38.0,26.054056733255447,36664.0,1014.216341497176,0.6207094413383382,261.29979316227326,204.8696677711928,0.814882315026782,0.5758803757107405,1.2754440225583028,216.06030331407482,44993.0,0.5352034667891094,0.7369685735205387,1.222542708202615,0.20174843464675637,0.26791080115845556,0.40498927085744507,0.9191491485535911,0.8946511520822816,0.84907763225626,0.5075463474721295,0.4985143251899309,0.48175175943455584,0.9350201413825835,0.9105302089363416,0.851625771610178,0.25764637503814225,0.2485387386919363,0.2320922578898003,1,malignant
46.37954754184395,38.0,32.55010574418111,1059.509383957372,1.473747838994077,2.7922061035127648,171293638.0,6.71134653527876,1.0,249.0,248.0,13.0,23.0,61.0,91.0,38.0,24.780192653704976,53353.0,1095.5777772109132,0.635350653180081,315.81410769675364,243.87916015943404,0.846281961804454,0.650440104357155,1.294961437009594,260.6360478334782,63044.0,0.370618343989549,0.5130104166873033,0.8630361868882551,0.15828097317861872,0.2077559133199701,0.31086146681802285,0.9343697904166425,0.9158360036491885,0.8808340410664164,0.484028880511692,0.47580151845010654,0.46069101443065247,0.9487022224515076,0.9289934872151046,0.8805921134257454,0.23433528420077987,0.2264215871147544,0.21225696992658255,1,malignant
71.68671059857222,67.0,38.68941705184414,1496.8709918115283,0.5612726496732583,-0.06354420004058126,314181213.0,7.216337423455891,0.0,215.0,215.0,25.0,42.0,95.0,126.0,53.0,30.992520204758534,47346.0,1179.636651713959,0.6649479747445073,319.2302030388106,238.42974350856656,0.7151639653792125,0.5725861068111455,1.338885821631314,245.52555770231135,66203.0,0.554370144297329,0.774851910223646,1.3642062555066223,0.2166820046990478,0.2916247856408272,0.46488477961855923,0.9116068016260831,0.8836343833983208,0.8253805324290218,0.47229596015471625,0.4647095554869145,0.4493397555391061,0.9570836483533811,0.9400155830049481,0.8944023277148797,0.22310693226773623,0.21597941193070272,0.20192564762848736,1,malignant
45.01895783221806,34.0,31.84108604949375,1013.8547608112656,1.2530634338612323,1.5836024472893504,266721080.0,6.670124619580073,0.0,217.0,217.0,14.0,21.0,66.0,89.0,45.0,25.618867858864757,87721.0,1315.7686860699232,0.45677391558184344,360.867599766937,321.0216163181058,0.9190641828887538,0.6615460030165913,1.1241224310868434,334.20030835370756,95446.0,0.34267323576643566,0.4633513301387176,0.7326674753001945,0.15641038865819695,0.20367027382291428,0.29643677568160826,0.9319284536304709,0.9124827978156926,0.8765764317799163,0.4744525692042429,0.4634885041865009,0.4439298817163048,0.9504218297843516,0.9329670723433496,0.894065622243688,0.2252188495578334,0.21491658042179423,0.19714001220405453,1,malignant
49.28432709392174,43.0,32.0642887442035,1028.1186126716552,1.3073894779646786,2.2845531574241678,501986364.0,6.802102580697177,0.0,199.0,199.0,15.0,28.0,64.0,91.0,36.0,23.825334521749106,145206.0,1616.1534623807734,0.6431963753477516,495.41308604307187,379.33842523044285,0.9455793387730117,0.7662424012158054,1.3059923622082716,429.97909406483245,153563.0,0.3105481358723714,0.4230669451598118,0.681270350049492,0.1639742842617828,0.21676374713314503,0.32729718446360495,0.9266908513782407,0.9040094306080767,0.8582890535247688,0.4068861440385736,0.3945596784669837,0.371441942903254,0.9592515775949804,0.9444643011549627,0.9104506898614867,0.1656926062177285,0.15581116958496477,0.1380770110053361,1,malignant
78.12116059092358,74.0,40.33135842947106,1626.6184727664663,0.3998238098165438,-0.48261052857266096,218181562.0,7.301783770466294,0.0,228.0,228.0,29.0,47.0,107.0,135.0,60.0,33.27675697866939,28227.0,742.6589462905454,0.7636295485931732,240.02547338269306,154.97356030323814,0.9059310610437127,0.7305124223602485,1.5488156361190457,189.57777461833294,31158.0,0.9147912731213774,1.261065484571297,2.135911944631646,0.32377462551272534,0.42985631944062613,0.6580077386402585,0.8704828927761138,0.8320810239567386,0.7592500989359109,0.3341350847975091,0.3213686177080345,0.298290072315033,0.9390593184331733,0.9159393511708864,0.8572935991794316,0.11176470221104577,0.10333855655305897,0.08901900485497777,1,malignant
15.892858862618578,6.0,21.608386609667473,466.92237187285656,1.9077790978319207,3.4497536452174336,104593771.0,4.8687204538999715,0.0,143.0,143.0,1.0,1.0,22.0,49.0,21.0,16.011624949975662,145369.0,1747.9818895055198,0.8474215398822617,597.0264296207644,316.9736584774062,0.9194633843974144,0.7084604512890492,1.883520644865574,430.22036141796667,158102.0,0.1173750109462873,0.15808086939554694,0.24933988488129422,0.06570249134820207,0.0861488952631775,0.12754209490731575,0.9711411773344572,0.9625027270908302,0.9457563423496155,0.7741706264654448,0.7695570465351717,0.7606653780094451,0.9456177278736725,0.9267829229811603,0.8846823704935494,0.599358176824923,0.59223860322724,0.5786328349450701,1,malignant
61.61890547263682,59.0,30.03333870264644,902.0014336278805,0.7885540139088185,0.4626987539048928,23611927.0,6.770355205939323,7.0,181.0,174.0,26.0,37.0,78.0,102.0,41.0,24.067111606148362,5025.0,318.4091629284897,0.873313993337381,116.80231266516735,56.9011513120011,0.8900106269925611,0.6902472527472527,2.0527231870004785,79.98767850296815,5646.0,1.1944993746751562,1.652199069832999,2.6986650057774098,0.37476703072406226,0.5005944665319668,0.763614366206202,0.864410396203693,0.8244164010473195,0.7495849947180483,0.36366786035173415,0.34728887379014745,0.31695944244040763,0.8620088429247323,0.8088674341178113,0.6854658431522225,0.13245706534949206,0.12078444360923832,0.1006390956539334,1,malignant
6.575125017204202,1.0,12.321797112234533,151.82668407507126,3.4015284459793285,15.261656526989174,8503400.0,3.322625947719237,0.0,155.0,155.0,1.0,1.0,6.0,20.0,5.0,7.730815998559186,43594.0,1062.5067093990478,0.6085006258817863,280.80758412200714,222.83581129455905,0.8139890955261782,0.6173738174814479,1.2601546514927853,235.59627482875166,53556.0,0.06643433189329705,0.09059840268594518,0.143912465119931,0.043324690322632746,0.05673693871111012,0.08282932907796964,0.9803006938296052,0.974559107306237,0.9639786405811305,0.9137699292081747,0.9102006555379298,0.9032272680104789,0.8688068869155128,0.82128766326663,0.717346153612838,0.8349827411677406,0.8284707275422643,0.8158220352053024,1,malignant
22.92524200441273,13.0,25.921928326195463,671.9463681484148,1.7835369904757612,3.7734317061978,120491372.0,5.902220853470575,0.0,204.0,204.0,1.0,4.0,33.0,63.0,29.0,19.608312559448617,100616.0,1474.9991334482224,0.80110175991864,473.0728283649506,283.1474142268174,0.8689524138526643,0.6248043915646191,1.6707651371521692,357.9221563874932,115790.0,0.16861868223526738,0.2327203441784329,0.38813386928984306,0.09302396735967267,0.1242949187121142,0.192817912176877,0.9590949774861045,0.9460052583993503,0.9186617656641523,0.7233213405856529,0.7166530258193795,0.7027425947941373,0.9463965293894954,0.9260402956006992,0.876751822554189,0.523228718939609,0.5136367761184542,0.4938995762131595,1,malignant
45.35753206673739,33.0,42.32751020655485,1791.618120286005,1.573175630075089,2.357990945093068,159637965.0,6.9180567020889505,0.0,249.0,249.0,6.0,14.0,61.0,105.0,47.0,31.709121915169575,41476.0,1009.5300499961608,0.6769485164472734,274.83767050300867,202.28887240688596,0.8617136208759245,0.5818090001122208,1.3586395891821341,229.80183497403934,48132.0,0.44406656608027384,0.610802168456465,1.0121382106023644,0.1601848961829455,0.21125826358233885,0.31731054408641457,0.9344709911297919,0.9153051390772919,0.8792274015691408,0.5825715898345161,0.5748982624847041,0.5603060655698927,0.9538562419901675,0.936575880630495,0.8951826253428303,0.33943313011621895,0.33053542097483335,0.31395914681930326,1,malignant
43.90130168014221,30.0,37.65321230741178,1417.7643970670258,1.182398978885393,0.8398278903713696,291675008.0,6.8115222541865945,0.0,220.0,220.0,8.0,15.0,67.0,101.0,52.0,30.559089878324198,87195.0,1600.1179284748405,0.8632444782266512,489.9700318634451,247.33004405768722,0.8219042502050166,0.6339702482223095,1.9810372562306446,333.1968218683703,106089.0,0.4105360662199701,0.5535212738848602,0.881169107934717,0.15718572884265772,0.20574457606987726,0.30276902712276377,0.9352713883902619,0.9165078188782305,0.8819656972794298,0.5519255634408314,0.5431347889292277,0.5271908324203178,0.951171156652211,0.9341781422796929,0.8952696714438825,0.3046834264679209,0.29504236928334926,0.2779606914126033,1,malignant
56.61623954680334,48.0,41.17630554577755,1695.488138399231,0.8692755241470099,0.530335831310988,272513806.0,7.117940240560097,0.0,254.0,254.0,10.0,22.0,85.0,116.0,63.0,33.881183581627184,55605.0,1186.0285706997456,0.8192956039313483,365.65591336127744,209.65662735087065,0.8510622015427942,0.5711747062207247,1.7440703782253175,266.07984682233774,65336.0,0.48041210886081787,0.6571366179329421,1.0608416800515217,0.17129677487858566,0.22616007559784376,0.33648010211543816,0.9306433735058685,0.9101078814273592,0.8722096869277788,0.539982256328321,0.532433937348901,0.5180101246482636,0.9557102573418832,0.939431168100203,0.9023221603208752,0.2916179228520127,0.28351539310314655,0.26835251292381684,1,malignant
44.171356214919705,21.0,49.0642527108052,2407.300894069755,1.2441246852374965,0.6367175686704263,357969256.0,6.693265337443827,0.0,255.0,255.0,1.0,7.0,72.0,123.0,65.0,40.18658974804129,82133.0,1572.6742776609447,0.6151097951951312,381.89882502778374,301.10486814788896,0.8365638272950428,0.5861702279507273,1.2683249771976868,323.3805552715455,98179.0,0.4908951164971158,0.6745364964719132,1.1117021324887388,0.13901633556928525,0.1832996752195889,0.27540709577459593,0.9471459902644116,0.9320146780589248,0.9038959873887784,0.668750321308611,0.6633246779185888,0.652773922817911,0.9587113879737992,0.9433018157332638,0.9067843966137608,0.44724591801876135,0.4400103367929906,0.4261187156727056,1,malignant
108.0139534883721,100.0,39.78753212096607,1583.0477122769066,1.183694723934258,1.310309299571947,170925798.0,7.110637728449753,34.0,255.0,221.0,67.0,80.0,124.0,165.0,44.0,29.969712637461694,12900.0,467.26197667087547,0.5374235564351226,141.5169545070279,119.34301236251481,0.9328897888342493,0.6924315619967794,1.1858000875422667,128.15923738491736,13828.0,1.8309383343517265,2.461922334950282,3.894783248410371,0.4548690790906009,0.5938004714926286,0.8857180402370235,0.8461654659050604,0.8061785458313169,0.7316929243727186,0.3491304906606623,0.3371464761116739,0.3151844835957948,0.917917988135476,0.8892382002926144,0.8227610828077552,0.12199737947539223,0.11369512710841108,0.09935035712833015,1,malignant
119.11372392719542,113.0,37.202340911555964,1384.0141692996308,0.5951704913697573,-0.15643927439652927,117211147.0,7.114694802881667,47.0,254.0,207.0,73.0,93.0,141.0,175.0,48.0,29.444990214493583,7527.0,405.3624817342638,0.7858238312309617,129.82765350538895,80.29196518710734,0.8944741532976828,0.5998087497011714,1.6169445249328096,97.89624126196863,8415.0,1.7676359223790805,2.434901926117014,4.006768807066664,0.3913763728004405,0.5229071462900226,0.8072282475346628,0.8745814228773632,0.8386282476208357,0.7707649567940857,0.4143491314867157,0.40334283047110664,0.38067796686632127,0.9327106106895084,0.907206312140868,0.8466956604590282,0.17178248915512176,0.16276146162751046,0.14500858638454106,1,malignant
101.49761417859577,97.0,34.113658565715475,1163.741700738213,0.9681910424275597,0.8072794376384258,100919396.0,6.935611806611175,39.0,234.0,195.0,63.0,76.0,116.0,151.0,40.0,26.03373946585542,8798.0,409.0193359837562,0.7213953383685419,131.34838409065787,90.96183960934019,0.9257154882154882,0.6322219028456453,1.4439943679104166,105.83931932216855,9504.0,1.5930061011364258,2.1410650817017522,3.3089214509846263,0.35279958876710477,0.4675510190331955,0.6975029869959646,0.8857118364976595,0.8521419515215432,0.7915986214500829,0.40111752494275027,0.38978467692402424,0.36856659340909903,0.9166109611932596,0.8876714748167263,0.8251026395265028,0.16098079203529925,0.1519908245116392,0.13589437357255318,1,malignant
46.87658931462493,36.0,36.57428651567726,1337.6784341308514,1.0384985507442295,0.44292199031347,163763186.0,6.898984845556374,0.0,215.0,215.0,9.0,19.0,68.0,104.0,49.0,29.486722399434534,46325.0,1058.908729652601,0.49385610596979124,271.24884521466737,235.86270895180292,0.8374914126622555,0.5743812924663988,1.1500285332095266,242.86379291663962,55314.0,0.35752161201683585,0.48631972499702764,0.7865778178378671,0.15571089331754528,0.20449240898558496,0.3030004567480469,0.9343514950930354,0.9150771695269659,0.8791489146039416,0.551660191877932,0.5428196485093411,0.5262957990395567,0.9551250170975127,0.938974199906456,0.9014119879377565,0.3043868148149436,0.29469205910209917,0.2770089584634536,1,malignant
83.28937007874016,74.0,33.064389656891095,1093.2538633827266,0.7341760760043872,-0.31209923833260245,97906308.0,6.83321168950256,28.0,198.0,170.0,47.0,57.0,106.0,132.0,49.0,27.921999000247997,12192.0,519.5462479183373,0.7840807917177628,164.09603576681627,101.84764415468423,0.8585915492957746,0.568868980963046,1.6111912762320784,124.5926824874202,14200.0,0.8938384052812036,1.2393261159061133,2.067228678027721,0.24631237920255059,0.328882214769216,0.5042509978993948,0.9128262783460033,0.8866316047826472,0.8375245637506241,0.45763812505972556,0.448968809094475,0.43161161662527453,0.9362749957052121,0.9116419910372853,0.8526108535931802,0.20947077836998998,0.20159346717460447,0.18630485255761797,1,malignant
35.717552156562,19.0,42.103618357393245,1772.7146787850213,1.4857050158751999,1.6872842862449824,214651088.0,6.297454049200337,0.0,217.0,217.0,1.0,3.0,55.0,99.0,52.0,33.00475587855036,70413.0,1309.8691911333115,0.6088284471610214,360.44252761817535,285.93974594954966,0.821420655381995,0.58223839252491,1.2605541297563114,299.4204670082475,85721.0,0.28757756279450586,0.39587594113020474,0.6440684396444143,0.11422766689440539,0.15057438867691947,0.22360287508868928,0.9530896225694566,0.939347694228661,0.9140534810024967,0.6881739272031856,0.6831197696380117,0.6735283290217278,0.9650895247996887,0.9519752154292915,0.9220600856262687,0.47359835289875196,0.4666611217868239,0.45364315237348846,1,malignant
26.11245599994334,11.0,35.00329800727652,1225.2308713862085,1.9576623690468,3.386190769997043,269267932.0,5.989046907755872,0.0,201.0,201.0,1.0,4.0,33.0,79.0,29.0,25.589811421391964,141193.0,2003.925107043527,0.6096834420314455,511.15279585196043,405.16270931506466,0.822266352963101,0.5740112856538849,1.261598819684255,423.99588564016966,171712.0,0.1978206589480194,0.2738096842230291,0.4505807959104777,0.08782959284746107,0.11646299849584318,0.1753772714246141,0.9623934111796658,0.9509387226096678,0.9289152736221249,0.7670340895666921,0.7620394472569101,0.7525226585165097,0.9626679954517005,0.9483528281181025,0.9151650865625724,0.5883614368398363,0.5807267756148046,0.5663101944463056,1,malignant
41.941169652998305,29.0,42.7374249022578,1826.4874872761252,0.9495296465130045,0.05075181358390335,154684178.0,6.512042835728754,0.0,212.0,212.0,1.0,4.0,70.0,107.0,66.0,35.89772007130483,43141.0,1152.2468247692254,0.8478780716664986,348.54080608297795,184.7932902583138,0.7934998528546203,0.5543191951379342,1.8861118041448868,234.36899794857607,54368.0,0.4307829185737827,0.5956274033386606,0.9665060816679435,0.13997763203616778,0.1863336233663814,0.2795759941028025,0.9461675939905646,0.9299531272842588,0.9004935950595582,0.6745861909714703,0.6695308694576634,0.6593139983234686,0.9510535375057237,0.9323565059541427,0.8904128868692974,0.4550758740720998,0.4482764712013009,0.4346954906046603,1,malignant
39.81291895185862,22.0,44.01001064958126,1936.8810373762562,1.2913990885637263,1.1432536652199632,213842211.0,6.463740518473287,0.0,255.0,255.0,1.0,4.0,68.0,107.0,64.0,35.8843067873946,60717.0,1570.1118318204308,0.843976426689658,409.7506911895307,219.78218528315315,0.7028813539701099,0.5643578160727232,1.8643489719680164,278.04187712948004,86383.0,0.46820550698311963,0.6459444631365308,1.0746857075264828,0.14775431667978517,0.19657450041082167,0.2983994357768417,0.9428997059804021,0.9259272255920459,0.8945430951225646,0.6730004392044844,0.666856880791344,0.6550708368268408,0.9486522781589959,0.9292016247406798,0.8824725389686077,0.4529451997984092,0.44470873277062395,0.4291201880904034,1,malignant
80.16882085349123,76.0,37.191294436919044,1383.1923818936052,0.5805791782735725,-0.07035849703722796,108163906.0,7.124267027453559,12.0,207.0,195.0,34.0,51.0,105.0,131.0,54.0,30.044530331142816,13849.0,609.2741699796952,0.4877543875864182,150.89988259570342,131.7327158044822,0.7932298527979839,0.5549589260669204,1.1455004299741995,132.78966245546854,17459.0,0.9467208735464098,1.2924862837657498,2.1231608617934037,0.2561464280184854,0.3446842836560906,0.5413510564017228,0.911565301669449,0.882971948956659,0.8245532400756059,0.46025014178329415,0.45201676387887435,0.43502794585529136,0.9338217478465336,0.9095922626681586,0.8511326847393146,0.2118665611656911,0.204333816625369,0.18925559375609602,1,malignant
53.20260121356809,42.0,35.31507174632175,1247.1542924478529,1.3772937768845208,1.4187378874980885,163971309.0,6.774403506509788,0.0,224.0,224.0,20.0,29.0,66.0,111.0,37.0,27.04754805622907,40212.0,871.068109219035,0.5464071915105705,249.20820594358926,208.71677193771828,0.9275268717996032,0.7272135416666666,1.194001821846659,226.27308406633423,43354.0,0.5575685432710987,0.7633401226338934,1.2391929685867589,0.2177074400765906,0.28640378120041976,0.42601534376142036,0.9100441275468832,0.8836910590408709,0.8341855610559921,0.3940925580401915,0.38035785765518837,0.3560612006120551,0.9394028597313657,0.9170106613547007,0.8650783592894395,0.1554633727970055,0.1447925024439808,0.12685463951539805,1,malignant
71.21749261568756,65.0,33.281615884829634,1107.6659559053444,0.5369202962933858,-0.5191285592222568,188292327.0,6.9345424374683535,8.0,199.0,191.0,31.0,43.0,97.0,119.0,54.0,27.973558055403533,30470.0,830.3990616607231,0.8390313482683572,274.1889029252136,149.18154247294177,0.8938629429711336,0.6195733951483356,1.8379546047055078,196.96600957546053,34088.0,0.3730728224941219,0.5101623146424599,0.8349339953565837,0.18845644163536363,0.2490554138983221,0.37331871511808,0.9192728043861323,0.8947727306308395,0.8483065112413999,0.41948369142176584,0.41117024179057965,0.39526066079615685,0.9672791979213645,0.9552578056983967,0.9267871076641273,0.17601462587683753,0.16910361851860786,0.1562751054359675,1,malignant
61.19303922462249,59.0,34.29702651201997,1176.2860275662006,0.4866316770727182,-0.13959521518333418,323921457.0,7.003354512249026,1.0,255.0,254.0,17.0,33.0,83.0,110.0,50.0,27.93714035509976,65826.0,1183.193000900063,0.4507607282006535,318.7104666657501,284.4952455849809,0.9114775890001247,0.6607709295322225,1.1202664073011683,289.503482313662,72219.0,0.33862255814021586,0.45582762708193275,0.7219044728064075,0.159189473379048,0.2085725768255411,0.3074503957772463,0.931564285188527,0.9113689824202206,0.8735487131782661,0.4391002283000326,0.4314902136016194,0.4172225191945487,0.9658424945909694,0.9540153710669157,0.927151239549064,0.19284575213614574,0.18620775623366942,0.1740898826498276,1,malignant
85.42137193083023,77.0,36.93709266148185,1364.3488142828962,0.8296127275399421,0.2167870649273098,181312715.0,7.086207136764071,15.0,216.0,201.0,44.0,60.0,107.0,141.0,47.0,29.36884046051588,20934.0,637.2447327281723,0.6840047446956093,194.4361691166827,141.83682204844564,0.9183995788365359,0.6550267530273163,1.3708440890636373,163.2605176688041,22794.0,1.078328733392983,1.4966778158822325,2.5204210692304194,0.2895675447101725,0.39094364301026807,0.62132070327008,0.8957038192869375,0.8623677203539948,0.7929336940541869,0.38497114154602685,0.3744209546695293,0.3540776869289275,0.9311488028354882,0.9043021104700706,0.8380964458998179,0.14828786770546354,0.14023825518658267,0.12540794248985962,1,malignant
62.355534230965304,52.0,40.49921514239009,1640.186427149599,1.2628142197285737,1.922212811398377,184355524.0,7.1113930646443775,0.0,255.0,255.0,21.0,33.0,83.0,119.0,50.0,31.530807561271008,33347.0,842.3229432149742,0.706216246844877,255.17530074823947,180.66314208826546,0.8744001887930356,0.6490773902211149,1.4124369685963398,206.05513606382993,38137.0,0.7066272194279988,0.9872114974285794,1.631678325764112,0.24462264899027125,0.32538823099773234,0.49225517304515237,0.9012363090364264,0.8719548207047892,0.8169852242468719,0.4196960409185453,0.40884560507729534,0.3886005242462539,0.9418703195466256,0.9187685659977793,0.8656770336942959,0.17622989388416013,0.1672129769889093,0.15104814047145762,1,malignant
96.56840600428878,84.0,42.36929448028664,1795.1571147572479,0.9034465766896381,0.27322807217589284,155577392.0,7.2137923980772305,22.0,255.0,233.0,54.0,65.0,122.0,159.0,57.0,34.44256754416127,13990.0,596.3330444827409,0.7575930021026845,172.3482402989514,112.49639032821413,0.851335726891012,0.60852544584602,1.5320335149964932,133.46393232197576,16433.0,1.3686903218023632,1.8806651494047317,3.142838878249985,0.3096894334474079,0.4107345789917255,0.6322781755693473,0.8960735522156431,0.8665052339012693,0.8102903972997748,0.416182411910313,0.4072799744268357,0.3893062010394315,0.9335806921978884,0.9087225196038374,0.8473094986807712,0.17326941494196335,0.16591242629884417,0.15159689233145088,1,malignant
55.686390955924445,48.0,37.42639929658437,1400.735364307371,0.8874584565195887,0.3964147217439651,125831784.0,7.072256869729564,0.0,216.0,216.0,14.0,27.0,78.0,110.0,51.0,29.847241153286244,27952.0,830.2691193458119,0.8105290254952934,261.6933054859354,153.2733688712416,0.8318800035713223,0.5664721141374838,1.7073631734797503,188.65203882926173,33601.0,0.5672648168346988,0.7731089077190632,1.25871495542002,0.19823470612279978,0.26161046366919694,0.3943609301227714,0.9229968445639147,0.9003197940933928,0.8569941343465983,0.5128286655318203,0.5041520420393223,0.4873615347240377,0.9398322269084387,0.9180126188975567,0.8666062507029307,0.2630466966284233,0.25420603960153254,0.23754810023664652,1,malignant
101.5147343855069,99.0,39.005096106879755,1521.397522306926,0.24835568866829105,-0.24452819954526683,298989256.0,7.287939143042124,4.0,253.0,249.0,50.0,76.0,126.0,156.0,50.0,31.2136348739171,25281.0,829.1269837220808,0.8487722139365913,251.72506905504056,133.1018121833889,0.8526763128604675,0.6077017379389918,1.8912219520212954,179.4122875681865,29649.0,1.0418674176173461,1.4380384547560578,2.3872881314037198,0.2957284311669478,0.3938974440555071,0.6080725209914327,0.8887584587132535,0.8559541820119889,0.7918096643361996,0.41360670104323305,0.40513616121484974,0.38854014730726244,0.9502168033624305,0.9312583945929752,0.885704253249195,0.17113290566498993,0.1641782755573957,0.15101266076066933,1,malignant
62.098581350185974,52.0,39.67905115778277,1574.4271007819423,1.0347598642506148,0.8964492245878062,164988909.0,7.110577328159254,0.0,248.0,248.0,21.0,32.0,86.0,119.0,54.0,31.734290610320866,30381.0,833.2102448427661,0.6498319652141783,235.21589184448908,178.78240157121056,0.850960730491289,0.6773913043478261,1.3156546157637365,196.6781396307149,35702.0,0.7174173105417344,0.9972541235188298,1.6261585207921327,0.25053165960194557,0.3324227677858874,0.5000539478437562,0.898843244746437,0.8689508755922954,0.8129138792690945,0.4016390269120767,0.39002052056306397,0.36849464942852844,0.9398333887431226,0.9163597297410199,0.8635688186103532,0.16141002315858988,0.15218028078638685,0.13582922891940027,1,malignant
112.46974212168853,112.0,33.9507504130507,1152.653453609262,0.1569172979404809,-0.195313925252953,1176407880.0,7.108681149743441,17.0,245.0,228.0,69.0,89.0,136.0,157.0,47.0,27.168139805656445,85234.0,1620.7686860699232,0.8899501853224304,508.13582886931687,231.73928075256828,0.8477030642386147,0.683984143033688,2.1927047810762024,329.42874700905634,100547.0,0.43811070436420674,0.6180447170185701,1.0818726806455563,0.24526352697536202,0.3250134473711491,0.4918897881272141,0.8901280628025475,0.8576188357456046,0.7965286049914588,0.36197000049196326,0.35204147672226416,0.33530731789954576,0.9800078927159914,0.9717725486113528,0.9504556447305116,0.13110813020364562,0.12397951110497127,0.11246253170426052,1,malignant
97.01667158453822,88.0,39.77474216766739,1582.0301145044182,0.5511410547849838,-0.6502871606092264,149038252.0,7.159723253431088,27.0,207.0,180.0,50.0,65.0,125.0,159.0,60.0,33.5917902729928,13556.0,488.2325394193526,0.6356789297669686,153.5166852347577,118.50775163204472,0.9274767378215654,0.6660770440251572,1.295414714401235,131.37745342496888,14616.0,1.1703007513540618,1.5972272635020226,2.5938146669313022,0.29965599260941256,0.40314199984484733,0.6304810187363703,0.8961977276846824,0.8625941126124304,0.7943800774210239,0.36965891941459383,0.3592214652104698,0.33917264030841543,0.9401457364478079,0.9181704301266096,0.8663000187060591,0.1367180295321938,0.12907925216694277,0.11506574688775154,1,malignant
57.28061357783556,50.0,36.93466661944945,1364.1695982898736,0.982522182076182,0.642642153658405,373388899.0,7.039916780315994,0.0,207.0,207.0,17.0,30.0,76.0,114.0,46.0,29.009171920209212,80381.0,1391.6437943888955,0.43555798400854356,352.5298515088713,317.3335094345432,0.880183524413346,0.6831633520312765,1.1109127811211759,319.91290665641657,91323.0,0.42072451108883324,0.5798791011696325,0.9692118254641967,0.19680716492527928,0.2619647597496056,0.40453763753411676,0.91544659206209,0.889239461943483,0.8355854905690184,0.4217198168863858,0.410904475601354,0.3900819567896299,0.9587837924607363,0.943191798562794,0.9050704754753562,0.17795259429361102,0.16893356443543006,0.1522450954932766,1,malignant
78.94207822675241,71.0,38.78910140826337,1504.5943880605391,0.7856744682875639,0.12633103204517582,191268157.0,7.168630906468588,2.0,214.0,212.0,36.0,49.0,101.0,135.0,52.0,31.28415950867227,24723.0,851.7127701597078,0.7778887264409391,232.39835213530702,146.03959957297837,0.8301601692354186,0.5342048401037165,1.591337916666731,177.4212537000216,29781.0,0.8369059093802002,1.1674054415061357,1.9981570882772681,0.2548526783410615,0.3425847730049441,0.5406099608782462,0.9053019085590992,0.8762666874754445,0.8176814196922824,0.48247005401548254,0.4750655062535265,0.45985001574721734,0.9416618908395789,0.9186302125208969,0.8607556634439673,0.2328169614548122,0.22571410832000702,0.21148937046162555,1,malignant
85.3259892001731,76.0,37.54458635256707,1409.5959643853655,1.3353359592703153,1.818798415027615,461871209.0,7.003679265485394,11.0,255.0,244.0,47.0,61.0,99.0,140.0,38.0,27.86689318198228,53149.0,1206.1046891454944,0.7996168163019399,350.5215294531787,210.49188415123038,0.8478472410547642,0.6080008236478448,1.6652496169464774,260.1372879137652,62687.0,0.6577930835616166,0.9159642565322964,1.5555624327186521,0.2508672685717329,0.3322028119743595,0.5051757614767489,0.8970081771084812,0.8673143016203314,0.8107441863605674,0.42816936016049345,0.4198417336257576,0.40509698603615873,0.9586377817424326,0.9423827676646889,0.9020708905052807,0.18339521920067206,0.17630733041995644,0.16413666763996676,1,malignant
79.64927146024706,70.0,31.805611102949157,1011.5968976320427,1.25207081915488,1.4742577868540119,92886559.0,6.75108540591437,24.0,225.0,201.0,48.0,58.0,95.0,126.0,37.0,24.677382337834914,12628.0,492.91883092036784,0.6950849113607416,151.3325287303004,108.79713925537959,0.9038723069214802,0.6612556946117191,1.390960550672913,126.80090287894497,13971.0,1.2430390827293634,1.694756185470192,2.7743688810735057,0.3434778818057045,0.45620199430231073,0.6983141346347901,0.8779482273330407,0.8421114765797686,0.7740110374600931,0.39265344814337255,0.3798261019553263,0.35638992530525654,0.9015141158335306,0.8652854810579064,0.7773543012427813,0.154300703427621,0.14433500664577967,0.1270624851176039,1,malignant
89.90851133391456,82.0,41.83757657114248,1750.3828133462098,0.5994510840023753,-0.29300031250289216,180472159.0,7.3007954828159995,10.0,230.0,220.0,40.0,58.0,116.0,152.0,58.0,34.23847510330767,18352.0,739.4284989122459,0.44120424440015743,169.61319336217923,152.21201892115832,0.8433823529411765,0.5988774311447592,1.1143219475331594,152.8610222554452,21760.0,1.0130798349563304,1.4055554746472887,2.3355501573021757,0.28023011544687404,0.3768040148372654,0.5856460642938298,0.8992960368498738,0.8679711441686023,0.8071602157378528,0.4191652783969444,0.4104507904332803,0.3928737436667095,0.9450817757731619,0.9237040665054324,0.8727156995893577,0.17574121261715692,0.1684941269079821,0.15436653390675964,1,malignant
89.24228329809725,79.0,37.1839889824507,1382.649036647015,0.9471934684018961,0.6034959250535961,110526314.0,7.045588435440335,22.0,254.0,232.0,50.0,63.0,111.0,143.0,48.0,29.711081603189573,11825.0,554.7117241391812,0.6450832577198717,148.0488281243994,113.12592898149558,0.862509117432531,0.5720851475568457,1.3087081755467067,122.70312798169938,13710.0,1.1792165401593953,1.6177128241055874,2.640645704666224,0.2793752504474646,0.36950889021902916,0.5599314511903912,0.9063147544024843,0.8798674165186823,0.8308720287160305,0.45039756953990007,0.441968310909849,0.42502043063760975,0.9296054310946936,0.9033947037956401,0.8420904350240278,0.20290211662824745,0.19535008414663857,0.18065004621935232,1,malignant
76.16394825646795,78.0,37.96625188011182,1441.4362818240943,0.14559652875569165,-0.5327571244415163,154523490.0,7.158755121218539,0.0,213.0,213.0,22.0,44.0,103.0,123.0,59.0,31.466298240419608,21336.0,822.2985565973347,0.9138618032083897,272.7104452971178,110.72736064785327,0.7973690111368563,0.4616583001557902,2.4629002597146705,164.82062652007312,26758.0,0.6090061133315795,0.8268158628034907,1.3528151419447603,0.20064640058427105,0.2641211604593327,0.3999163617405389,0.9237175342318937,0.9019628688632888,0.8601317124165068,0.5593389789793332,0.5530772760206096,0.5400460157716787,0.9521117846841306,0.9349641124270687,0.8935921475517443,0.31288563569048833,0.3059033113770129,0.2916556319646011,1,malignant
95.06986860397328,91.0,33.588183454127226,1128.166067748106,0.7997264578454069,0.9320129756973965,226701579.0,7.002896493875002,12.0,226.0,214.0,57.0,72.0,112.0,139.0,40.0,25.5741669252764,22299.0,826.9848480983499,0.7926794338294771,232.5865693535992,141.79376817870306,0.8002224933610852,0.515822345593338,1.6403158780608027,168.49916500697975,27866.0,0.9604365950134093,1.3348269153436068,2.2532170591781657,0.2631666249031058,0.35344970971211553,0.5548141240742983,0.9055423557393905,0.8767424721933329,0.8193370072543608,0.4981439588627558,0.490919007851764,0.47623054968313855,0.9443700078486232,0.9227044240178226,0.869624082336226,0.24819236251393698,0.24103504533278947,0.22683677442177833,1,malignant
70.4438846748934,69.0,38.565872406232586,1487.326514453812,0.43550025545898857,-0.20218171672440066,341819473.0,7.186289462860147,0.0,242.0,242.0,22.0,37.0,99.0,119.0,62.0,32.19367943512479,52998.0,1296.825468531916,0.9243871735637998,444.4064858567787,169.52133022857052,0.8507721449898866,0.6379920548934633,2.6215372735547353,259.7674910220179,62294.0,0.7057401671148626,0.9659210183301236,1.6356582477371766,0.2694449117306503,0.3541729785501329,0.5367054761988637,0.8905185235028443,0.8599414116866106,0.8024694469042518,0.41717775054666223,0.40800831201730614,0.39077029294123605,0.9453231818791836,0.9251486430007417,0.8731907232606801,0.17412991168191222,0.16654058130816898,0.1527802777832119,1,malignant
70.91524463195013,65.0,30.60984777217359,936.9627806356405,1.3986561892697082,3.7509969245656816,94745009.0,6.7683509046256205,10.0,233.0,223.0,38.0,49.0,86.0,111.0,37.0,23.10811622877048,15310.0,747.6650429449553,0.955320870753665,265.0595795341569,78.34384331414299,0.8485285152136562,0.5443749111079506,3.383285377911849,139.61839932435603,18043.0,0.987364727287859,1.3418125902712632,2.1289178942840294,0.27814924070250246,0.3666980110444459,0.5535457234288392,0.9032415013397685,0.8761225085371257,0.8238680551724309,0.5672864002357602,0.5603125629878491,0.5453424163545262,0.8982583311579143,0.8618036467043898,0.781140356211026,0.3218620849705074,0.3140128576486162,0.2975009401312007,1,malignant
60.37204724409449,52.0,35.77665403128216,1279.9689736740584,0.8528610833846968,0.2288138908873738,135095826.0,7.027499100078569,0.0,189.0,189.0,20.0,34.0,79.0,115.0,45.0,28.390875189157786,27432.0,859.4406922210655,0.8626600020656906,275.51681471679126,139.35206911310905,0.8594523466382605,0.6326568265682657,1.9771275480176778,186.8890237311303,31918.0,0.8122195468810038,1.1241189327448435,1.8748817835360096,0.26223760140510216,0.352090766170935,0.552810517220305,0.9011712608358569,0.8700838770209195,0.8060018379162985,0.4344312954492002,0.4227464824216674,0.39955595670208965,0.9197534950850222,0.8889188015554358,0.8145898844316211,0.18885118412864943,0.17882543797071687,0.15976136868233182,1,malignant
78.26798015318657,70.0,32.55821395499894,1060.0372959394876,0.8702395396492867,0.26678573184355514,149172389.0,6.8543579415171845,21.0,203.0,182.0,44.0,53.0,100.0,125.0,47.0,26.610073826702855,20759.0,738.541197284454,0.7635089357305325,208.7331870664811,134.79932093087422,0.8709095485819769,0.6060137206247264,1.5484735800228588,162.57668870153938,23836.0,0.9402506614482635,1.3031925417797399,2.14748145693462,0.259369737990145,0.3502454078681994,0.5501750726172141,0.9087470462102296,0.8793441396642783,0.8191445989860651,0.4294687731512643,0.4197944160120186,0.4007556536334485,0.9260327538656474,0.8974109695873465,0.8304836726711201,0.18451522229780287,0.17628183500440053,0.16065170621398647,1,malignant
29.796957840719003,25.0,20.759902682801815,430.97355939940195,1.4205823985162116,2.9414218959919776,93033065.0,6.156867798378418,0.0,189.0,189.0,8.0,16.0,39.0,58.0,23.0,15.509805403571916,70542.0,1292.7909806465098,0.717829376285467,369.84639639436637,257.49411231046713,0.8862171635322051,0.7148198814409484,1.4363295264337277,299.6946178440778,79599.0,0.2442460911783475,0.3320591254009532,0.5379083631570394,0.15847846888637734,0.20732061845375702,0.3089905982425851,0.9276240097704268,0.9064478219937102,0.8644879097958479,0.525143470190479,0.5110067916621479,0.4844545065926168,0.914970250248935,0.8843174184726877,0.8123816352386948,0.27598656808809463,0.26134064468351087,0.23489872824954156,1,malignant
46.05376094524739,41.0,26.77323709689029,716.8062246463026,1.0200384899714652,1.3820932716263652,134495404.0,6.624006564155532,0.0,192.0,192.0,17.0,26.0,61.0,80.0,35.0,21.042175997155127,47395.0,1031.1097397793778,0.8538377836004574,348.3033063282305,181.30551792947574,0.8921243835410158,0.6364649638761314,1.9210849747204803,245.65257625907984,53126.0,0.33196550125102364,0.45280978896072543,0.7416301333407993,0.17736086076406843,0.23308745802238245,0.35286966758259447,0.9224141526812597,0.8996619355579221,0.8536190804647938,0.4661153992674225,0.4557053868748614,0.4353924745211991,0.9404869217119685,0.9187901523158455,0.8669431542086499,0.21738110960241483,0.20778175463400825,0.18969313930787451,1,malignant
38.532313674659754,36.0,21.791998193135743,474.8911852496316,1.3574918165274052,3.7352992378452683,151185484.0,6.248915858593035,0.0,185.0,185.0,16.0,25.0,49.0,64.0,24.0,15.948673543597264,77150.0,1282.5128060534578,0.7722031346444698,404.8702595106774,257.24473687420004,0.886435186249052,0.7182891404737077,1.57387188725525,313.4173429731,87034.0,0.31716376566180576,0.4359894324218957,0.7253826672618837,0.178197063462043,0.23377557278404118,0.35113000030797703,0.9206474662884555,0.8975613567607472,0.8519778555776755,0.45464800475130296,0.4412970762053571,0.4170572318236809,0.9148584264762732,0.8828969577989727,0.8048544982980171,0.20689902533512997,0.19491080309654527,0.1740814010090145,1,malignant
21.00814899751745,13.0,21.15990057101722,447.74139217533497,1.8327902651058017,3.9417346963907995,79863723.0,5.791675840064952,0.0,175.0,175.0,3.0,7.0,29.0,51.0,22.0,15.888062889945516,89827.0,1540.0874452027915,0.8602264600252354,486.54279367581756,248.0940995254168,0.8404236408034954,0.6862261268143621,1.9611219880139557,338.1882443032659,106883.0,0.15784721394512466,0.21288834210889698,0.3392330676299212,0.09301820413773026,0.12139886477522471,0.1800115909392072,0.9584645769574612,0.946357341151574,0.9224726424570577,0.7127304342617937,0.7058162720244022,0.6922641266557469,0.9336850202539009,0.9106051460840598,0.8578304327388659,0.5080309132477636,0.49822254044759273,0.47927715442933516,1,malignant
68.29320667358506,63.0,36.6046802267648,1339.9026145037058,1.276617460445344,2.099612871164415,75210413.0,6.968499297399751,7.0,230.0,223.0,29.0,41.0,86.0,109.0,45.0,27.84280757427611,12527.0,587.2447327281723,0.7962725710279619,170.08508269082807,102.89093098775707,0.8866789354473387,0.6339574898785425,1.6530619468402554,126.29280176200615,14128.0,0.9054677291313205,1.255371985363179,2.034290334185944,0.2883291798413449,0.3837664197467544,0.5739729730606433,0.8913069086303884,0.8591497929962588,0.8019079964177057,0.4026451411746081,0.39109040566507464,0.3695567400733043,0.9230926116304626,0.8932728037308162,0.82643378176474,0.16218609006942009,0.15297567713674648,0.13657764903109418,1,malignant
29.353613023614955,24.0,23.236509605615705,539.9353786518709,1.393145904688916,3.055913897598356,87127196.0,6.254722922521097,0.0,189.0,189.0,5.0,12.0,42.0,59.0,30.0,18.064144961193104,62164.0,1316.4894654563445,0.8700456356359555,410.26948687641493,202.2510362260635,0.8749700902219657,0.6155521888522513,2.0285161180476794,281.3354991090116,71047.0,0.2082473750477003,0.2841922642492611,0.47025471879105674,0.12263133410016724,0.15970893821438395,0.23996580462748113,0.9455633428484328,0.9302752012738945,0.8990194889313764,0.6140160010923574,0.6058736500422331,0.5894902916796066,0.9324625822587169,0.9079160757813313,0.8480542235399599,0.3770976771035145,0.36717230880564894,0.3476062559053897,1,malignant
106.86261558784676,107.0,37.6036525650027,1414.034686229434,0.17638132181889232,-0.9120253888426659,106865831.0,7.1310173892037,32.0,210.0,178.0,58.0,74.0,137.0,155.0,63.0,32.40078375020762,8327.0,414.57568516986015,0.7589556655362849,131.8975911849511,85.88410118245557,0.907673860911271,0.6049840162743388,1.5357626076186401,102.96730398048548,9174.0,1.353806863884378,1.9052606712763143,3.183489302726812,0.37298538726421404,0.5014207098782965,0.7769230543643132,0.8690977343634109,0.8309184042831395,0.7580571033690269,0.4072337890857736,0.39654906516479327,0.3751619174144228,0.9387826449022545,0.9137260261386392,0.8552238862520003,0.1659060796617832,0.1572931109349743,0.14078113593200506,1,malignant
41.749912595454965,35.0,30.235130957643463,914.1631440258502,1.108329192398321,1.617562005882923,144406531.0,6.703474842565456,0.0,203.0,203.0,9.0,18.0,61.0,81.0,43.0,24.138486688141896,54345.0,1247.0996385116111,0.6818931989240604,324.2849254504511,237.19877681410924,0.8143891145045031,0.6035516758845872,1.367144172520715,263.04791019628425,66731.0,0.342289646915959,0.4683173636414695,0.762981604072754,0.16749491238932535,0.22209069735281484,0.3372301062810984,0.9281023086259687,0.9059464324897769,0.861779492439767,0.5362382675670664,0.5252987642066841,0.5039752127830579,0.9405235859814154,0.918662159475331,0.8676946880637523,0.2876395365490088,0.27602092287824875,0.25405771027584234,1,malignant
63.753034063326695,62.0,38.14291432088825,1454.8819128906223,0.6092810630667949,0.07719895414520517,404754639.0,7.163974536116196,0.0,226.0,226.0,17.0,33.0,88.0,116.0,55.0,31.03860896367681,73334.0,1326.9930367938127,0.780637129036849,407.7837683616165,254.8585500831816,0.8396574228858,0.6148054996646546,1.600039583637758,305.5679118847534,87338.0,0.4750537527771691,0.6588376712153603,1.086370428918853,0.1751490711390128,0.23497361080214446,0.36489994796290537,0.9283387741087155,0.9052904545172896,0.8578412468555962,0.4639006250637352,0.4560482844354194,0.4405420338194624,0.9583256053061683,0.9422137634308841,0.9047685578279498,0.21524747746736653,0.20801860574666325,0.19410950616495626,1,malignant
59.56095745514377,57.0,29.14514537534651,849.439498950082,0.6872043201740161,0.34078952780266825,112236473.0,6.818580536216343,0.0,178.0,178.0,25.0,38.0,77.0,100.0,39.0,23.084601591847033,25526.0,965.2935059634514,0.9132974750631349,310.8262008440724,126.59738702565566,0.7981364517541117,0.5353607382550336,2.455233936077067,180.2795402116107,31982.0,0.5116076792850202,0.7164332050485975,1.2152112234672088,0.2279405561180342,0.30379467861415194,0.4642379658885163,0.9069119036422224,0.8790992274952916,0.8261011230354424,0.49561022251427206,0.486701683353452,0.46932110451160675,0.9345829509068174,0.9084556294758791,0.8449731315929582,0.2456919467165407,0.2369348960793487,0.2203219715548999,1,malignant
33.75686410803833,29.0,25.221411046408395,636.1195751718914,0.95539714552138,0.9570630788959962,35763275.0,6.430055530144832,0.0,148.0,148.0,5.0,13.0,50.0,68.0,37.0,20.30990843780285,20141.0,726.98484809835,0.7772713242541316,213.4303294712744,134.2830104903126,0.8127597756345587,0.5892282487859107,1.5894067960791782,160.1384328339419,24781.0,0.3169776340856902,0.4297122510859454,0.6878176107576478,0.15233628136430846,0.20121430509851898,0.3044345941555503,0.9364592933460073,0.9170356503058219,0.8777873955861304,0.5944760209788807,0.584743736714139,0.5648848688360774,0.9156039419363965,0.8856725326208832,0.8175003509557961,0.3534641637509683,0.3419804758860865,0.3191396226323733,1,malignant
35.44537302220762,31.0,26.512233060958007,702.8985018785547,0.939726841422392,0.7051863495311825,41730555.0,6.50444314140495,0.0,164.0,164.0,5.0,14.0,51.0,72.0,37.0,21.24653088004796,21299.0,738.2508293825823,0.6636549568920327,199.07792913878905,148.9180221239161,0.8369616472807293,0.6274007305290444,1.3368289902019677,164.67765198506515,25448.0,0.4386932181836223,0.5926026788160491,0.9646014118668922,0.1865209323796631,0.24553651482109512,0.3753259715023761,0.9252185968576538,0.9031298330065135,0.8575337493040767,0.5604169244164329,0.5498020616081106,0.5276119337740091,0.8984098259302904,0.8627866767430825,0.7768957239888037,0.3141571587668512,0.3023536215127024,0.27844607182719044,1,malignant
33.73417254387404,31.0,20.36678358025716,414.80587340503257,0.7481019759633268,0.6793785041047173,37869693.0,6.261334038492735,0.0,136.0,136.0,9.0,19.0,47.0,60.0,28.0,16.322741331041232,24388.0,872.097546470558,0.8641294068139826,270.8440439080222,136.30759462725416,0.7588052271313006,0.5068794945338155,1.987006260719885,176.2151129074948,32140.0,0.19789561681397677,0.26559968892183006,0.411312923404709,0.11348125517361723,0.14911630041238938,0.22212462223432555,0.9501051904525565,0.9349393506302025,0.9046797975849509,0.6114655093410344,0.6031605851218754,0.5864051056448274,0.9262442286349603,0.9010207835116532,0.8468183967697164,0.3739352432580823,0.36383152436446026,0.3438926515852937,1,malignant
52.37609210418878,51.0,31.528454074501113,994.0434163279258,0.4386247308978139,0.13156428371140372,274624164.0,6.85301537425685,0.0,194.0,194.0,9.0,30.0,72.0,93.0,42.0,25.18009421388114,73479.0,1220.7909806465095,0.8722592416705408,442.92992097922877,216.61212127461937,0.9401220588799755,0.6826999907089102,2.044806718907873,305.8698555065455,78159.0,0.4177020026730123,0.5870866349167654,1.0048235642528274,0.233262103151838,0.30883526619564655,0.46921474106014266,0.8953481098408075,0.864751473797363,0.8054748966926243,0.4429527720780461,0.4321076075444817,0.4121680473812989,0.9450512801976129,0.9227903935185133,0.8679221344433962,0.19633464579834747,0.1868273198183959,0.17000074125175552,1,malignant
45.65499658308364,45.0,33.81886990817239,1143.7159618658877,0.9124957110117683,1.4235256382282122,61408045.0,6.758369582124297,0.0,218.0,218.0,4.0,17.0,64.0,87.0,47.0,26.472645406883554,19023.0,884.7422074112308,0.8958106019568878,257.1324192138809,114.27890598489712,0.753923589093215,0.488922586614578,2.2500427090880883,155.6304464412314,25232.0,0.5222984974408953,0.7178276782033635,1.1982529437288458,0.18734754894933076,0.24783727943763673,0.38058010484517985,0.929640737666732,0.9091532876864121,0.8678203984079095,0.6262750626799626,0.6185606721568659,0.6020085717046972,0.9175019662560785,0.8867740997916745,0.8115226738976635,0.39226649518132334,0.38266371892039236,0.3624692546812085,1,malignant
80.05943507257749,74.0,32.36351063391898,1047.3968205517867,1.2642826338854802,2.4685990413154375,76030654.0,6.839762425939211,20.0,255.0,235.0,43.0,60.0,94.0,123.0,34.0,23.84070838478339,10196.0,462.8416664540925,0.7887969306319498,148.71315751034524,91.40712048372883,0.8875348189415042,0.6466260781329275,1.626931870551784,113.93836227592408,11488.0,1.0760932837291224,1.4718414376133078,2.352725282749998,0.3015600665825923,0.40140362340248115,0.6043477214322388,0.8907095867792993,0.8579443850371272,0.7983349822992685,0.39874263422267087,0.3862435612181687,0.3629894917082601,0.9164435609844908,0.8854854795378849,0.814809944428417,0.15909392015444576,0.14925390260984045,0.13181369811188542,1,malignant
35.43109627981708,32.0,28.100076589049863,789.6143043104682,0.8833061816658351,0.760344679088822,33091816.0,6.491491977611126,0.0,171.0,171.0,3.0,11.0,53.0,73.0,42.0,22.764610918128014,16182.0,677.3868683519032,0.8196806589127271,199.06815731572362,114.03037217797987,0.8225068618481244,0.5874110643240888,1.7457467998527254,143.53941031265387,19674.0,0.42386604797219724,0.5765015055928333,0.9490918944377491,0.18762156083732276,0.24903789304494536,0.3816490566247055,0.9239247201223135,0.9005082249807711,0.8536820108511787,0.5993538625927555,0.5890202741075483,0.5673628922810576,0.9040720821353062,0.8694208058208608,0.7846461416096729,0.3592902094113417,0.3470003236113049,0.3219586572668419,1,malignant
29.283436012887744,20.0,30.52418598342823,931.7259299509163,1.4287441279397326,1.6874236811170933,132724446.0,6.185063873028686,0.0,170.0,170.0,1.0,5.0,42.0,76.0,37.0,23.519363272510233,74179.0,1523.7026688919411,0.5844177983353539,355.1487593464021,288.1864968458393,0.8460003193357816,0.7061236923018344,1.232357390902958,307.32334143196744,87682.0,0.29735284952453855,0.40491615872144887,0.652627563752707,0.1559238917014254,0.2057832454921639,0.30704494988044,0.9312312284107849,0.9102724132548978,0.8701537844906435,0.6010526614240763,0.5897175937299505,0.568499681424279,0.9407697556952852,0.9193372109631169,0.870058752629017,0.3613569079718438,0.34785510097924927,0.3232660869198638,1,malignant
18.724690023422273,12.0,22.359918676429217,499.9659632165281,2.1043373884448755,5.062749208681723,103860919.0,5.578212637380585,0.0,162.0,162.0,1.0,3.0,25.0,47.0,22.0,15.874100639590358,122106.0,1567.0407640085652,0.5059823512630311,437.1063790763304,377.0234107159523,0.9113952394814036,0.7486802170514117,1.1593613729351262,394.2970807011279,133977.0,0.17322760971629714,0.23400494945324518,0.37288496901810236,0.11342323291826173,0.1491663521206909,0.22078886514185378,0.9473674011179144,0.9313024275321479,0.9005343366157195,0.6986892767194772,0.6880624581343222,0.6680558192736993,0.9328222926695547,0.9092511235272972,0.8555119522992775,0.48824981154619973,0.4735114941804518,0.4463597718727305,1,malignant
72.63267397765706,65.0,33.266034268103084,1106.6290359266088,1.0539059500989232,0.9588137877105534,62270485.0,6.895370526590766,13.0,201.0,188.0,37.0,49.0,90.0,120.0,41.0,25.93725109585916,9756.0,496.56349186104046,0.7694565558493034,146.66141338578404,93.67252057819259,0.8025666337611056,0.5982339955849889,1.565682363200201,111.45279269016208,12156.0,1.1350614934321168,1.5720176462119904,2.658141082254677,0.3449995625486641,0.4600550411487032,0.7113912008691841,0.8734720465491271,0.8367595308712275,0.7667580846275506,0.426870530640644,0.41634459999517914,0.3961363508844509,0.9024072839061075,0.8647520147314574,0.7708488765316097,0.18230723953092803,0.1733907805669528,0.1569681365080868,1,malignant
85.55302156358151,77.0,32.081803730303854,1029.2421305897383,1.2762494940729832,1.7667756568510447,94079941.0,6.782545536119813,26.0,245.0,219.0,54.0,62.0,102.0,127.0,40.0,24.760915609965075,11269.0,504.9604614807104,0.8003007969301668,158.7576701478288,95.19089705622102,0.8920288134251564,0.6602027066611986,1.6677820575014057,119.78370686207931,12633.0,1.4219839450661045,2.0012045105998637,3.372227396684702,0.3952288365987908,0.530790470968453,0.8266583015246806,0.8592578990383837,0.818563886249581,0.739687508771568,0.38467224067400696,0.3709449805514422,0.3449798976520634,0.8988546418837828,0.8571799630491468,0.7570442873483102,0.1481540757516278,0.1377227968499452,0.11913267296855075,1,malignant
116.60229124236253,115.0,25.34002523007022,642.1168786605954,0.5049182023802335,0.2073280740712553,559276936.0,6.663538530913158,49.0,222.0,173.0,86.0,99.0,131.0,152.0,32.0,19.96436628145727,39280.0,871.0620125646252,0.7698132538889367,286.8572408968354,183.09213772179277,0.9034246417810897,0.7543401444154249,1.5667370782065637,223.635527851004,43479.0,0.720898913319153,0.9988514946190556,1.6662155316618692,0.29804913759907325,0.38985386973509745,0.5735421310056903,0.8772095621578748,0.8436242289473299,0.7844927275636888,0.34229709296435173,0.32741695359475564,0.30394167434630337,0.9609263637470209,0.9457065387139973,0.908513152915985,0.11736268763880484,0.10730460347290074,0.0924416557379675,1,malignant
25.621063228033172,22.0,21.78863803010537,474.74474720695406,1.3038840810690504,2.9462295476601525,70792865.0,5.963050881997398,0.0,180.0,180.0,1.0,8.0,38.0,53.0,30.0,17.002867829124188,62583.0,1393.3717164502532,0.9354226409052477,503.56770905981057,178.02702003729053,0.7802588270496709,0.48906341577775175,2.8286026972441065,282.2820405696414,80208.0,0.14082774502532333,0.18851584320214398,0.2918967785697445,0.09105533250296922,0.11842843132559401,0.17287521735816114,0.9583334445283113,0.9463166668933795,0.9232955014083865,0.7014272914023065,0.6946473725811582,0.6816902936889342,0.9332896840217342,0.9105249481478983,0.860877934246641,0.49203790678191994,0.4825680689556012,0.4647295103700021,1,malignant
95.86597211641018,94.0,32.32371694653183,1044.822677239509,0.2308227508917169,-0.09351112887950475,537384073.0,7.011900077484696,19.0,216.0,197.0,51.0,75.0,117.0,139.0,42.0,25.710531944930473,52504.0,934.0447686219222,0.7225164349790326,313.1444881483657,216.49361471158184,0.9599063934036601,0.7494468789699816,1.446437524568771,258.55399640457114,54697.0,0.6333359177746977,0.8776819325471785,1.4913639784343236,0.27638636596473243,0.3697743939116052,0.5759550114929186,0.8831273416756262,0.8467339520222787,0.7732320721459218,0.3244800542957359,0.31098073334935655,0.28786390561142494,0.959257393337173,0.9434441482952577,0.9033543877058955,0.1054605366209458,0.0968222194933518,0.08295258554157814,1,malignant
95.72669966940167,93.0,33.9367517725141,1151.703120869239,0.4965449078580366,0.5522319836976108,602197141.0,7.0662453607298366,19.0,255.0,236.0,52.0,73.0,116.0,140.0,43.0,26.646440163889178,58379.0,1041.5889244992065,0.7714471091637337,347.4934458177596,221.10780437922185,0.9459144158011569,0.7259624950258655,1.5716019015854086,272.6361153297451,61717.0,0.6936804961527011,0.9646355700798107,1.6675263082605847,0.270814906681339,0.3625524188865924,0.568910425319436,0.8872784469197226,0.8524720973502011,0.7817886092007978,0.33759720768617174,0.32559315716157844,0.30471262235332497,0.9578983204968144,0.9413779253548782,0.8982220672451647,0.11411096592280032,0.10610222764294902,0.09292372748094,1,malignant
79.80719231312703,75.0,42.80049257708072,1831.8821648407418,0.7637133046648061,0.5231155725487184,348233839.0,7.296002584319338,0.0,255.0,255.0,30.0,44.0,108.0,133.0,64.0,34.98305602515064,42462.0,981.7544007200505,0.859552201968975,332.02536290963167,169.68088265183002,0.889815590947192,0.623909018778101,1.956763529990105,232.51730591193524,47720.0,0.749284906614698,1.0383607704964088,1.7620477102133671,0.24231715847352728,0.32081494121406373,0.48831785976296327,0.9031059520171684,0.874896195808935,0.8216252975753022,0.4101746442083469,0.402277606951093,0.38739232620053465,0.9543486881603069,0.9367478696105638,0.8927227385674179,0.16829924340355948,0.16187031006605054,0.15011825037969068,1,malignant
69.87259940492291,67.0,29.81377747735169,888.8613274690429,1.2843325654338875,3.1114456865972846,64006621.0,6.726567124885135,11.0,223.0,212.0,35.0,49.0,83.0,105.0,34.0,22.029181658401377,11091.0,514.0904037956216,0.7478631074300464,150.1999514108148,99.7106846034871,0.8690644099670898,0.5894451530612245,1.5063576386834074,118.83391683630431,12762.0,0.9190291148801637,1.2543469854795601,2.022136451644237,0.2709861890180649,0.3600160774638815,0.5434349599753701,0.9006755156462578,0.8710847618013315,0.8165699622475422,0.4421257024108947,0.43120831914690183,0.40962540209328585,0.9088985263390922,0.8755010959452296,0.7983018452461589,0.19554233619987266,0.185972655039568,0.1678103565649511,1,malignant
80.54454315173571,80.0,44.2348217607081,1956.719456201615,0.3792155546271967,-0.5206249541600112,236680881.0,7.357757325173963,0.0,242.0,242.0,25.0,40.0,112.0,139.0,72.0,37.003561019018235,28029.0,859.9381669041239,0.8926177029569858,287.41144696921066,129.5692232009461,0.8599699321940294,0.6003212679374599,2.2182076875113346,188.9117021239867,32593.0,0.7422271553530573,1.0458755289713344,1.7861566871211148,0.27008446935856095,0.35790405127106345,0.5422377299856962,0.8922225326173694,0.8619897857894894,0.8061231983486054,0.43062497589587245,0.42236096916756827,0.4063729775381452,0.9563341077738036,0.9384878306254163,0.895057910494484,0.18548813386569302,0.1783998456001783,0.16514467317331338,1,malignant
99.58272514010166,99.0,40.4355969456881,1635.0375003541405,0.4466947161222727,-0.19428942667689686,354546515.0,7.281823702761191,11.0,255.0,244.0,50.0,67.0,124.0,155.0,57.0,33.262591947244644,30692.0,722.6000717874997,0.5958077178074501,223.51026009284539,179.50715043819625,0.960085085085085,0.7470002677245844,1.2451329072253268,197.68224024178707,31968.0,0.8620599835052742,1.2383481817508952,2.1801532356937825,0.3364532942771817,0.44792430690185164,0.6920383893437463,0.8619034840361341,0.8234944293633784,0.7489783657543749,0.3080141004499265,0.2960823592349101,0.2748204475258149,0.9557702082140369,0.9363850582063583,0.887479583121091,0.09505199452738092,0.08776836950595511,0.07561938954637126,1,malignant
59.32090348014347,47.0,39.12274948798815,1530.5895274998772,1.5278841690694964,2.5879329353654636,156268706.0,6.9775382032353095,0.0,253.0,253.0,22.0,32.0,77.0,110.0,45.0,29.64288709273348,30947.0,906.749350086167,0.8665536110374389,289.8227282349895,144.6458865396546,0.8587562782695563,0.6402474346242966,2.0036707241967417,198.5017485840341,36037.0,0.6856946028515462,0.955949612839534,1.5974555825984642,0.22495646682784493,0.2991190294344156,0.45443242350124896,0.9103239567996674,0.8837573603443994,0.8334426853074162,0.42566269101271664,0.4147673004655831,0.3944885493831169,0.9382554690062112,0.9139287673611245,0.8562767526076431,0.18127012942488233,0.17209523988299452,0.15566644630464851,1,malignant
39.82654470963747,30.0,36.93852263228735,1364.4544542560047,2.6390724153936245,9.740661932297908,61936215.0,6.607087554078944,0.0,239.0,239.0,8.0,17.0,51.0,80.0,34.0,24.916907443864577,20991.0,685.8305191657993,0.6837225701090985,203.90539444783187,148.7983388159412,0.8597583452795413,0.5757899934167215,1.3703472503147789,163.482632972239,24415.0,1.599027072263564,2.1145864521293665,2.783249074378661,0.27639600205204895,0.3564074557435262,0.4895240546855403,0.9222574595868211,0.9020362684648142,0.8628638191956406,0.5696708796601321,0.5600631621573824,0.5403561404662915,0.7800602157348986,0.7086412072774663,0.6145061274060801,0.3245862218262699,0.3137348728637595,0.2920477879552634,1,malignant
34.147801612657844,28.0,22.420828055996576,502.69353071656315,1.2699864417417155,2.058159828599119,65812789.0,6.28686677057445,0.0,164.0,164.0,11.0,18.0,46.0,64.0,28.0,17.461758388455316,39438.0,943.9503602129438,0.6967599746883323,277.21327785823513,198.8462914658075,0.8873439082011475,0.5584062526548297,1.3941083628703388,224.08485260111925,44445.0,0.2688638199498372,0.3730928896821873,0.6175549022503913,0.1560294917235686,0.2059965739041977,0.31032600809879346,0.9305800476193314,0.909974643153066,0.8694693319495507,0.5708150660743773,0.5594063699665859,0.5373508351482946,0.9163304464386044,0.8839380490812688,0.8081593499479766,0.3259741242811286,0.31308815499963144,0.28889862999349036,1,malignant
25.097519136238486,19.0,23.195584364994517,538.0351340335781,1.4882403890045048,2.728394625823338,81019820.0,6.045449476294723,0.0,167.0,167.0,2.0,8.0,36.0,57.0,28.0,17.708943228716908,69371.0,1255.5189027078675,0.8965433577951759,454.69118081526545,201.40818138087894,0.9159338773138979,0.6575200940248711,2.257560629850523,297.19673695689016,75738.0,0.22639892701474604,0.30444747407643924,0.4822015731215225,0.13219804853740139,0.17091049275580486,0.25052812125766244,0.9408491843465893,0.9245883014107239,0.892838140298011,0.63454044889866,0.6251954515702269,0.6072509069775192,0.9209687203225156,0.8936824928575011,0.8313905548974958,0.4027484817158575,0.3909776397710146,0.36886413211999647,1,malignant
26.417494861564503,21.0,22.966537843916164,527.4618605360333,1.6076704117803653,3.2921815599711186,101348359.0,6.119317029182233,0.0,151.0,151.0,3.0,10.0,36.0,56.0,26.0,16.974133373491533,82709.0,1382.7392488184003,0.9177518215093212,526.9415441650888,209.2771373355416,0.9030747057410521,0.5957144915010083,2.51791261517604,324.5125105531381,91586.0,0.18289210072796164,0.24700276372442917,0.39266118058269095,0.11489510569618026,0.14844380921004924,0.21753494036168125,0.9477805624527602,0.9334500245521301,0.9051562832570719,0.6428479310347288,0.6345629307497963,0.6184077486397853,0.9335760183661523,0.9103380032822681,0.8576882110643977,0.41334096004154397,0.40275404041294294,0.3825166393113012,1,malignant
61.653778156102675,60.0,33.64057338753054,1131.6881778418276,0.527496699535524,0.6429344480230115,150669781.0,7.008220079810536,0.0,220.0,220.0,18.0,39.0,81.0,105.0,42.0,26.232665980185804,30544.0,721.2274887854692,0.6905279451769496,233.52845695039397,168.9124674592336,0.9509636040972633,0.7147972198169947,1.3825412680491167,197.20504216269626,32119.0,0.7541013353204105,1.0453843266107883,1.7106991108459602,0.2866820636995164,0.37990808058728454,0.5699435084833879,0.884015382672728,0.8501572506551127,0.7879385129746965,0.38981278018681476,0.377006474666986,0.3542338418587909,0.9218757462040661,0.8916134148711664,0.8221235710914891,0.15206974433540166,0.1422056877731815,0.12552394240478024,1,malignant
63.31767923649907,62.0,32.780256316941355,1074.5452042043735,0.5706995322517502,0.29769120357659506,174715698.0,6.965566290178118,0.0,233.0,233.0,22.0,38.0,82.0,109.0,44.0,26.1527717125508,34368.0,810.5229073212244,0.8342319905325536,287.9373717064075,158.77258994122906,0.922333744833879,0.6999022482893451,1.8135206575202294,209.18579462635142,37262.0,0.5559189078356084,0.7466075398047898,1.1848645194839493,0.22358585827190783,0.29582110594319966,0.45031222564912743,0.9084792921620474,0.8802341144307926,0.8232866128371374,0.38579697192339496,0.3737106198881111,0.3508207819998044,0.9429033302309131,0.9232085165601509,0.8774418531174246,0.14895832183770122,0.1397645815138997,0.1231681431533582,1,malignant
66.74124835495394,62.0,38.013183759332236,1445.00213952076,0.9060892815909392,0.8183074530955707,627577786.0,7.143905765383185,0.0,224.0,224.0,24.0,40.0,86.0,121.0,46.0,29.401758241206693,106380.0,2026.598159215196,0.9479758881848667,687.7577675450779,218.94227662729895,0.8075977042907898,0.5392117107984267,3.1412743949668256,368.0315513226096,131724.0,0.44411025137344123,0.6184555496066128,1.064266200621094,0.1747722285067889,0.23437611805512248,0.3688342554136981,0.9272163859367815,0.9042300915995075,0.8564361076535287,0.5066037236319528,0.5002774828022265,0.4877202911545405,0.9611628027016959,0.9459414160458532,0.9070991636236946,0.25668590966679117,0.2503182438888752,0.237917290545877,1,malignant
65.59339040780631,65.0,25.731795276928015,662.1252881737348,0.8371540351870187,1.5195460675225547,53930647.0,6.603356953624686,10.0,200.0,190.0,34.0,46.0,79.0,98.0,33.0,19.864416767766397,10863.0,441.2031021678297,0.7187974742325525,144.0113943997145,100.11953352978456,0.9279063807978133,0.6433901918976546,1.4383945801832223,117.60612728279965,11707.0,0.7795738849611592,1.0580756830086775,1.6564907315822102,0.2686049523239512,0.3551134666489492,0.5232793172274192,0.8963531057510337,0.8658060362794048,0.811839980498742,0.4080036313626311,0.3953064571992399,0.37252444782059896,0.9057857338910924,0.871902460042491,0.7980924048133511,0.16655056538578297,0.15630498825287462,0.13878448576688646,1,malignant
106.27752441640116,110.0,55.16995412501517,3043.723838156278,-0.0027708094422731425,-0.7361885476013557,688555641.0,7.703339429197721,0.0,255.0,255.0,28.0,63.0,144.0,181.0,81.0,45.10384175790878,48021.0,1034.7077195258246,0.7060128740183303,309.1094280420768,218.91098741955062,0.8801341617638972,0.631439842209073,1.4120324963390607,247.2695617695944,54561.0,0.8848066105153607,1.247326237451253,2.1642448418673585,0.24647226841492442,0.33444552552244333,0.5356102129860958,0.9070002381747998,0.8769458729212299,0.8145198837164022,0.41831979105108885,0.41112291911599597,0.3966027044162692,0.969485747750604,0.9569773880082719,0.9253309613178624,0.1750299980507583,0.16905149085307813,0.15732163160198848,1,malignant
65.12384650415858,62.0,36.737860034212815,1349.6703598934112,0.3688376879241446,-0.20491464257868897,233253172.0,7.1324250617918015,0.0,232.0,232.0,17.0,38.0,90.0,116.0,52.0,29.931360009172618,41721.0,1063.8376618407358,0.6331241879955865,279.302650450779,216.19428154484325,0.809597733491161,0.5732323926245501,1.2919058194092232,230.4795588461062,51533.0,0.4473478987680197,0.6112745648052254,0.9964227865498244,0.16632036487556268,0.2203776403857694,0.332713399771788,0.9340130282411339,0.9139695498700144,0.8758585465675419,0.4990474295210209,0.4925608965299452,0.47967386945819357,0.9591579015038538,0.9442049150987659,0.909121864249142,0.24907130012543324,0.24263092669298295,0.23009742922547843,1,malignant
104.53770164944716,103.0,47.01408955076423,2210.3246162872783,0.1460299641232817,-0.8518312082567401,289939440.0,7.47676371766236,13.0,232.0,219.0,40.0,67.0,142.0,167.0,75.0,39.481911299656154,22068.0,693.2630226914019,0.5959453646789155,194.52449167927725,156.20802650217814,0.8748117022120034,0.5867432400095717,1.2452912698219436,167.62413392234296,25226.0,1.1128448516511764,1.5612296507024903,2.635034222213478,0.26525176858403277,0.3593690334586187,0.569022734795195,0.9082365817083489,0.8790578634340815,0.8197054873766467,0.42775812857193757,0.4207039004985619,0.40656694027869067,0.9550855477147846,0.9369811431467361,0.8935879843002973,0.18300392146767858,0.17700118982287671,0.16529967670120166,1,malignant
76.7716594224154,71.0,28.200726439183534,795.2809716976652,0.8520597145837735,0.45372862815331994,250850514.0,6.717789204891941,14.0,189.0,175.0,44.0,58.0,91.0,119.0,33.0,21.892032009747368,37501.0,815.8549057834388,0.8311331042614689,296.64593431634876,164.95694978400329,0.9702214633136707,0.7363966617574865,1.7983233486359969,218.51259956147456,38652.0,0.7324081213756366,1.0074789331751146,1.6563158628482095,0.2657269557965587,0.35177219691255135,0.5347018509454927,0.8938851492817411,0.8624787697495602,0.8009112363847544,0.35759075727068956,0.34396291353125913,0.32050741471194544,0.9301724395081963,0.9037690802786182,0.8409195522691733,0.1280620203795367,0.11844922150658128,0.10283745926485442,1,malignant
88.66519567994426,86.0,30.667889133315136,940.5194238933085,0.2867807033081128,-0.2902895036072408,454766010.0,6.952549967683215,15.0,207.0,192.0,50.0,67.0,110.0,129.0,43.0,25.02049614632794,51666.0,1178.222438151586,0.8878302900983193,413.25886756237975,190.16975835336038,0.8260744435917114,0.5005037392955399,2.1731050780139842,256.4823469915365,62544.0,0.5605638853063194,0.7722321465292254,1.2937088039707714,0.20243303695250842,0.26752355553915763,0.4057807179394839,0.9191070714992964,0.8955621067499837,0.8510006831167086,0.5148814858731137,0.5097291585541863,0.49998998741072853,0.9617132921661039,0.9472608413430468,0.9116794843840428,0.26512504797724146,0.25983667565689283,0.2500026832464187,1,malignant
103.50573551052248,104.0,34.06133401183185,1160.1744746655736,0.2465158322090598,1.0815519867642207,669707324.0,7.058020718309032,12.0,255.0,243.0,61.0,83.0,122.0,142.0,39.0,25.72271720769594,56403.0,1134.5838738653233,0.9193232112182655,435.93960286844447,171.5436646877732,0.9229749631811488,0.6524349334875651,2.541274862361712,267.9823315849337,61110.0,0.7156321298963151,1.0248063384175063,1.8166858340247505,0.30299691138848533,0.40063183409536673,0.6093108324241657,0.8743072729926227,0.8402291704177423,0.7771065759542816,0.3857533058727866,0.3763828630772101,0.36041495019166436,0.96360538527619,0.9478411855751553,0.9073227500613248,0.14892099966748265,0.14173978374342444,0.12997521205610837,1,malignant
101.85490318768032,104.0,35.50645468540434,1260.708324326672,0.19344060055331205,0.7188572829220781,669415548.0,7.120533768381069,11.0,255.0,244.0,53.0,80.0,122.0,142.0,42.0,27.1778577224051,57534.0,1108.9625535217635,0.8529349139225663,379.9382771021198,198.3343430669908,0.920131780962129,0.6235531278449733,1.9156454259350795,270.6558034973439,62528.0,0.6548486386370603,0.9423786113555349,1.6835511161407104,0.28219913005184616,0.3724739068508729,0.5667746476927908,0.8821930675363214,0.8505828170750576,0.7913576668813072,0.40670059149674676,0.39876880771038575,0.38492833220559464,0.9670587926249565,0.9525792486264597,0.9151908353553325,0.16548299205430772,0.1590628835544956,0.1482153079500367,1,malignant
103.47608134092101,105.0,33.84568469690392,1145.5303726022364,0.1803806117333788,0.9472159736026766,610266647.0,7.05686415562943,14.0,255.0,241.0,60.0,83.0,123.0,143.0,40.0,25.65354907673257,51487.0,1076.2051942088829,0.9002729916623026,395.8590222958957,172.32764026571323,0.9102271722796782,0.6552342894957877,2.2971301741584687,256.037662151058,56565.0,0.7730427056141939,1.1072216014116294,1.9319594480180609,0.3071955323546713,0.40618339576328305,0.6163288142519993,0.8744005630456234,0.8405243721695599,0.7774596598575342,0.3832735037589199,0.37370089900960374,0.35743425788191036,0.9604670003677899,0.9433274916518058,0.9008355209042567,0.1470154114799752,0.139727183814238,0.1278302569208924,1,malignant
125.89351257457896,125.0,46.16054266547919,2130.7956991715246,0.22565791432716154,-0.790410504224131,238072812.0,7.459543013568624,36.0,255.0,219.0,66.0,86.0,161.0,188.0,75.0,38.87515521612801,13241.0,568.8599564173221,0.6861061180824781,159.96311391366044,116.37340116415263,0.8005925388475724,0.5358993038691922,1.374567661625886,129.84207643070982,16539.0,1.4830207127949568,2.076780531294258,3.481650511484214,0.32093845746491034,0.43008461741736204,0.6663491659992357,0.8935908867027536,0.8629445226339993,0.8042696085577323,0.4695237782350854,0.4630272944677703,0.44945294509780953,0.9535000563637794,0.9348904386198464,0.8908355092447093,0.22047892774547362,0.2144047257304138,0.20201470620331685,1,malignant
137.96405249886857,134.0,54.4273502856673,2962.3364591187283,0.32446498797916346,-0.757414078184703,340218570.0,7.6276516370554415,35.0,255.0,220.0,69.0,92.0,174.0,219.0,82.0,45.12667303044,15467.0,631.1797615707168,0.7769267441821807,187.07640679226364,117.78162305291042,0.8105544492191594,0.5141271107565484,1.5883327291917542,140.33244827344373,19082.0,1.5313043947419378,2.1320905960807752,3.574349429579648,0.3265681581832903,0.4336222921469197,0.6696234748447373,0.8920481204982786,0.8625225094988485,0.8052235222294257,0.48684190126254745,0.48094274836966044,0.4681382958885992,0.9615882563500222,0.9465416966407006,0.910502810451508,0.23704086240661207,0.23132250600785786,0.21917332167222525,1,malignant
